ISO-10303-21;
HEADER;
FILE_DESCRIPTION ( ( 'MyCAD export' ), '2;1' );
FILE_NAME ( 'bracket', '2026-01-01T00:00:00.000Z', ( 'MyCAD' ), ( '' ), 'MyCAD', 'MyCAD', '' );
FILE_SCHEMA ( ( 'AUTOMOTIVE_DESIGN { 1 0 10303 214 1 1 1 1 }' ) );
ENDSEC;
DATA;
#0 = PRODUCT ( 'bracket', 'bracket', '', ( ) ) ;
#1 = CARTESIAN_POINT ( 'NONE', ( -35.000000, 0.000000, -25.000000 ) ) ;
#2 = VERTEX_POINT ( 'NONE', #1 ) ;
#3 = CARTESIAN_POINT ( 'NONE', ( 35.000000, 0.000000, -25.000000 ) ) ;
#4 = VERTEX_POINT ( 'NONE', #3 ) ;
#5 = CARTESIAN_POINT ( 'NONE', ( 35.000000, 0.000000, 25.000000 ) ) ;
#6 = VERTEX_POINT ( 'NONE', #5 ) ;
#9 = DIRECTION ( 'NONE', ( 1.000000, 0.000000, 0.000000 ) ) ;
#8 = VECTOR ( 'NONE', #9, 1.0 ) ;
#7 = LINE ( 'NONE', #1, #8 ) ;
#10 = EDGE_CURVE ( 'NONE', #2, #4, #7, .T. ) ;
#11 = ORIENTED_EDGE ( 'NONE', *, *, #10, .T. ) ;
#14 = DIRECTION ( 'NONE', ( 1.000000, 0.000000, 0.000000 ) ) ;
#13 = VECTOR ( 'NONE', #14, 1.0 ) ;
#12 = LINE ( 'NONE', #3, #13 ) ;
#15 = EDGE_CURVE ( 'NONE', #4, #6, #12, .T. ) ;
#16 = ORIENTED_EDGE ( 'NONE', *, *, #15, .T. ) ;
#19 = DIRECTION ( 'NONE', ( 1.000000, 0.000000, 0.000000 ) ) ;
#18 = VECTOR ( 'NONE', #19, 1.0 ) ;
#17 = LINE ( 'NONE', #5, #18 ) ;
#20 = EDGE_CURVE ( 'NONE', #6, #2, #17, .T. ) ;
#21 = ORIENTED_EDGE ( 'NONE', *, *, #20, .T. ) ;
#22 = EDGE_LOOP ( 'NONE', ( #11, #16, #21 ) ) ;
#23 = FACE_OUTER_BOUND ( 'NONE', #22, .T. ) ;
#25 = CARTESIAN_POINT ( 'NONE', ( -35.000000, 0.000000, -25.000000 ) ) ;
#26 = DIRECTION ( 'NONE', ( 0.000000, 0.000000, 1.000000 ) ) ;
#27 = DIRECTION ( 'NONE', ( 1.000000, 0.000000, 0.000000 ) ) ;
#24 = AXIS2_PLACEMENT_3D ( 'NONE', #25, #26, #27 ) ;
#28 = PLANE ( 'NONE', #24 ) ;
#29 = ADVANCED_FACE ( 'NONE', ( #23 ), #28, .T. ) ;
#30 = CARTESIAN_POINT ( 'NONE', ( -35.000000, 0.000000, -25.000000 ) ) ;
#31 = VERTEX_POINT ( 'NONE', #30 ) ;
#32 = CARTESIAN_POINT ( 'NONE', ( 35.000000, 0.000000, 25.000000 ) ) ;
#33 = VERTEX_POINT ( 'NONE', #32 ) ;
#34 = CARTESIAN_POINT ( 'NONE', ( -35.000000, 0.000000, 25.000000 ) ) ;
#35 = VERTEX_POINT ( 'NONE', #34 ) ;
#38 = DIRECTION ( 'NONE', ( 1.000000, 0.000000, 0.000000 ) ) ;
#37 = VECTOR ( 'NONE', #38, 1.0 ) ;
#36 = LINE ( 'NONE', #30, #37 ) ;
#39 = EDGE_CURVE ( 'NONE', #31, #33, #36, .T. ) ;
#40 = ORIENTED_EDGE ( 'NONE', *, *, #39, .T. ) ;
#43 = DIRECTION ( 'NONE', ( 1.000000, 0.000000, 0.000000 ) ) ;
#42 = VECTOR ( 'NONE', #43, 1.0 ) ;
#41 = LINE ( 'NONE', #32, #42 ) ;
#44 = EDGE_CURVE ( 'NONE', #33, #35, #41, .T. ) ;
#45 = ORIENTED_EDGE ( 'NONE', *, *, #44, .T. ) ;
#48 = DIRECTION ( 'NONE', ( 1.000000, 0.000000, 0.000000 ) ) ;
#47 = VECTOR ( 'NONE', #48, 1.0 ) ;
#46 = LINE ( 'NONE', #34, #47 ) ;
#49 = EDGE_CURVE ( 'NONE', #35, #31, #46, .T. ) ;
#50 = ORIENTED_EDGE ( 'NONE', *, *, #49, .T. ) ;
#51 = EDGE_LOOP ( 'NONE', ( #40, #45, #50 ) ) ;
#52 = FACE_OUTER_BOUND ( 'NONE', #51, .T. ) ;
#54 = CARTESIAN_POINT ( 'NONE', ( -35.000000, 0.000000, -25.000000 ) ) ;
#55 = DIRECTION ( 'NONE', ( 0.000000, 0.000000, 1.000000 ) ) ;
#56 = DIRECTION ( 'NONE', ( 1.000000, 0.000000, 0.000000 ) ) ;
#53 = AXIS2_PLACEMENT_3D ( 'NONE', #54, #55, #56 ) ;
#57 = PLANE ( 'NONE', #53 ) ;
#58 = ADVANCED_FACE ( 'NONE', ( #52 ), #57, .T. ) ;
#59 = CARTESIAN_POINT ( 'NONE', ( -35.000000, 10.000000, -25.000000 ) ) ;
#60 = VERTEX_POINT ( 'NONE', #59 ) ;
#61 = CARTESIAN_POINT ( 'NONE', ( -35.000000, 10.000000, 25.000000 ) ) ;
#62 = VERTEX_POINT ( 'NONE', #61 ) ;
#63 = CARTESIAN_POINT ( 'NONE', ( 35.000000, 10.000000, 25.000000 ) ) ;
#64 = VERTEX_POINT ( 'NONE', #63 ) ;
#67 = DIRECTION ( 'NONE', ( 1.000000, 0.000000, 0.000000 ) ) ;
#66 = VECTOR ( 'NONE', #67, 1.0 ) ;
#65 = LINE ( 'NONE', #59, #66 ) ;
#68 = EDGE_CURVE ( 'NONE', #60, #62, #65, .T. ) ;
#69 = ORIENTED_EDGE ( 'NONE', *, *, #68, .T. ) ;
#72 = DIRECTION ( 'NONE', ( 1.000000, 0.000000, 0.000000 ) ) ;
#71 = VECTOR ( 'NONE', #72, 1.0 ) ;
#70 = LINE ( 'NONE', #61, #71 ) ;
#73 = EDGE_CURVE ( 'NONE', #62, #64, #70, .T. ) ;
#74 = ORIENTED_EDGE ( 'NONE', *, *, #73, .T. ) ;
#77 = DIRECTION ( 'NONE', ( 1.000000, 0.000000, 0.000000 ) ) ;
#76 = VECTOR ( 'NONE', #77, 1.0 ) ;
#75 = LINE ( 'NONE', #63, #76 ) ;
#78 = EDGE_CURVE ( 'NONE', #64, #60, #75, .T. ) ;
#79 = ORIENTED_EDGE ( 'NONE', *, *, #78, .T. ) ;
#80 = EDGE_LOOP ( 'NONE', ( #69, #74, #79 ) ) ;
#81 = FACE_OUTER_BOUND ( 'NONE', #80, .T. ) ;
#83 = CARTESIAN_POINT ( 'NONE', ( -35.000000, 10.000000, -25.000000 ) ) ;
#84 = DIRECTION ( 'NONE', ( 0.000000, 0.000000, 1.000000 ) ) ;
#85 = DIRECTION ( 'NONE', ( 1.000000, 0.000000, 0.000000 ) ) ;
#82 = AXIS2_PLACEMENT_3D ( 'NONE', #83, #84, #85 ) ;
#86 = PLANE ( 'NONE', #82 ) ;
#87 = ADVANCED_FACE ( 'NONE', ( #81 ), #86, .T. ) ;
#88 = CARTESIAN_POINT ( 'NONE', ( -35.000000, 10.000000, -25.000000 ) ) ;
#89 = VERTEX_POINT ( 'NONE', #88 ) ;
#90 = CARTESIAN_POINT ( 'NONE', ( 35.000000, 10.000000, 25.000000 ) ) ;
#91 = VERTEX_POINT ( 'NONE', #90 ) ;
#92 = CARTESIAN_POINT ( 'NONE', ( 35.000000, 10.000000, -25.000000 ) ) ;
#93 = VERTEX_POINT ( 'NONE', #92 ) ;
#96 = DIRECTION ( 'NONE', ( 1.000000, 0.000000, 0.000000 ) ) ;
#95 = VECTOR ( 'NONE', #96, 1.0 ) ;
#94 = LINE ( 'NONE', #88, #95 ) ;
#97 = EDGE_CURVE ( 'NONE', #89, #91, #94, .T. ) ;
#98 = ORIENTED_EDGE ( 'NONE', *, *, #97, .T. ) ;
#101 = DIRECTION ( 'NONE', ( 1.000000, 0.000000, 0.000000 ) ) ;
#100 = VECTOR ( 'NONE', #101, 1.0 ) ;
#99 = LINE ( 'NONE', #90, #100 ) ;
#102 = EDGE_CURVE ( 'NONE', #91, #93, #99, .T. ) ;
#103 = ORIENTED_EDGE ( 'NONE', *, *, #102, .T. ) ;
#106 = DIRECTION ( 'NONE', ( 1.000000, 0.000000, 0.000000 ) ) ;
#105 = VECTOR ( 'NONE', #106, 1.0 ) ;
#104 = LINE ( 'NONE', #92, #105 ) ;
#107 = EDGE_CURVE ( 'NONE', #93, #89, #104, .T. ) ;
#108 = ORIENTED_EDGE ( 'NONE', *, *, #107, .T. ) ;
#109 = EDGE_LOOP ( 'NONE', ( #98, #103, #108 ) ) ;
#110 = FACE_OUTER_BOUND ( 'NONE', #109, .T. ) ;
#112 = CARTESIAN_POINT ( 'NONE', ( -35.000000, 10.000000, -25.000000 ) ) ;
#113 = DIRECTION ( 'NONE', ( 0.000000, 0.000000, 1.000000 ) ) ;
#114 = DIRECTION ( 'NONE', ( 1.000000, 0.000000, 0.000000 ) ) ;
#111 = AXIS2_PLACEMENT_3D ( 'NONE', #112, #113, #114 ) ;
#115 = PLANE ( 'NONE', #111 ) ;
#116 = ADVANCED_FACE ( 'NONE', ( #110 ), #115, .T. ) ;
#117 = CARTESIAN_POINT ( 'NONE', ( -35.000000, 0.000000, -25.000000 ) ) ;
#118 = VERTEX_POINT ( 'NONE', #117 ) ;
#119 = CARTESIAN_POINT ( 'NONE', ( -35.000000, 0.000000, 25.000000 ) ) ;
#120 = VERTEX_POINT ( 'NONE', #119 ) ;
#121 = CARTESIAN_POINT ( 'NONE', ( -35.000000, 10.000000, 25.000000 ) ) ;
#122 = VERTEX_POINT ( 'NONE', #121 ) ;
#125 = DIRECTION ( 'NONE', ( 1.000000, 0.000000, 0.000000 ) ) ;
#124 = VECTOR ( 'NONE', #125, 1.0 ) ;
#123 = LINE ( 'NONE', #117, #124 ) ;
#126 = EDGE_CURVE ( 'NONE', #118, #120, #123, .T. ) ;
#127 = ORIENTED_EDGE ( 'NONE', *, *, #126, .T. ) ;
#130 = DIRECTION ( 'NONE', ( 1.000000, 0.000000, 0.000000 ) ) ;
#129 = VECTOR ( 'NONE', #130, 1.0 ) ;
#128 = LINE ( 'NONE', #119, #129 ) ;
#131 = EDGE_CURVE ( 'NONE', #120, #122, #128, .T. ) ;
#132 = ORIENTED_EDGE ( 'NONE', *, *, #131, .T. ) ;
#135 = DIRECTION ( 'NONE', ( 1.000000, 0.000000, 0.000000 ) ) ;
#134 = VECTOR ( 'NONE', #135, 1.0 ) ;
#133 = LINE ( 'NONE', #121, #134 ) ;
#136 = EDGE_CURVE ( 'NONE', #122, #118, #133, .T. ) ;
#137 = ORIENTED_EDGE ( 'NONE', *, *, #136, .T. ) ;
#138 = EDGE_LOOP ( 'NONE', ( #127, #132, #137 ) ) ;
#139 = FACE_OUTER_BOUND ( 'NONE', #138, .T. ) ;
#141 = CARTESIAN_POINT ( 'NONE', ( -35.000000, 0.000000, -25.000000 ) ) ;
#142 = DIRECTION ( 'NONE', ( 0.000000, 0.000000, 1.000000 ) ) ;
#143 = DIRECTION ( 'NONE', ( 1.000000, 0.000000, 0.000000 ) ) ;
#140 = AXIS2_PLACEMENT_3D ( 'NONE', #141, #142, #143 ) ;
#144 = PLANE ( 'NONE', #140 ) ;
#145 = ADVANCED_FACE ( 'NONE', ( #139 ), #144, .T. ) ;
#146 = CARTESIAN_POINT ( 'NONE', ( -35.000000, 0.000000, -25.000000 ) ) ;
#147 = VERTEX_POINT ( 'NONE', #146 ) ;
#148 = CARTESIAN_POINT ( 'NONE', ( -35.000000, 10.000000, 25.000000 ) ) ;
#149 = VERTEX_POINT ( 'NONE', #148 ) ;
#150 = CARTESIAN_POINT ( 'NONE', ( -35.000000, 10.000000, -25.000000 ) ) ;
#151 = VERTEX_POINT ( 'NONE', #150 ) ;
#154 = DIRECTION ( 'NONE', ( 1.000000, 0.000000, 0.000000 ) ) ;
#153 = VECTOR ( 'NONE', #154, 1.0 ) ;
#152 = LINE ( 'NONE', #146, #153 ) ;
#155 = EDGE_CURVE ( 'NONE', #147, #149, #152, .T. ) ;
#156 = ORIENTED_EDGE ( 'NONE', *, *, #155, .T. ) ;
#159 = DIRECTION ( 'NONE', ( 1.000000, 0.000000, 0.000000 ) ) ;
#158 = VECTOR ( 'NONE', #159, 1.0 ) ;
#157 = LINE ( 'NONE', #148, #158 ) ;
#160 = EDGE_CURVE ( 'NONE', #149, #151, #157, .T. ) ;
#161 = ORIENTED_EDGE ( 'NONE', *, *, #160, .T. ) ;
#164 = DIRECTION ( 'NONE', ( 1.000000, 0.000000, 0.000000 ) ) ;
#163 = VECTOR ( 'NONE', #164, 1.0 ) ;
#162 = LINE ( 'NONE', #150, #163 ) ;
#165 = EDGE_CURVE ( 'NONE', #151, #147, #162, .T. ) ;
#166 = ORIENTED_EDGE ( 'NONE', *, *, #165, .T. ) ;
#167 = EDGE_LOOP ( 'NONE', ( #156, #161, #166 ) ) ;
#168 = FACE_OUTER_BOUND ( 'NONE', #167, .T. ) ;
#170 = CARTESIAN_POINT ( 'NONE', ( -35.000000, 0.000000, -25.000000 ) ) ;
#171 = DIRECTION ( 'NONE', ( 0.000000, 0.000000, 1.000000 ) ) ;
#172 = DIRECTION ( 'NONE', ( 1.000000, 0.000000, 0.000000 ) ) ;
#169 = AXIS2_PLACEMENT_3D ( 'NONE', #170, #171, #172 ) ;
#173 = PLANE ( 'NONE', #169 ) ;
#174 = ADVANCED_FACE ( 'NONE', ( #168 ), #173, .T. ) ;
#175 = CARTESIAN_POINT ( 'NONE', ( 35.000000, 0.000000, -25.000000 ) ) ;
#176 = VERTEX_POINT ( 'NONE', #175 ) ;
#177 = CARTESIAN_POINT ( 'NONE', ( 35.000000, 10.000000, -25.000000 ) ) ;
#178 = VERTEX_POINT ( 'NONE', #177 ) ;
#179 = CARTESIAN_POINT ( 'NONE', ( 35.000000, 10.000000, 25.000000 ) ) ;
#180 = VERTEX_POINT ( 'NONE', #179 ) ;
#183 = DIRECTION ( 'NONE', ( 1.000000, 0.000000, 0.000000 ) ) ;
#182 = VECTOR ( 'NONE', #183, 1.0 ) ;
#181 = LINE ( 'NONE', #175, #182 ) ;
#184 = EDGE_CURVE ( 'NONE', #176, #178, #181, .T. ) ;
#185 = ORIENTED_EDGE ( 'NONE', *, *, #184, .T. ) ;
#188 = DIRECTION ( 'NONE', ( 1.000000, 0.000000, 0.000000 ) ) ;
#187 = VECTOR ( 'NONE', #188, 1.0 ) ;
#186 = LINE ( 'NONE', #177, #187 ) ;
#189 = EDGE_CURVE ( 'NONE', #178, #180, #186, .T. ) ;
#190 = ORIENTED_EDGE ( 'NONE', *, *, #189, .T. ) ;
#193 = DIRECTION ( 'NONE', ( 1.000000, 0.000000, 0.000000 ) ) ;
#192 = VECTOR ( 'NONE', #193, 1.0 ) ;
#191 = LINE ( 'NONE', #179, #192 ) ;
#194 = EDGE_CURVE ( 'NONE', #180, #176, #191, .T. ) ;
#195 = ORIENTED_EDGE ( 'NONE', *, *, #194, .T. ) ;
#196 = EDGE_LOOP ( 'NONE', ( #185, #190, #195 ) ) ;
#197 = FACE_OUTER_BOUND ( 'NONE', #196, .T. ) ;
#199 = CARTESIAN_POINT ( 'NONE', ( 35.000000, 0.000000, -25.000000 ) ) ;
#200 = DIRECTION ( 'NONE', ( 0.000000, 0.000000, 1.000000 ) ) ;
#201 = DIRECTION ( 'NONE', ( 1.000000, 0.000000, 0.000000 ) ) ;
#198 = AXIS2_PLACEMENT_3D ( 'NONE', #199, #200, #201 ) ;
#202 = PLANE ( 'NONE', #198 ) ;
#203 = ADVANCED_FACE ( 'NONE', ( #197 ), #202, .T. ) ;
#204 = CARTESIAN_POINT ( 'NONE', ( 35.000000, 0.000000, -25.000000 ) ) ;
#205 = VERTEX_POINT ( 'NONE', #204 ) ;
#206 = CARTESIAN_POINT ( 'NONE', ( 35.000000, 10.000000, 25.000000 ) ) ;
#207 = VERTEX_POINT ( 'NONE', #206 ) ;
#208 = CARTESIAN_POINT ( 'NONE', ( 35.000000, 0.000000, 25.000000 ) ) ;
#209 = VERTEX_POINT ( 'NONE', #208 ) ;
#212 = DIRECTION ( 'NONE', ( 1.000000, 0.000000, 0.000000 ) ) ;
#211 = VECTOR ( 'NONE', #212, 1.0 ) ;
#210 = LINE ( 'NONE', #204, #211 ) ;
#213 = EDGE_CURVE ( 'NONE', #205, #207, #210, .T. ) ;
#214 = ORIENTED_EDGE ( 'NONE', *, *, #213, .T. ) ;
#217 = DIRECTION ( 'NONE', ( 1.000000, 0.000000, 0.000000 ) ) ;
#216 = VECTOR ( 'NONE', #217, 1.0 ) ;
#215 = LINE ( 'NONE', #206, #216 ) ;
#218 = EDGE_CURVE ( 'NONE', #207, #209, #215, .T. ) ;
#219 = ORIENTED_EDGE ( 'NONE', *, *, #218, .T. ) ;
#222 = DIRECTION ( 'NONE', ( 1.000000, 0.000000, 0.000000 ) ) ;
#221 = VECTOR ( 'NONE', #222, 1.0 ) ;
#220 = LINE ( 'NONE', #208, #221 ) ;
#223 = EDGE_CURVE ( 'NONE', #209, #205, #220, .T. ) ;
#224 = ORIENTED_EDGE ( 'NONE', *, *, #223, .T. ) ;
#225 = EDGE_LOOP ( 'NONE', ( #214, #219, #224 ) ) ;
#226 = FACE_OUTER_BOUND ( 'NONE', #225, .T. ) ;
#228 = CARTESIAN_POINT ( 'NONE', ( 35.000000, 0.000000, -25.000000 ) ) ;
#229 = DIRECTION ( 'NONE', ( 0.000000, 0.000000, 1.000000 ) ) ;
#230 = DIRECTION ( 'NONE', ( 1.000000, 0.000000, 0.000000 ) ) ;
#227 = AXIS2_PLACEMENT_3D ( 'NONE', #228, #229, #230 ) ;
#231 = PLANE ( 'NONE', #227 ) ;
#232 = ADVANCED_FACE ( 'NONE', ( #226 ), #231, .T. ) ;
#233 = CARTESIAN_POINT ( 'NONE', ( -35.000000, 0.000000, -25.000000 ) ) ;
#234 = VERTEX_POINT ( 'NONE', #233 ) ;
#235 = CARTESIAN_POINT ( 'NONE', ( -35.000000, 10.000000, -25.000000 ) ) ;
#236 = VERTEX_POINT ( 'NONE', #235 ) ;
#237 = CARTESIAN_POINT ( 'NONE', ( 35.000000, 10.000000, -25.000000 ) ) ;
#238 = VERTEX_POINT ( 'NONE', #237 ) ;
#241 = DIRECTION ( 'NONE', ( 1.000000, 0.000000, 0.000000 ) ) ;
#240 = VECTOR ( 'NONE', #241, 1.0 ) ;
#239 = LINE ( 'NONE', #233, #240 ) ;
#242 = EDGE_CURVE ( 'NONE', #234, #236, #239, .T. ) ;
#243 = ORIENTED_EDGE ( 'NONE', *, *, #242, .T. ) ;
#246 = DIRECTION ( 'NONE', ( 1.000000, 0.000000, 0.000000 ) ) ;
#245 = VECTOR ( 'NONE', #246, 1.0 ) ;
#244 = LINE ( 'NONE', #235, #245 ) ;
#247 = EDGE_CURVE ( 'NONE', #236, #238, #244, .T. ) ;
#248 = ORIENTED_EDGE ( 'NONE', *, *, #247, .T. ) ;
#251 = DIRECTION ( 'NONE', ( 1.000000, 0.000000, 0.000000 ) ) ;
#250 = VECTOR ( 'NONE', #251, 1.0 ) ;
#249 = LINE ( 'NONE', #237, #250 ) ;
#252 = EDGE_CURVE ( 'NONE', #238, #234, #249, .T. ) ;
#253 = ORIENTED_EDGE ( 'NONE', *, *, #252, .T. ) ;
#254 = EDGE_LOOP ( 'NONE', ( #243, #248, #253 ) ) ;
#255 = FACE_OUTER_BOUND ( 'NONE', #254, .T. ) ;
#257 = CARTESIAN_POINT ( 'NONE', ( -35.000000, 0.000000, -25.000000 ) ) ;
#258 = DIRECTION ( 'NONE', ( 0.000000, 0.000000, 1.000000 ) ) ;
#259 = DIRECTION ( 'NONE', ( 1.000000, 0.000000, 0.000000 ) ) ;
#256 = AXIS2_PLACEMENT_3D ( 'NONE', #257, #258, #259 ) ;
#260 = PLANE ( 'NONE', #256 ) ;
#261 = ADVANCED_FACE ( 'NONE', ( #255 ), #260, .T. ) ;
#262 = CARTESIAN_POINT ( 'NONE', ( -35.000000, 0.000000, -25.000000 ) ) ;
#263 = VERTEX_POINT ( 'NONE', #262 ) ;
#264 = CARTESIAN_POINT ( 'NONE', ( 35.000000, 10.000000, -25.000000 ) ) ;
#265 = VERTEX_POINT ( 'NONE', #264 ) ;
#266 = CARTESIAN_POINT ( 'NONE', ( 35.000000, 0.000000, -25.000000 ) ) ;
#267 = VERTEX_POINT ( 'NONE', #266 ) ;
#270 = DIRECTION ( 'NONE', ( 1.000000, 0.000000, 0.000000 ) ) ;
#269 = VECTOR ( 'NONE', #270, 1.0 ) ;
#268 = LINE ( 'NONE', #262, #269 ) ;
#271 = EDGE_CURVE ( 'NONE', #263, #265, #268, .T. ) ;
#272 = ORIENTED_EDGE ( 'NONE', *, *, #271, .T. ) ;
#275 = DIRECTION ( 'NONE', ( 1.000000, 0.000000, 0.000000 ) ) ;
#274 = VECTOR ( 'NONE', #275, 1.0 ) ;
#273 = LINE ( 'NONE', #264, #274 ) ;
#276 = EDGE_CURVE ( 'NONE', #265, #267, #273, .T. ) ;
#277 = ORIENTED_EDGE ( 'NONE', *, *, #276, .T. ) ;
#280 = DIRECTION ( 'NONE', ( 1.000000, 0.000000, 0.000000 ) ) ;
#279 = VECTOR ( 'NONE', #280, 1.0 ) ;
#278 = LINE ( 'NONE', #266, #279 ) ;
#281 = EDGE_CURVE ( 'NONE', #267, #263, #278, .T. ) ;
#282 = ORIENTED_EDGE ( 'NONE', *, *, #281, .T. ) ;
#283 = EDGE_LOOP ( 'NONE', ( #272, #277, #282 ) ) ;
#284 = FACE_OUTER_BOUND ( 'NONE', #283, .T. ) ;
#286 = CARTESIAN_POINT ( 'NONE', ( -35.000000, 0.000000, -25.000000 ) ) ;
#287 = DIRECTION ( 'NONE', ( 0.000000, 0.000000, 1.000000 ) ) ;
#288 = DIRECTION ( 'NONE', ( 1.000000, 0.000000, 0.000000 ) ) ;
#285 = AXIS2_PLACEMENT_3D ( 'NONE', #286, #287, #288 ) ;
#289 = PLANE ( 'NONE', #285 ) ;
#290 = ADVANCED_FACE ( 'NONE', ( #284 ), #289, .T. ) ;
#291 = CARTESIAN_POINT ( 'NONE', ( -35.000000, 0.000000, 25.000000 ) ) ;
#292 = VERTEX_POINT ( 'NONE', #291 ) ;
#293 = CARTESIAN_POINT ( 'NONE', ( 35.000000, 0.000000, 25.000000 ) ) ;
#294 = VERTEX_POINT ( 'NONE', #293 ) ;
#295 = CARTESIAN_POINT ( 'NONE', ( 35.000000, 10.000000, 25.000000 ) ) ;
#296 = VERTEX_POINT ( 'NONE', #295 ) ;
#299 = DIRECTION ( 'NONE', ( 1.000000, 0.000000, 0.000000 ) ) ;
#298 = VECTOR ( 'NONE', #299, 1.0 ) ;
#297 = LINE ( 'NONE', #291, #298 ) ;
#300 = EDGE_CURVE ( 'NONE', #292, #294, #297, .T. ) ;
#301 = ORIENTED_EDGE ( 'NONE', *, *, #300, .T. ) ;
#304 = DIRECTION ( 'NONE', ( 1.000000, 0.000000, 0.000000 ) ) ;
#303 = VECTOR ( 'NONE', #304, 1.0 ) ;
#302 = LINE ( 'NONE', #293, #303 ) ;
#305 = EDGE_CURVE ( 'NONE', #294, #296, #302, .T. ) ;
#306 = ORIENTED_EDGE ( 'NONE', *, *, #305, .T. ) ;
#309 = DIRECTION ( 'NONE', ( 1.000000, 0.000000, 0.000000 ) ) ;
#308 = VECTOR ( 'NONE', #309, 1.0 ) ;
#307 = LINE ( 'NONE', #295, #308 ) ;
#310 = EDGE_CURVE ( 'NONE', #296, #292, #307, .T. ) ;
#311 = ORIENTED_EDGE ( 'NONE', *, *, #310, .T. ) ;
#312 = EDGE_LOOP ( 'NONE', ( #301, #306, #311 ) ) ;
#313 = FACE_OUTER_BOUND ( 'NONE', #312, .T. ) ;
#315 = CARTESIAN_POINT ( 'NONE', ( -35.000000, 0.000000, 25.000000 ) ) ;
#316 = DIRECTION ( 'NONE', ( 0.000000, 0.000000, 1.000000 ) ) ;
#317 = DIRECTION ( 'NONE', ( 1.000000, 0.000000, 0.000000 ) ) ;
#314 = AXIS2_PLACEMENT_3D ( 'NONE', #315, #316, #317 ) ;
#318 = PLANE ( 'NONE', #314 ) ;
#319 = ADVANCED_FACE ( 'NONE', ( #313 ), #318, .T. ) ;
#320 = CARTESIAN_POINT ( 'NONE', ( -35.000000, 0.000000, 25.000000 ) ) ;
#321 = VERTEX_POINT ( 'NONE', #320 ) ;
#322 = CARTESIAN_POINT ( 'NONE', ( 35.000000, 10.000000, 25.000000 ) ) ;
#323 = VERTEX_POINT ( 'NONE', #322 ) ;
#324 = CARTESIAN_POINT ( 'NONE', ( -35.000000, 10.000000, 25.000000 ) ) ;
#325 = VERTEX_POINT ( 'NONE', #324 ) ;
#328 = DIRECTION ( 'NONE', ( 1.000000, 0.000000, 0.000000 ) ) ;
#327 = VECTOR ( 'NONE', #328, 1.0 ) ;
#326 = LINE ( 'NONE', #320, #327 ) ;
#329 = EDGE_CURVE ( 'NONE', #321, #323, #326, .T. ) ;
#330 = ORIENTED_EDGE ( 'NONE', *, *, #329, .T. ) ;
#333 = DIRECTION ( 'NONE', ( 1.000000, 0.000000, 0.000000 ) ) ;
#332 = VECTOR ( 'NONE', #333, 1.0 ) ;
#331 = LINE ( 'NONE', #322, #332 ) ;
#334 = EDGE_CURVE ( 'NONE', #323, #325, #331, .T. ) ;
#335 = ORIENTED_EDGE ( 'NONE', *, *, #334, .T. ) ;
#338 = DIRECTION ( 'NONE', ( 1.000000, 0.000000, 0.000000 ) ) ;
#337 = VECTOR ( 'NONE', #338, 1.0 ) ;
#336 = LINE ( 'NONE', #324, #337 ) ;
#339 = EDGE_CURVE ( 'NONE', #325, #321, #336, .T. ) ;
#340 = ORIENTED_EDGE ( 'NONE', *, *, #339, .T. ) ;
#341 = EDGE_LOOP ( 'NONE', ( #330, #335, #340 ) ) ;
#342 = FACE_OUTER_BOUND ( 'NONE', #341, .T. ) ;
#344 = CARTESIAN_POINT ( 'NONE', ( -35.000000, 0.000000, 25.000000 ) ) ;
#345 = DIRECTION ( 'NONE', ( 0.000000, 0.000000, 1.000000 ) ) ;
#346 = DIRECTION ( 'NONE', ( 1.000000, 0.000000, 0.000000 ) ) ;
#343 = AXIS2_PLACEMENT_3D ( 'NONE', #344, #345, #346 ) ;
#347 = PLANE ( 'NONE', #343 ) ;
#348 = ADVANCED_FACE ( 'NONE', ( #342 ), #347, .T. ) ;
#349 = CARTESIAN_POINT ( 'NONE', ( -35.000000, 10.000000, -25.000000 ) ) ;
#350 = VERTEX_POINT ( 'NONE', #349 ) ;
#351 = CARTESIAN_POINT ( 'NONE', ( -25.000000, 10.000000, -25.000000 ) ) ;
#352 = VERTEX_POINT ( 'NONE', #351 ) ;
#353 = CARTESIAN_POINT ( 'NONE', ( -25.000000, 10.000000, 25.000000 ) ) ;
#354 = VERTEX_POINT ( 'NONE', #353 ) ;
#357 = DIRECTION ( 'NONE', ( 1.000000, 0.000000, 0.000000 ) ) ;
#356 = VECTOR ( 'NONE', #357, 1.0 ) ;
#355 = LINE ( 'NONE', #349, #356 ) ;
#358 = EDGE_CURVE ( 'NONE', #350, #352, #355, .T. ) ;
#359 = ORIENTED_EDGE ( 'NONE', *, *, #358, .T. ) ;
#362 = DIRECTION ( 'NONE', ( 1.000000, 0.000000, 0.000000 ) ) ;
#361 = VECTOR ( 'NONE', #362, 1.0 ) ;
#360 = LINE ( 'NONE', #351, #361 ) ;
#363 = EDGE_CURVE ( 'NONE', #352, #354, #360, .T. ) ;
#364 = ORIENTED_EDGE ( 'NONE', *, *, #363, .T. ) ;
#367 = DIRECTION ( 'NONE', ( 1.000000, 0.000000, 0.000000 ) ) ;
#366 = VECTOR ( 'NONE', #367, 1.0 ) ;
#365 = LINE ( 'NONE', #353, #366 ) ;
#368 = EDGE_CURVE ( 'NONE', #354, #350, #365, .T. ) ;
#369 = ORIENTED_EDGE ( 'NONE', *, *, #368, .T. ) ;
#370 = EDGE_LOOP ( 'NONE', ( #359, #364, #369 ) ) ;
#371 = FACE_OUTER_BOUND ( 'NONE', #370, .T. ) ;
#373 = CARTESIAN_POINT ( 'NONE', ( -35.000000, 10.000000, -25.000000 ) ) ;
#374 = DIRECTION ( 'NONE', ( 0.000000, 0.000000, 1.000000 ) ) ;
#375 = DIRECTION ( 'NONE', ( 1.000000, 0.000000, 0.000000 ) ) ;
#372 = AXIS2_PLACEMENT_3D ( 'NONE', #373, #374, #375 ) ;
#376 = PLANE ( 'NONE', #372 ) ;
#377 = ADVANCED_FACE ( 'NONE', ( #371 ), #376, .T. ) ;
#378 = CARTESIAN_POINT ( 'NONE', ( -35.000000, 10.000000, -25.000000 ) ) ;
#379 = VERTEX_POINT ( 'NONE', #378 ) ;
#380 = CARTESIAN_POINT ( 'NONE', ( -25.000000, 10.000000, 25.000000 ) ) ;
#381 = VERTEX_POINT ( 'NONE', #380 ) ;
#382 = CARTESIAN_POINT ( 'NONE', ( -35.000000, 10.000000, 25.000000 ) ) ;
#383 = VERTEX_POINT ( 'NONE', #382 ) ;
#386 = DIRECTION ( 'NONE', ( 1.000000, 0.000000, 0.000000 ) ) ;
#385 = VECTOR ( 'NONE', #386, 1.0 ) ;
#384 = LINE ( 'NONE', #378, #385 ) ;
#387 = EDGE_CURVE ( 'NONE', #379, #381, #384, .T. ) ;
#388 = ORIENTED_EDGE ( 'NONE', *, *, #387, .T. ) ;
#391 = DIRECTION ( 'NONE', ( 1.000000, 0.000000, 0.000000 ) ) ;
#390 = VECTOR ( 'NONE', #391, 1.0 ) ;
#389 = LINE ( 'NONE', #380, #390 ) ;
#392 = EDGE_CURVE ( 'NONE', #381, #383, #389, .T. ) ;
#393 = ORIENTED_EDGE ( 'NONE', *, *, #392, .T. ) ;
#396 = DIRECTION ( 'NONE', ( 1.000000, 0.000000, 0.000000 ) ) ;
#395 = VECTOR ( 'NONE', #396, 1.0 ) ;
#394 = LINE ( 'NONE', #382, #395 ) ;
#397 = EDGE_CURVE ( 'NONE', #383, #379, #394, .T. ) ;
#398 = ORIENTED_EDGE ( 'NONE', *, *, #397, .T. ) ;
#399 = EDGE_LOOP ( 'NONE', ( #388, #393, #398 ) ) ;
#400 = FACE_OUTER_BOUND ( 'NONE', #399, .T. ) ;
#402 = CARTESIAN_POINT ( 'NONE', ( -35.000000, 10.000000, -25.000000 ) ) ;
#403 = DIRECTION ( 'NONE', ( 0.000000, 0.000000, 1.000000 ) ) ;
#404 = DIRECTION ( 'NONE', ( 1.000000, 0.000000, 0.000000 ) ) ;
#401 = AXIS2_PLACEMENT_3D ( 'NONE', #402, #403, #404 ) ;
#405 = PLANE ( 'NONE', #401 ) ;
#406 = ADVANCED_FACE ( 'NONE', ( #400 ), #405, .T. ) ;
#407 = CARTESIAN_POINT ( 'NONE', ( -35.000000, 65.000000, -25.000000 ) ) ;
#408 = VERTEX_POINT ( 'NONE', #407 ) ;
#409 = CARTESIAN_POINT ( 'NONE', ( -35.000000, 65.000000, 25.000000 ) ) ;
#410 = VERTEX_POINT ( 'NONE', #409 ) ;
#411 = CARTESIAN_POINT ( 'NONE', ( -25.000000, 65.000000, 25.000000 ) ) ;
#412 = VERTEX_POINT ( 'NONE', #411 ) ;
#415 = DIRECTION ( 'NONE', ( 1.000000, 0.000000, 0.000000 ) ) ;
#414 = VECTOR ( 'NONE', #415, 1.0 ) ;
#413 = LINE ( 'NONE', #407, #414 ) ;
#416 = EDGE_CURVE ( 'NONE', #408, #410, #413, .T. ) ;
#417 = ORIENTED_EDGE ( 'NONE', *, *, #416, .T. ) ;
#420 = DIRECTION ( 'NONE', ( 1.000000, 0.000000, 0.000000 ) ) ;
#419 = VECTOR ( 'NONE', #420, 1.0 ) ;
#418 = LINE ( 'NONE', #409, #419 ) ;
#421 = EDGE_CURVE ( 'NONE', #410, #412, #418, .T. ) ;
#422 = ORIENTED_EDGE ( 'NONE', *, *, #421, .T. ) ;
#425 = DIRECTION ( 'NONE', ( 1.000000, 0.000000, 0.000000 ) ) ;
#424 = VECTOR ( 'NONE', #425, 1.0 ) ;
#423 = LINE ( 'NONE', #411, #424 ) ;
#426 = EDGE_CURVE ( 'NONE', #412, #408, #423, .T. ) ;
#427 = ORIENTED_EDGE ( 'NONE', *, *, #426, .T. ) ;
#428 = EDGE_LOOP ( 'NONE', ( #417, #422, #427 ) ) ;
#429 = FACE_OUTER_BOUND ( 'NONE', #428, .T. ) ;
#431 = CARTESIAN_POINT ( 'NONE', ( -35.000000, 65.000000, -25.000000 ) ) ;
#432 = DIRECTION ( 'NONE', ( 0.000000, 0.000000, 1.000000 ) ) ;
#433 = DIRECTION ( 'NONE', ( 1.000000, 0.000000, 0.000000 ) ) ;
#430 = AXIS2_PLACEMENT_3D ( 'NONE', #431, #432, #433 ) ;
#434 = PLANE ( 'NONE', #430 ) ;
#435 = ADVANCED_FACE ( 'NONE', ( #429 ), #434, .T. ) ;
#436 = CARTESIAN_POINT ( 'NONE', ( -35.000000, 65.000000, -25.000000 ) ) ;
#437 = VERTEX_POINT ( 'NONE', #436 ) ;
#438 = CARTESIAN_POINT ( 'NONE', ( -25.000000, 65.000000, 25.000000 ) ) ;
#439 = VERTEX_POINT ( 'NONE', #438 ) ;
#440 = CARTESIAN_POINT ( 'NONE', ( -25.000000, 65.000000, -25.000000 ) ) ;
#441 = VERTEX_POINT ( 'NONE', #440 ) ;
#444 = DIRECTION ( 'NONE', ( 1.000000, 0.000000, 0.000000 ) ) ;
#443 = VECTOR ( 'NONE', #444, 1.0 ) ;
#442 = LINE ( 'NONE', #436, #443 ) ;
#445 = EDGE_CURVE ( 'NONE', #437, #439, #442, .T. ) ;
#446 = ORIENTED_EDGE ( 'NONE', *, *, #445, .T. ) ;
#449 = DIRECTION ( 'NONE', ( 1.000000, 0.000000, 0.000000 ) ) ;
#448 = VECTOR ( 'NONE', #449, 1.0 ) ;
#447 = LINE ( 'NONE', #438, #448 ) ;
#450 = EDGE_CURVE ( 'NONE', #439, #441, #447, .T. ) ;
#451 = ORIENTED_EDGE ( 'NONE', *, *, #450, .T. ) ;
#454 = DIRECTION ( 'NONE', ( 1.000000, 0.000000, 0.000000 ) ) ;
#453 = VECTOR ( 'NONE', #454, 1.0 ) ;
#452 = LINE ( 'NONE', #440, #453 ) ;
#455 = EDGE_CURVE ( 'NONE', #441, #437, #452, .T. ) ;
#456 = ORIENTED_EDGE ( 'NONE', *, *, #455, .T. ) ;
#457 = EDGE_LOOP ( 'NONE', ( #446, #451, #456 ) ) ;
#458 = FACE_OUTER_BOUND ( 'NONE', #457, .T. ) ;
#460 = CARTESIAN_POINT ( 'NONE', ( -35.000000, 65.000000, -25.000000 ) ) ;
#461 = DIRECTION ( 'NONE', ( 0.000000, 0.000000, 1.000000 ) ) ;
#462 = DIRECTION ( 'NONE', ( 1.000000, 0.000000, 0.000000 ) ) ;
#459 = AXIS2_PLACEMENT_3D ( 'NONE', #460, #461, #462 ) ;
#463 = PLANE ( 'NONE', #459 ) ;
#464 = ADVANCED_FACE ( 'NONE', ( #458 ), #463, .T. ) ;
#465 = CARTESIAN_POINT ( 'NONE', ( -35.000000, 10.000000, -25.000000 ) ) ;
#466 = VERTEX_POINT ( 'NONE', #465 ) ;
#467 = CARTESIAN_POINT ( 'NONE', ( -35.000000, 10.000000, 25.000000 ) ) ;
#468 = VERTEX_POINT ( 'NONE', #467 ) ;
#469 = CARTESIAN_POINT ( 'NONE', ( -35.000000, 65.000000, 25.000000 ) ) ;
#470 = VERTEX_POINT ( 'NONE', #469 ) ;
#473 = DIRECTION ( 'NONE', ( 1.000000, 0.000000, 0.000000 ) ) ;
#472 = VECTOR ( 'NONE', #473, 1.0 ) ;
#471 = LINE ( 'NONE', #465, #472 ) ;
#474 = EDGE_CURVE ( 'NONE', #466, #468, #471, .T. ) ;
#475 = ORIENTED_EDGE ( 'NONE', *, *, #474, .T. ) ;
#478 = DIRECTION ( 'NONE', ( 1.000000, 0.000000, 0.000000 ) ) ;
#477 = VECTOR ( 'NONE', #478, 1.0 ) ;
#476 = LINE ( 'NONE', #467, #477 ) ;
#479 = EDGE_CURVE ( 'NONE', #468, #470, #476, .T. ) ;
#480 = ORIENTED_EDGE ( 'NONE', *, *, #479, .T. ) ;
#483 = DIRECTION ( 'NONE', ( 1.000000, 0.000000, 0.000000 ) ) ;
#482 = VECTOR ( 'NONE', #483, 1.0 ) ;
#481 = LINE ( 'NONE', #469, #482 ) ;
#484 = EDGE_CURVE ( 'NONE', #470, #466, #481, .T. ) ;
#485 = ORIENTED_EDGE ( 'NONE', *, *, #484, .T. ) ;
#486 = EDGE_LOOP ( 'NONE', ( #475, #480, #485 ) ) ;
#487 = FACE_OUTER_BOUND ( 'NONE', #486, .T. ) ;
#489 = CARTESIAN_POINT ( 'NONE', ( -35.000000, 10.000000, -25.000000 ) ) ;
#490 = DIRECTION ( 'NONE', ( 0.000000, 0.000000, 1.000000 ) ) ;
#491 = DIRECTION ( 'NONE', ( 1.000000, 0.000000, 0.000000 ) ) ;
#488 = AXIS2_PLACEMENT_3D ( 'NONE', #489, #490, #491 ) ;
#492 = PLANE ( 'NONE', #488 ) ;
#493 = ADVANCED_FACE ( 'NONE', ( #487 ), #492, .T. ) ;
#494 = CARTESIAN_POINT ( 'NONE', ( -35.000000, 10.000000, -25.000000 ) ) ;
#495 = VERTEX_POINT ( 'NONE', #494 ) ;
#496 = CARTESIAN_POINT ( 'NONE', ( -35.000000, 65.000000, 25.000000 ) ) ;
#497 = VERTEX_POINT ( 'NONE', #496 ) ;
#498 = CARTESIAN_POINT ( 'NONE', ( -35.000000, 65.000000, -25.000000 ) ) ;
#499 = VERTEX_POINT ( 'NONE', #498 ) ;
#502 = DIRECTION ( 'NONE', ( 1.000000, 0.000000, 0.000000 ) ) ;
#501 = VECTOR ( 'NONE', #502, 1.0 ) ;
#500 = LINE ( 'NONE', #494, #501 ) ;
#503 = EDGE_CURVE ( 'NONE', #495, #497, #500, .T. ) ;
#504 = ORIENTED_EDGE ( 'NONE', *, *, #503, .T. ) ;
#507 = DIRECTION ( 'NONE', ( 1.000000, 0.000000, 0.000000 ) ) ;
#506 = VECTOR ( 'NONE', #507, 1.0 ) ;
#505 = LINE ( 'NONE', #496, #506 ) ;
#508 = EDGE_CURVE ( 'NONE', #497, #499, #505, .T. ) ;
#509 = ORIENTED_EDGE ( 'NONE', *, *, #508, .T. ) ;
#512 = DIRECTION ( 'NONE', ( 1.000000, 0.000000, 0.000000 ) ) ;
#511 = VECTOR ( 'NONE', #512, 1.0 ) ;
#510 = LINE ( 'NONE', #498, #511 ) ;
#513 = EDGE_CURVE ( 'NONE', #499, #495, #510, .T. ) ;
#514 = ORIENTED_EDGE ( 'NONE', *, *, #513, .T. ) ;
#515 = EDGE_LOOP ( 'NONE', ( #504, #509, #514 ) ) ;
#516 = FACE_OUTER_BOUND ( 'NONE', #515, .T. ) ;
#518 = CARTESIAN_POINT ( 'NONE', ( -35.000000, 10.000000, -25.000000 ) ) ;
#519 = DIRECTION ( 'NONE', ( 0.000000, 0.000000, 1.000000 ) ) ;
#520 = DIRECTION ( 'NONE', ( 1.000000, 0.000000, 0.000000 ) ) ;
#517 = AXIS2_PLACEMENT_3D ( 'NONE', #518, #519, #520 ) ;
#521 = PLANE ( 'NONE', #517 ) ;
#522 = ADVANCED_FACE ( 'NONE', ( #516 ), #521, .T. ) ;
#523 = CARTESIAN_POINT ( 'NONE', ( -25.000000, 10.000000, -25.000000 ) ) ;
#524 = VERTEX_POINT ( 'NONE', #523 ) ;
#525 = CARTESIAN_POINT ( 'NONE', ( -25.000000, 65.000000, -25.000000 ) ) ;
#526 = VERTEX_POINT ( 'NONE', #525 ) ;
#527 = CARTESIAN_POINT ( 'NONE', ( -25.000000, 65.000000, 25.000000 ) ) ;
#528 = VERTEX_POINT ( 'NONE', #527 ) ;
#531 = DIRECTION ( 'NONE', ( 1.000000, 0.000000, 0.000000 ) ) ;
#530 = VECTOR ( 'NONE', #531, 1.0 ) ;
#529 = LINE ( 'NONE', #523, #530 ) ;
#532 = EDGE_CURVE ( 'NONE', #524, #526, #529, .T. ) ;
#533 = ORIENTED_EDGE ( 'NONE', *, *, #532, .T. ) ;
#536 = DIRECTION ( 'NONE', ( 1.000000, 0.000000, 0.000000 ) ) ;
#535 = VECTOR ( 'NONE', #536, 1.0 ) ;
#534 = LINE ( 'NONE', #525, #535 ) ;
#537 = EDGE_CURVE ( 'NONE', #526, #528, #534, .T. ) ;
#538 = ORIENTED_EDGE ( 'NONE', *, *, #537, .T. ) ;
#541 = DIRECTION ( 'NONE', ( 1.000000, 0.000000, 0.000000 ) ) ;
#540 = VECTOR ( 'NONE', #541, 1.0 ) ;
#539 = LINE ( 'NONE', #527, #540 ) ;
#542 = EDGE_CURVE ( 'NONE', #528, #524, #539, .T. ) ;
#543 = ORIENTED_EDGE ( 'NONE', *, *, #542, .T. ) ;
#544 = EDGE_LOOP ( 'NONE', ( #533, #538, #543 ) ) ;
#545 = FACE_OUTER_BOUND ( 'NONE', #544, .T. ) ;
#547 = CARTESIAN_POINT ( 'NONE', ( -25.000000, 10.000000, -25.000000 ) ) ;
#548 = DIRECTION ( 'NONE', ( 0.000000, 0.000000, 1.000000 ) ) ;
#549 = DIRECTION ( 'NONE', ( 1.000000, 0.000000, 0.000000 ) ) ;
#546 = AXIS2_PLACEMENT_3D ( 'NONE', #547, #548, #549 ) ;
#550 = PLANE ( 'NONE', #546 ) ;
#551 = ADVANCED_FACE ( 'NONE', ( #545 ), #550, .T. ) ;
#552 = CARTESIAN_POINT ( 'NONE', ( -25.000000, 10.000000, -25.000000 ) ) ;
#553 = VERTEX_POINT ( 'NONE', #552 ) ;
#554 = CARTESIAN_POINT ( 'NONE', ( -25.000000, 65.000000, 25.000000 ) ) ;
#555 = VERTEX_POINT ( 'NONE', #554 ) ;
#556 = CARTESIAN_POINT ( 'NONE', ( -25.000000, 10.000000, 25.000000 ) ) ;
#557 = VERTEX_POINT ( 'NONE', #556 ) ;
#560 = DIRECTION ( 'NONE', ( 1.000000, 0.000000, 0.000000 ) ) ;
#559 = VECTOR ( 'NONE', #560, 1.0 ) ;
#558 = LINE ( 'NONE', #552, #559 ) ;
#561 = EDGE_CURVE ( 'NONE', #553, #555, #558, .T. ) ;
#562 = ORIENTED_EDGE ( 'NONE', *, *, #561, .T. ) ;
#565 = DIRECTION ( 'NONE', ( 1.000000, 0.000000, 0.000000 ) ) ;
#564 = VECTOR ( 'NONE', #565, 1.0 ) ;
#563 = LINE ( 'NONE', #554, #564 ) ;
#566 = EDGE_CURVE ( 'NONE', #555, #557, #563, .T. ) ;
#567 = ORIENTED_EDGE ( 'NONE', *, *, #566, .T. ) ;
#570 = DIRECTION ( 'NONE', ( 1.000000, 0.000000, 0.000000 ) ) ;
#569 = VECTOR ( 'NONE', #570, 1.0 ) ;
#568 = LINE ( 'NONE', #556, #569 ) ;
#571 = EDGE_CURVE ( 'NONE', #557, #553, #568, .T. ) ;
#572 = ORIENTED_EDGE ( 'NONE', *, *, #571, .T. ) ;
#573 = EDGE_LOOP ( 'NONE', ( #562, #567, #572 ) ) ;
#574 = FACE_OUTER_BOUND ( 'NONE', #573, .T. ) ;
#576 = CARTESIAN_POINT ( 'NONE', ( -25.000000, 10.000000, -25.000000 ) ) ;
#577 = DIRECTION ( 'NONE', ( 0.000000, 0.000000, 1.000000 ) ) ;
#578 = DIRECTION ( 'NONE', ( 1.000000, 0.000000, 0.000000 ) ) ;
#575 = AXIS2_PLACEMENT_3D ( 'NONE', #576, #577, #578 ) ;
#579 = PLANE ( 'NONE', #575 ) ;
#580 = ADVANCED_FACE ( 'NONE', ( #574 ), #579, .T. ) ;
#581 = CARTESIAN_POINT ( 'NONE', ( -35.000000, 10.000000, -25.000000 ) ) ;
#582 = VERTEX_POINT ( 'NONE', #581 ) ;
#583 = CARTESIAN_POINT ( 'NONE', ( -35.000000, 65.000000, -25.000000 ) ) ;
#584 = VERTEX_POINT ( 'NONE', #583 ) ;
#585 = CARTESIAN_POINT ( 'NONE', ( -25.000000, 65.000000, -25.000000 ) ) ;
#586 = VERTEX_POINT ( 'NONE', #585 ) ;
#589 = DIRECTION ( 'NONE', ( 1.000000, 0.000000, 0.000000 ) ) ;
#588 = VECTOR ( 'NONE', #589, 1.0 ) ;
#587 = LINE ( 'NONE', #581, #588 ) ;
#590 = EDGE_CURVE ( 'NONE', #582, #584, #587, .T. ) ;
#591 = ORIENTED_EDGE ( 'NONE', *, *, #590, .T. ) ;
#594 = DIRECTION ( 'NONE', ( 1.000000, 0.000000, 0.000000 ) ) ;
#593 = VECTOR ( 'NONE', #594, 1.0 ) ;
#592 = LINE ( 'NONE', #583, #593 ) ;
#595 = EDGE_CURVE ( 'NONE', #584, #586, #592, .T. ) ;
#596 = ORIENTED_EDGE ( 'NONE', *, *, #595, .T. ) ;
#599 = DIRECTION ( 'NONE', ( 1.000000, 0.000000, 0.000000 ) ) ;
#598 = VECTOR ( 'NONE', #599, 1.0 ) ;
#597 = LINE ( 'NONE', #585, #598 ) ;
#600 = EDGE_CURVE ( 'NONE', #586, #582, #597, .T. ) ;
#601 = ORIENTED_EDGE ( 'NONE', *, *, #600, .T. ) ;
#602 = EDGE_LOOP ( 'NONE', ( #591, #596, #601 ) ) ;
#603 = FACE_OUTER_BOUND ( 'NONE', #602, .T. ) ;
#605 = CARTESIAN_POINT ( 'NONE', ( -35.000000, 10.000000, -25.000000 ) ) ;
#606 = DIRECTION ( 'NONE', ( 0.000000, 0.000000, 1.000000 ) ) ;
#607 = DIRECTION ( 'NONE', ( 1.000000, 0.000000, 0.000000 ) ) ;
#604 = AXIS2_PLACEMENT_3D ( 'NONE', #605, #606, #607 ) ;
#608 = PLANE ( 'NONE', #604 ) ;
#609 = ADVANCED_FACE ( 'NONE', ( #603 ), #608, .T. ) ;
#610 = CARTESIAN_POINT ( 'NONE', ( -35.000000, 10.000000, -25.000000 ) ) ;
#611 = VERTEX_POINT ( 'NONE', #610 ) ;
#612 = CARTESIAN_POINT ( 'NONE', ( -25.000000, 65.000000, -25.000000 ) ) ;
#613 = VERTEX_POINT ( 'NONE', #612 ) ;
#614 = CARTESIAN_POINT ( 'NONE', ( -25.000000, 10.000000, -25.000000 ) ) ;
#615 = VERTEX_POINT ( 'NONE', #614 ) ;
#618 = DIRECTION ( 'NONE', ( 1.000000, 0.000000, 0.000000 ) ) ;
#617 = VECTOR ( 'NONE', #618, 1.0 ) ;
#616 = LINE ( 'NONE', #610, #617 ) ;
#619 = EDGE_CURVE ( 'NONE', #611, #613, #616, .T. ) ;
#620 = ORIENTED_EDGE ( 'NONE', *, *, #619, .T. ) ;
#623 = DIRECTION ( 'NONE', ( 1.000000, 0.000000, 0.000000 ) ) ;
#622 = VECTOR ( 'NONE', #623, 1.0 ) ;
#621 = LINE ( 'NONE', #612, #622 ) ;
#624 = EDGE_CURVE ( 'NONE', #613, #615, #621, .T. ) ;
#625 = ORIENTED_EDGE ( 'NONE', *, *, #624, .T. ) ;
#628 = DIRECTION ( 'NONE', ( 1.000000, 0.000000, 0.000000 ) ) ;
#627 = VECTOR ( 'NONE', #628, 1.0 ) ;
#626 = LINE ( 'NONE', #614, #627 ) ;
#629 = EDGE_CURVE ( 'NONE', #615, #611, #626, .T. ) ;
#630 = ORIENTED_EDGE ( 'NONE', *, *, #629, .T. ) ;
#631 = EDGE_LOOP ( 'NONE', ( #620, #625, #630 ) ) ;
#632 = FACE_OUTER_BOUND ( 'NONE', #631, .T. ) ;
#634 = CARTESIAN_POINT ( 'NONE', ( -35.000000, 10.000000, -25.000000 ) ) ;
#635 = DIRECTION ( 'NONE', ( 0.000000, 0.000000, 1.000000 ) ) ;
#636 = DIRECTION ( 'NONE', ( 1.000000, 0.000000, 0.000000 ) ) ;
#633 = AXIS2_PLACEMENT_3D ( 'NONE', #634, #635, #636 ) ;
#637 = PLANE ( 'NONE', #633 ) ;
#638 = ADVANCED_FACE ( 'NONE', ( #632 ), #637, .T. ) ;
#639 = CARTESIAN_POINT ( 'NONE', ( -35.000000, 10.000000, 25.000000 ) ) ;
#640 = VERTEX_POINT ( 'NONE', #639 ) ;
#641 = CARTESIAN_POINT ( 'NONE', ( -25.000000, 10.000000, 25.000000 ) ) ;
#642 = VERTEX_POINT ( 'NONE', #641 ) ;
#643 = CARTESIAN_POINT ( 'NONE', ( -25.000000, 65.000000, 25.000000 ) ) ;
#644 = VERTEX_POINT ( 'NONE', #643 ) ;
#647 = DIRECTION ( 'NONE', ( 1.000000, 0.000000, 0.000000 ) ) ;
#646 = VECTOR ( 'NONE', #647, 1.0 ) ;
#645 = LINE ( 'NONE', #639, #646 ) ;
#648 = EDGE_CURVE ( 'NONE', #640, #642, #645, .T. ) ;
#649 = ORIENTED_EDGE ( 'NONE', *, *, #648, .T. ) ;
#652 = DIRECTION ( 'NONE', ( 1.000000, 0.000000, 0.000000 ) ) ;
#651 = VECTOR ( 'NONE', #652, 1.0 ) ;
#650 = LINE ( 'NONE', #641, #651 ) ;
#653 = EDGE_CURVE ( 'NONE', #642, #644, #650, .T. ) ;
#654 = ORIENTED_EDGE ( 'NONE', *, *, #653, .T. ) ;
#657 = DIRECTION ( 'NONE', ( 1.000000, 0.000000, 0.000000 ) ) ;
#656 = VECTOR ( 'NONE', #657, 1.0 ) ;
#655 = LINE ( 'NONE', #643, #656 ) ;
#658 = EDGE_CURVE ( 'NONE', #644, #640, #655, .T. ) ;
#659 = ORIENTED_EDGE ( 'NONE', *, *, #658, .T. ) ;
#660 = EDGE_LOOP ( 'NONE', ( #649, #654, #659 ) ) ;
#661 = FACE_OUTER_BOUND ( 'NONE', #660, .T. ) ;
#663 = CARTESIAN_POINT ( 'NONE', ( -35.000000, 10.000000, 25.000000 ) ) ;
#664 = DIRECTION ( 'NONE', ( 0.000000, 0.000000, 1.000000 ) ) ;
#665 = DIRECTION ( 'NONE', ( 1.000000, 0.000000, 0.000000 ) ) ;
#662 = AXIS2_PLACEMENT_3D ( 'NONE', #663, #664, #665 ) ;
#666 = PLANE ( 'NONE', #662 ) ;
#667 = ADVANCED_FACE ( 'NONE', ( #661 ), #666, .T. ) ;
#668 = CARTESIAN_POINT ( 'NONE', ( -35.000000, 10.000000, 25.000000 ) ) ;
#669 = VERTEX_POINT ( 'NONE', #668 ) ;
#670 = CARTESIAN_POINT ( 'NONE', ( -25.000000, 65.000000, 25.000000 ) ) ;
#671 = VERTEX_POINT ( 'NONE', #670 ) ;
#672 = CARTESIAN_POINT ( 'NONE', ( -35.000000, 65.000000, 25.000000 ) ) ;
#673 = VERTEX_POINT ( 'NONE', #672 ) ;
#676 = DIRECTION ( 'NONE', ( 1.000000, 0.000000, 0.000000 ) ) ;
#675 = VECTOR ( 'NONE', #676, 1.0 ) ;
#674 = LINE ( 'NONE', #668, #675 ) ;
#677 = EDGE_CURVE ( 'NONE', #669, #671, #674, .T. ) ;
#678 = ORIENTED_EDGE ( 'NONE', *, *, #677, .T. ) ;
#681 = DIRECTION ( 'NONE', ( 1.000000, 0.000000, 0.000000 ) ) ;
#680 = VECTOR ( 'NONE', #681, 1.0 ) ;
#679 = LINE ( 'NONE', #670, #680 ) ;
#682 = EDGE_CURVE ( 'NONE', #671, #673, #679, .T. ) ;
#683 = ORIENTED_EDGE ( 'NONE', *, *, #682, .T. ) ;
#686 = DIRECTION ( 'NONE', ( 1.000000, 0.000000, 0.000000 ) ) ;
#685 = VECTOR ( 'NONE', #686, 1.0 ) ;
#684 = LINE ( 'NONE', #672, #685 ) ;
#687 = EDGE_CURVE ( 'NONE', #673, #669, #684, .T. ) ;
#688 = ORIENTED_EDGE ( 'NONE', *, *, #687, .T. ) ;
#689 = EDGE_LOOP ( 'NONE', ( #678, #683, #688 ) ) ;
#690 = FACE_OUTER_BOUND ( 'NONE', #689, .T. ) ;
#692 = CARTESIAN_POINT ( 'NONE', ( -35.000000, 10.000000, 25.000000 ) ) ;
#693 = DIRECTION ( 'NONE', ( 0.000000, 0.000000, 1.000000 ) ) ;
#694 = DIRECTION ( 'NONE', ( 1.000000, 0.000000, 0.000000 ) ) ;
#691 = AXIS2_PLACEMENT_3D ( 'NONE', #692, #693, #694 ) ;
#695 = PLANE ( 'NONE', #691 ) ;
#696 = ADVANCED_FACE ( 'NONE', ( #690 ), #695, .T. ) ;
#697 = CARTESIAN_POINT ( 'NONE', ( -23.000000, 10.000000, -13.000000 ) ) ;
#698 = VERTEX_POINT ( 'NONE', #697 ) ;
#699 = CARTESIAN_POINT ( 'NONE', ( -17.000000, 10.000000, -13.000000 ) ) ;
#700 = VERTEX_POINT ( 'NONE', #699 ) ;
#701 = CARTESIAN_POINT ( 'NONE', ( -17.000000, 10.000000, 13.000000 ) ) ;
#702 = VERTEX_POINT ( 'NONE', #701 ) ;
#705 = DIRECTION ( 'NONE', ( 1.000000, 0.000000, 0.000000 ) ) ;
#704 = VECTOR ( 'NONE', #705, 1.0 ) ;
#703 = LINE ( 'NONE', #697, #704 ) ;
#706 = EDGE_CURVE ( 'NONE', #698, #700, #703, .T. ) ;
#707 = ORIENTED_EDGE ( 'NONE', *, *, #706, .T. ) ;
#710 = DIRECTION ( 'NONE', ( 1.000000, 0.000000, 0.000000 ) ) ;
#709 = VECTOR ( 'NONE', #710, 1.0 ) ;
#708 = LINE ( 'NONE', #699, #709 ) ;
#711 = EDGE_CURVE ( 'NONE', #700, #702, #708, .T. ) ;
#712 = ORIENTED_EDGE ( 'NONE', *, *, #711, .T. ) ;
#715 = DIRECTION ( 'NONE', ( 1.000000, 0.000000, 0.000000 ) ) ;
#714 = VECTOR ( 'NONE', #715, 1.0 ) ;
#713 = LINE ( 'NONE', #701, #714 ) ;
#716 = EDGE_CURVE ( 'NONE', #702, #698, #713, .T. ) ;
#717 = ORIENTED_EDGE ( 'NONE', *, *, #716, .T. ) ;
#718 = EDGE_LOOP ( 'NONE', ( #707, #712, #717 ) ) ;
#719 = FACE_OUTER_BOUND ( 'NONE', #718, .T. ) ;
#721 = CARTESIAN_POINT ( 'NONE', ( -23.000000, 10.000000, -13.000000 ) ) ;
#722 = DIRECTION ( 'NONE', ( 0.000000, 0.000000, 1.000000 ) ) ;
#723 = DIRECTION ( 'NONE', ( 1.000000, 0.000000, 0.000000 ) ) ;
#720 = AXIS2_PLACEMENT_3D ( 'NONE', #721, #722, #723 ) ;
#724 = PLANE ( 'NONE', #720 ) ;
#725 = ADVANCED_FACE ( 'NONE', ( #719 ), #724, .T. ) ;
#726 = CARTESIAN_POINT ( 'NONE', ( -23.000000, 10.000000, -13.000000 ) ) ;
#727 = VERTEX_POINT ( 'NONE', #726 ) ;
#728 = CARTESIAN_POINT ( 'NONE', ( -17.000000, 10.000000, 13.000000 ) ) ;
#729 = VERTEX_POINT ( 'NONE', #728 ) ;
#730 = CARTESIAN_POINT ( 'NONE', ( -23.000000, 10.000000, 13.000000 ) ) ;
#731 = VERTEX_POINT ( 'NONE', #730 ) ;
#734 = DIRECTION ( 'NONE', ( 1.000000, 0.000000, 0.000000 ) ) ;
#733 = VECTOR ( 'NONE', #734, 1.0 ) ;
#732 = LINE ( 'NONE', #726, #733 ) ;
#735 = EDGE_CURVE ( 'NONE', #727, #729, #732, .T. ) ;
#736 = ORIENTED_EDGE ( 'NONE', *, *, #735, .T. ) ;
#739 = DIRECTION ( 'NONE', ( 1.000000, 0.000000, 0.000000 ) ) ;
#738 = VECTOR ( 'NONE', #739, 1.0 ) ;
#737 = LINE ( 'NONE', #728, #738 ) ;
#740 = EDGE_CURVE ( 'NONE', #729, #731, #737, .T. ) ;
#741 = ORIENTED_EDGE ( 'NONE', *, *, #740, .T. ) ;
#744 = DIRECTION ( 'NONE', ( 1.000000, 0.000000, 0.000000 ) ) ;
#743 = VECTOR ( 'NONE', #744, 1.0 ) ;
#742 = LINE ( 'NONE', #730, #743 ) ;
#745 = EDGE_CURVE ( 'NONE', #731, #727, #742, .T. ) ;
#746 = ORIENTED_EDGE ( 'NONE', *, *, #745, .T. ) ;
#747 = EDGE_LOOP ( 'NONE', ( #736, #741, #746 ) ) ;
#748 = FACE_OUTER_BOUND ( 'NONE', #747, .T. ) ;
#750 = CARTESIAN_POINT ( 'NONE', ( -23.000000, 10.000000, -13.000000 ) ) ;
#751 = DIRECTION ( 'NONE', ( 0.000000, 0.000000, 1.000000 ) ) ;
#752 = DIRECTION ( 'NONE', ( 1.000000, 0.000000, 0.000000 ) ) ;
#749 = AXIS2_PLACEMENT_3D ( 'NONE', #750, #751, #752 ) ;
#753 = PLANE ( 'NONE', #749 ) ;
#754 = ADVANCED_FACE ( 'NONE', ( #748 ), #753, .T. ) ;
#755 = CARTESIAN_POINT ( 'NONE', ( -23.000000, 44.000000, -13.000000 ) ) ;
#756 = VERTEX_POINT ( 'NONE', #755 ) ;
#757 = CARTESIAN_POINT ( 'NONE', ( -23.000000, 44.000000, 13.000000 ) ) ;
#758 = VERTEX_POINT ( 'NONE', #757 ) ;
#759 = CARTESIAN_POINT ( 'NONE', ( -17.000000, 44.000000, 13.000000 ) ) ;
#760 = VERTEX_POINT ( 'NONE', #759 ) ;
#763 = DIRECTION ( 'NONE', ( 1.000000, 0.000000, 0.000000 ) ) ;
#762 = VECTOR ( 'NONE', #763, 1.0 ) ;
#761 = LINE ( 'NONE', #755, #762 ) ;
#764 = EDGE_CURVE ( 'NONE', #756, #758, #761, .T. ) ;
#765 = ORIENTED_EDGE ( 'NONE', *, *, #764, .T. ) ;
#768 = DIRECTION ( 'NONE', ( 1.000000, 0.000000, 0.000000 ) ) ;
#767 = VECTOR ( 'NONE', #768, 1.0 ) ;
#766 = LINE ( 'NONE', #757, #767 ) ;
#769 = EDGE_CURVE ( 'NONE', #758, #760, #766, .T. ) ;
#770 = ORIENTED_EDGE ( 'NONE', *, *, #769, .T. ) ;
#773 = DIRECTION ( 'NONE', ( 1.000000, 0.000000, 0.000000 ) ) ;
#772 = VECTOR ( 'NONE', #773, 1.0 ) ;
#771 = LINE ( 'NONE', #759, #772 ) ;
#774 = EDGE_CURVE ( 'NONE', #760, #756, #771, .T. ) ;
#775 = ORIENTED_EDGE ( 'NONE', *, *, #774, .T. ) ;
#776 = EDGE_LOOP ( 'NONE', ( #765, #770, #775 ) ) ;
#777 = FACE_OUTER_BOUND ( 'NONE', #776, .T. ) ;
#779 = CARTESIAN_POINT ( 'NONE', ( -23.000000, 44.000000, -13.000000 ) ) ;
#780 = DIRECTION ( 'NONE', ( 0.000000, 0.000000, 1.000000 ) ) ;
#781 = DIRECTION ( 'NONE', ( 1.000000, 0.000000, 0.000000 ) ) ;
#778 = AXIS2_PLACEMENT_3D ( 'NONE', #779, #780, #781 ) ;
#782 = PLANE ( 'NONE', #778 ) ;
#783 = ADVANCED_FACE ( 'NONE', ( #777 ), #782, .T. ) ;
#784 = CARTESIAN_POINT ( 'NONE', ( -23.000000, 44.000000, -13.000000 ) ) ;
#785 = VERTEX_POINT ( 'NONE', #784 ) ;
#786 = CARTESIAN_POINT ( 'NONE', ( -17.000000, 44.000000, 13.000000 ) ) ;
#787 = VERTEX_POINT ( 'NONE', #786 ) ;
#788 = CARTESIAN_POINT ( 'NONE', ( -17.000000, 44.000000, -13.000000 ) ) ;
#789 = VERTEX_POINT ( 'NONE', #788 ) ;
#792 = DIRECTION ( 'NONE', ( 1.000000, 0.000000, 0.000000 ) ) ;
#791 = VECTOR ( 'NONE', #792, 1.0 ) ;
#790 = LINE ( 'NONE', #784, #791 ) ;
#793 = EDGE_CURVE ( 'NONE', #785, #787, #790, .T. ) ;
#794 = ORIENTED_EDGE ( 'NONE', *, *, #793, .T. ) ;
#797 = DIRECTION ( 'NONE', ( 1.000000, 0.000000, 0.000000 ) ) ;
#796 = VECTOR ( 'NONE', #797, 1.0 ) ;
#795 = LINE ( 'NONE', #786, #796 ) ;
#798 = EDGE_CURVE ( 'NONE', #787, #789, #795, .T. ) ;
#799 = ORIENTED_EDGE ( 'NONE', *, *, #798, .T. ) ;
#802 = DIRECTION ( 'NONE', ( 1.000000, 0.000000, 0.000000 ) ) ;
#801 = VECTOR ( 'NONE', #802, 1.0 ) ;
#800 = LINE ( 'NONE', #788, #801 ) ;
#803 = EDGE_CURVE ( 'NONE', #789, #785, #800, .T. ) ;
#804 = ORIENTED_EDGE ( 'NONE', *, *, #803, .T. ) ;
#805 = EDGE_LOOP ( 'NONE', ( #794, #799, #804 ) ) ;
#806 = FACE_OUTER_BOUND ( 'NONE', #805, .T. ) ;
#808 = CARTESIAN_POINT ( 'NONE', ( -23.000000, 44.000000, -13.000000 ) ) ;
#809 = DIRECTION ( 'NONE', ( 0.000000, 0.000000, 1.000000 ) ) ;
#810 = DIRECTION ( 'NONE', ( 1.000000, 0.000000, 0.000000 ) ) ;
#807 = AXIS2_PLACEMENT_3D ( 'NONE', #808, #809, #810 ) ;
#811 = PLANE ( 'NONE', #807 ) ;
#812 = ADVANCED_FACE ( 'NONE', ( #806 ), #811, .T. ) ;
#813 = CARTESIAN_POINT ( 'NONE', ( -23.000000, 10.000000, -13.000000 ) ) ;
#814 = VERTEX_POINT ( 'NONE', #813 ) ;
#815 = CARTESIAN_POINT ( 'NONE', ( -23.000000, 10.000000, 13.000000 ) ) ;
#816 = VERTEX_POINT ( 'NONE', #815 ) ;
#817 = CARTESIAN_POINT ( 'NONE', ( -23.000000, 44.000000, 13.000000 ) ) ;
#818 = VERTEX_POINT ( 'NONE', #817 ) ;
#821 = DIRECTION ( 'NONE', ( 1.000000, 0.000000, 0.000000 ) ) ;
#820 = VECTOR ( 'NONE', #821, 1.0 ) ;
#819 = LINE ( 'NONE', #813, #820 ) ;
#822 = EDGE_CURVE ( 'NONE', #814, #816, #819, .T. ) ;
#823 = ORIENTED_EDGE ( 'NONE', *, *, #822, .T. ) ;
#826 = DIRECTION ( 'NONE', ( 1.000000, 0.000000, 0.000000 ) ) ;
#825 = VECTOR ( 'NONE', #826, 1.0 ) ;
#824 = LINE ( 'NONE', #815, #825 ) ;
#827 = EDGE_CURVE ( 'NONE', #816, #818, #824, .T. ) ;
#828 = ORIENTED_EDGE ( 'NONE', *, *, #827, .T. ) ;
#831 = DIRECTION ( 'NONE', ( 1.000000, 0.000000, 0.000000 ) ) ;
#830 = VECTOR ( 'NONE', #831, 1.0 ) ;
#829 = LINE ( 'NONE', #817, #830 ) ;
#832 = EDGE_CURVE ( 'NONE', #818, #814, #829, .T. ) ;
#833 = ORIENTED_EDGE ( 'NONE', *, *, #832, .T. ) ;
#834 = EDGE_LOOP ( 'NONE', ( #823, #828, #833 ) ) ;
#835 = FACE_OUTER_BOUND ( 'NONE', #834, .T. ) ;
#837 = CARTESIAN_POINT ( 'NONE', ( -23.000000, 10.000000, -13.000000 ) ) ;
#838 = DIRECTION ( 'NONE', ( 0.000000, 0.000000, 1.000000 ) ) ;
#839 = DIRECTION ( 'NONE', ( 1.000000, 0.000000, 0.000000 ) ) ;
#836 = AXIS2_PLACEMENT_3D ( 'NONE', #837, #838, #839 ) ;
#840 = PLANE ( 'NONE', #836 ) ;
#841 = ADVANCED_FACE ( 'NONE', ( #835 ), #840, .T. ) ;
#842 = CARTESIAN_POINT ( 'NONE', ( -23.000000, 10.000000, -13.000000 ) ) ;
#843 = VERTEX_POINT ( 'NONE', #842 ) ;
#844 = CARTESIAN_POINT ( 'NONE', ( -23.000000, 44.000000, 13.000000 ) ) ;
#845 = VERTEX_POINT ( 'NONE', #844 ) ;
#846 = CARTESIAN_POINT ( 'NONE', ( -23.000000, 44.000000, -13.000000 ) ) ;
#847 = VERTEX_POINT ( 'NONE', #846 ) ;
#850 = DIRECTION ( 'NONE', ( 1.000000, 0.000000, 0.000000 ) ) ;
#849 = VECTOR ( 'NONE', #850, 1.0 ) ;
#848 = LINE ( 'NONE', #842, #849 ) ;
#851 = EDGE_CURVE ( 'NONE', #843, #845, #848, .T. ) ;
#852 = ORIENTED_EDGE ( 'NONE', *, *, #851, .T. ) ;
#855 = DIRECTION ( 'NONE', ( 1.000000, 0.000000, 0.000000 ) ) ;
#854 = VECTOR ( 'NONE', #855, 1.0 ) ;
#853 = LINE ( 'NONE', #844, #854 ) ;
#856 = EDGE_CURVE ( 'NONE', #845, #847, #853, .T. ) ;
#857 = ORIENTED_EDGE ( 'NONE', *, *, #856, .T. ) ;
#860 = DIRECTION ( 'NONE', ( 1.000000, 0.000000, 0.000000 ) ) ;
#859 = VECTOR ( 'NONE', #860, 1.0 ) ;
#858 = LINE ( 'NONE', #846, #859 ) ;
#861 = EDGE_CURVE ( 'NONE', #847, #843, #858, .T. ) ;
#862 = ORIENTED_EDGE ( 'NONE', *, *, #861, .T. ) ;
#863 = EDGE_LOOP ( 'NONE', ( #852, #857, #862 ) ) ;
#864 = FACE_OUTER_BOUND ( 'NONE', #863, .T. ) ;
#866 = CARTESIAN_POINT ( 'NONE', ( -23.000000, 10.000000, -13.000000 ) ) ;
#867 = DIRECTION ( 'NONE', ( 0.000000, 0.000000, 1.000000 ) ) ;
#868 = DIRECTION ( 'NONE', ( 1.000000, 0.000000, 0.000000 ) ) ;
#865 = AXIS2_PLACEMENT_3D ( 'NONE', #866, #867, #868 ) ;
#869 = PLANE ( 'NONE', #865 ) ;
#870 = ADVANCED_FACE ( 'NONE', ( #864 ), #869, .T. ) ;
#871 = CARTESIAN_POINT ( 'NONE', ( -17.000000, 10.000000, -13.000000 ) ) ;
#872 = VERTEX_POINT ( 'NONE', #871 ) ;
#873 = CARTESIAN_POINT ( 'NONE', ( -17.000000, 44.000000, -13.000000 ) ) ;
#874 = VERTEX_POINT ( 'NONE', #873 ) ;
#875 = CARTESIAN_POINT ( 'NONE', ( -17.000000, 44.000000, 13.000000 ) ) ;
#876 = VERTEX_POINT ( 'NONE', #875 ) ;
#879 = DIRECTION ( 'NONE', ( 1.000000, 0.000000, 0.000000 ) ) ;
#878 = VECTOR ( 'NONE', #879, 1.0 ) ;
#877 = LINE ( 'NONE', #871, #878 ) ;
#880 = EDGE_CURVE ( 'NONE', #872, #874, #877, .T. ) ;
#881 = ORIENTED_EDGE ( 'NONE', *, *, #880, .T. ) ;
#884 = DIRECTION ( 'NONE', ( 1.000000, 0.000000, 0.000000 ) ) ;
#883 = VECTOR ( 'NONE', #884, 1.0 ) ;
#882 = LINE ( 'NONE', #873, #883 ) ;
#885 = EDGE_CURVE ( 'NONE', #874, #876, #882, .T. ) ;
#886 = ORIENTED_EDGE ( 'NONE', *, *, #885, .T. ) ;
#889 = DIRECTION ( 'NONE', ( 1.000000, 0.000000, 0.000000 ) ) ;
#888 = VECTOR ( 'NONE', #889, 1.0 ) ;
#887 = LINE ( 'NONE', #875, #888 ) ;
#890 = EDGE_CURVE ( 'NONE', #876, #872, #887, .T. ) ;
#891 = ORIENTED_EDGE ( 'NONE', *, *, #890, .T. ) ;
#892 = EDGE_LOOP ( 'NONE', ( #881, #886, #891 ) ) ;
#893 = FACE_OUTER_BOUND ( 'NONE', #892, .T. ) ;
#895 = CARTESIAN_POINT ( 'NONE', ( -17.000000, 10.000000, -13.000000 ) ) ;
#896 = DIRECTION ( 'NONE', ( 0.000000, 0.000000, 1.000000 ) ) ;
#897 = DIRECTION ( 'NONE', ( 1.000000, 0.000000, 0.000000 ) ) ;
#894 = AXIS2_PLACEMENT_3D ( 'NONE', #895, #896, #897 ) ;
#898 = PLANE ( 'NONE', #894 ) ;
#899 = ADVANCED_FACE ( 'NONE', ( #893 ), #898, .T. ) ;
#900 = CARTESIAN_POINT ( 'NONE', ( -17.000000, 10.000000, -13.000000 ) ) ;
#901 = VERTEX_POINT ( 'NONE', #900 ) ;
#902 = CARTESIAN_POINT ( 'NONE', ( -17.000000, 44.000000, 13.000000 ) ) ;
#903 = VERTEX_POINT ( 'NONE', #902 ) ;
#904 = CARTESIAN_POINT ( 'NONE', ( -17.000000, 10.000000, 13.000000 ) ) ;
#905 = VERTEX_POINT ( 'NONE', #904 ) ;
#908 = DIRECTION ( 'NONE', ( 1.000000, 0.000000, 0.000000 ) ) ;
#907 = VECTOR ( 'NONE', #908, 1.0 ) ;
#906 = LINE ( 'NONE', #900, #907 ) ;
#909 = EDGE_CURVE ( 'NONE', #901, #903, #906, .T. ) ;
#910 = ORIENTED_EDGE ( 'NONE', *, *, #909, .T. ) ;
#913 = DIRECTION ( 'NONE', ( 1.000000, 0.000000, 0.000000 ) ) ;
#912 = VECTOR ( 'NONE', #913, 1.0 ) ;
#911 = LINE ( 'NONE', #902, #912 ) ;
#914 = EDGE_CURVE ( 'NONE', #903, #905, #911, .T. ) ;
#915 = ORIENTED_EDGE ( 'NONE', *, *, #914, .T. ) ;
#918 = DIRECTION ( 'NONE', ( 1.000000, 0.000000, 0.000000 ) ) ;
#917 = VECTOR ( 'NONE', #918, 1.0 ) ;
#916 = LINE ( 'NONE', #904, #917 ) ;
#919 = EDGE_CURVE ( 'NONE', #905, #901, #916, .T. ) ;
#920 = ORIENTED_EDGE ( 'NONE', *, *, #919, .T. ) ;
#921 = EDGE_LOOP ( 'NONE', ( #910, #915, #920 ) ) ;
#922 = FACE_OUTER_BOUND ( 'NONE', #921, .T. ) ;
#924 = CARTESIAN_POINT ( 'NONE', ( -17.000000, 10.000000, -13.000000 ) ) ;
#925 = DIRECTION ( 'NONE', ( 0.000000, 0.000000, 1.000000 ) ) ;
#926 = DIRECTION ( 'NONE', ( 1.000000, 0.000000, 0.000000 ) ) ;
#923 = AXIS2_PLACEMENT_3D ( 'NONE', #924, #925, #926 ) ;
#927 = PLANE ( 'NONE', #923 ) ;
#928 = ADVANCED_FACE ( 'NONE', ( #922 ), #927, .T. ) ;
#929 = CARTESIAN_POINT ( 'NONE', ( -23.000000, 10.000000, -13.000000 ) ) ;
#930 = VERTEX_POINT ( 'NONE', #929 ) ;
#931 = CARTESIAN_POINT ( 'NONE', ( -23.000000, 44.000000, -13.000000 ) ) ;
#932 = VERTEX_POINT ( 'NONE', #931 ) ;
#933 = CARTESIAN_POINT ( 'NONE', ( -17.000000, 44.000000, -13.000000 ) ) ;
#934 = VERTEX_POINT ( 'NONE', #933 ) ;
#937 = DIRECTION ( 'NONE', ( 1.000000, 0.000000, 0.000000 ) ) ;
#936 = VECTOR ( 'NONE', #937, 1.0 ) ;
#935 = LINE ( 'NONE', #929, #936 ) ;
#938 = EDGE_CURVE ( 'NONE', #930, #932, #935, .T. ) ;
#939 = ORIENTED_EDGE ( 'NONE', *, *, #938, .T. ) ;
#942 = DIRECTION ( 'NONE', ( 1.000000, 0.000000, 0.000000 ) ) ;
#941 = VECTOR ( 'NONE', #942, 1.0 ) ;
#940 = LINE ( 'NONE', #931, #941 ) ;
#943 = EDGE_CURVE ( 'NONE', #932, #934, #940, .T. ) ;
#944 = ORIENTED_EDGE ( 'NONE', *, *, #943, .T. ) ;
#947 = DIRECTION ( 'NONE', ( 1.000000, 0.000000, 0.000000 ) ) ;
#946 = VECTOR ( 'NONE', #947, 1.0 ) ;
#945 = LINE ( 'NONE', #933, #946 ) ;
#948 = EDGE_CURVE ( 'NONE', #934, #930, #945, .T. ) ;
#949 = ORIENTED_EDGE ( 'NONE', *, *, #948, .T. ) ;
#950 = EDGE_LOOP ( 'NONE', ( #939, #944, #949 ) ) ;
#951 = FACE_OUTER_BOUND ( 'NONE', #950, .T. ) ;
#953 = CARTESIAN_POINT ( 'NONE', ( -23.000000, 10.000000, -13.000000 ) ) ;
#954 = DIRECTION ( 'NONE', ( 0.000000, 0.000000, 1.000000 ) ) ;
#955 = DIRECTION ( 'NONE', ( 1.000000, 0.000000, 0.000000 ) ) ;
#952 = AXIS2_PLACEMENT_3D ( 'NONE', #953, #954, #955 ) ;
#956 = PLANE ( 'NONE', #952 ) ;
#957 = ADVANCED_FACE ( 'NONE', ( #951 ), #956, .T. ) ;
#958 = CARTESIAN_POINT ( 'NONE', ( -23.000000, 10.000000, -13.000000 ) ) ;
#959 = VERTEX_POINT ( 'NONE', #958 ) ;
#960 = CARTESIAN_POINT ( 'NONE', ( -17.000000, 44.000000, -13.000000 ) ) ;
#961 = VERTEX_POINT ( 'NONE', #960 ) ;
#962 = CARTESIAN_POINT ( 'NONE', ( -17.000000, 10.000000, -13.000000 ) ) ;
#963 = VERTEX_POINT ( 'NONE', #962 ) ;
#966 = DIRECTION ( 'NONE', ( 1.000000, 0.000000, 0.000000 ) ) ;
#965 = VECTOR ( 'NONE', #966, 1.0 ) ;
#964 = LINE ( 'NONE', #958, #965 ) ;
#967 = EDGE_CURVE ( 'NONE', #959, #961, #964, .T. ) ;
#968 = ORIENTED_EDGE ( 'NONE', *, *, #967, .T. ) ;
#971 = DIRECTION ( 'NONE', ( 1.000000, 0.000000, 0.000000 ) ) ;
#970 = VECTOR ( 'NONE', #971, 1.0 ) ;
#969 = LINE ( 'NONE', #960, #970 ) ;
#972 = EDGE_CURVE ( 'NONE', #961, #963, #969, .T. ) ;
#973 = ORIENTED_EDGE ( 'NONE', *, *, #972, .T. ) ;
#976 = DIRECTION ( 'NONE', ( 1.000000, 0.000000, 0.000000 ) ) ;
#975 = VECTOR ( 'NONE', #976, 1.0 ) ;
#974 = LINE ( 'NONE', #962, #975 ) ;
#977 = EDGE_CURVE ( 'NONE', #963, #959, #974, .T. ) ;
#978 = ORIENTED_EDGE ( 'NONE', *, *, #977, .T. ) ;
#979 = EDGE_LOOP ( 'NONE', ( #968, #973, #978 ) ) ;
#980 = FACE_OUTER_BOUND ( 'NONE', #979, .T. ) ;
#982 = CARTESIAN_POINT ( 'NONE', ( -23.000000, 10.000000, -13.000000 ) ) ;
#983 = DIRECTION ( 'NONE', ( 0.000000, 0.000000, 1.000000 ) ) ;
#984 = DIRECTION ( 'NONE', ( 1.000000, 0.000000, 0.000000 ) ) ;
#981 = AXIS2_PLACEMENT_3D ( 'NONE', #982, #983, #984 ) ;
#985 = PLANE ( 'NONE', #981 ) ;
#986 = ADVANCED_FACE ( 'NONE', ( #980 ), #985, .T. ) ;
#987 = CARTESIAN_POINT ( 'NONE', ( -23.000000, 10.000000, 13.000000 ) ) ;
#988 = VERTEX_POINT ( 'NONE', #987 ) ;
#989 = CARTESIAN_POINT ( 'NONE', ( -17.000000, 10.000000, 13.000000 ) ) ;
#990 = VERTEX_POINT ( 'NONE', #989 ) ;
#991 = CARTESIAN_POINT ( 'NONE', ( -17.000000, 44.000000, 13.000000 ) ) ;
#992 = VERTEX_POINT ( 'NONE', #991 ) ;
#995 = DIRECTION ( 'NONE', ( 1.000000, 0.000000, 0.000000 ) ) ;
#994 = VECTOR ( 'NONE', #995, 1.0 ) ;
#993 = LINE ( 'NONE', #987, #994 ) ;
#996 = EDGE_CURVE ( 'NONE', #988, #990, #993, .T. ) ;
#997 = ORIENTED_EDGE ( 'NONE', *, *, #996, .T. ) ;
#1000 = DIRECTION ( 'NONE', ( 1.000000, 0.000000, 0.000000 ) ) ;
#999 = VECTOR ( 'NONE', #1000, 1.0 ) ;
#998 = LINE ( 'NONE', #989, #999 ) ;
#1001 = EDGE_CURVE ( 'NONE', #990, #992, #998, .T. ) ;
#1002 = ORIENTED_EDGE ( 'NONE', *, *, #1001, .T. ) ;
#1005 = DIRECTION ( 'NONE', ( 1.000000, 0.000000, 0.000000 ) ) ;
#1004 = VECTOR ( 'NONE', #1005, 1.0 ) ;
#1003 = LINE ( 'NONE', #991, #1004 ) ;
#1006 = EDGE_CURVE ( 'NONE', #992, #988, #1003, .T. ) ;
#1007 = ORIENTED_EDGE ( 'NONE', *, *, #1006, .T. ) ;
#1008 = EDGE_LOOP ( 'NONE', ( #997, #1002, #1007 ) ) ;
#1009 = FACE_OUTER_BOUND ( 'NONE', #1008, .T. ) ;
#1011 = CARTESIAN_POINT ( 'NONE', ( -23.000000, 10.000000, 13.000000 ) ) ;
#1012 = DIRECTION ( 'NONE', ( 0.000000, 0.000000, 1.000000 ) ) ;
#1013 = DIRECTION ( 'NONE', ( 1.000000, 0.000000, 0.000000 ) ) ;
#1010 = AXIS2_PLACEMENT_3D ( 'NONE', #1011, #1012, #1013 ) ;
#1014 = PLANE ( 'NONE', #1010 ) ;
#1015 = ADVANCED_FACE ( 'NONE', ( #1009 ), #1014, .T. ) ;
#1016 = CARTESIAN_POINT ( 'NONE', ( -23.000000, 10.000000, 13.000000 ) ) ;
#1017 = VERTEX_POINT ( 'NONE', #1016 ) ;
#1018 = CARTESIAN_POINT ( 'NONE', ( -17.000000, 44.000000, 13.000000 ) ) ;
#1019 = VERTEX_POINT ( 'NONE', #1018 ) ;
#1020 = CARTESIAN_POINT ( 'NONE', ( -23.000000, 44.000000, 13.000000 ) ) ;
#1021 = VERTEX_POINT ( 'NONE', #1020 ) ;
#1024 = DIRECTION ( 'NONE', ( 1.000000, 0.000000, 0.000000 ) ) ;
#1023 = VECTOR ( 'NONE', #1024, 1.0 ) ;
#1022 = LINE ( 'NONE', #1016, #1023 ) ;
#1025 = EDGE_CURVE ( 'NONE', #1017, #1019, #1022, .T. ) ;
#1026 = ORIENTED_EDGE ( 'NONE', *, *, #1025, .T. ) ;
#1029 = DIRECTION ( 'NONE', ( 1.000000, 0.000000, 0.000000 ) ) ;
#1028 = VECTOR ( 'NONE', #1029, 1.0 ) ;
#1027 = LINE ( 'NONE', #1018, #1028 ) ;
#1030 = EDGE_CURVE ( 'NONE', #1019, #1021, #1027, .T. ) ;
#1031 = ORIENTED_EDGE ( 'NONE', *, *, #1030, .T. ) ;
#1034 = DIRECTION ( 'NONE', ( 1.000000, 0.000000, 0.000000 ) ) ;
#1033 = VECTOR ( 'NONE', #1034, 1.0 ) ;
#1032 = LINE ( 'NONE', #1020, #1033 ) ;
#1035 = EDGE_CURVE ( 'NONE', #1021, #1017, #1032, .T. ) ;
#1036 = ORIENTED_EDGE ( 'NONE', *, *, #1035, .T. ) ;
#1037 = EDGE_LOOP ( 'NONE', ( #1026, #1031, #1036 ) ) ;
#1038 = FACE_OUTER_BOUND ( 'NONE', #1037, .T. ) ;
#1040 = CARTESIAN_POINT ( 'NONE', ( -23.000000, 10.000000, 13.000000 ) ) ;
#1041 = DIRECTION ( 'NONE', ( 0.000000, 0.000000, 1.000000 ) ) ;
#1042 = DIRECTION ( 'NONE', ( 1.000000, 0.000000, 0.000000 ) ) ;
#1039 = AXIS2_PLACEMENT_3D ( 'NONE', #1040, #1041, #1042 ) ;
#1043 = PLANE ( 'NONE', #1039 ) ;
#1044 = ADVANCED_FACE ( 'NONE', ( #1038 ), #1043, .T. ) ;
#1045 = CARTESIAN_POINT ( 'NONE', ( 23.000000, 10.000000, -14.000000 ) ) ;
#1046 = VERTEX_POINT ( 'NONE', #1045 ) ;
#1047 = CARTESIAN_POINT ( 'NONE', ( 22.619398, 10.000000, -12.086583 ) ) ;
#1048 = VERTEX_POINT ( 'NONE', #1047 ) ;
#1049 = CARTESIAN_POINT ( 'NONE', ( 22.619398, 22.000000, -12.086583 ) ) ;
#1050 = VERTEX_POINT ( 'NONE', #1049 ) ;
#1053 = DIRECTION ( 'NONE', ( 1.000000, 0.000000, 0.000000 ) ) ;
#1052 = VECTOR ( 'NONE', #1053, 1.0 ) ;
#1051 = LINE ( 'NONE', #1045, #1052 ) ;
#1054 = EDGE_CURVE ( 'NONE', #1046, #1048, #1051, .T. ) ;
#1055 = ORIENTED_EDGE ( 'NONE', *, *, #1054, .T. ) ;
#1058 = DIRECTION ( 'NONE', ( 1.000000, 0.000000, 0.000000 ) ) ;
#1057 = VECTOR ( 'NONE', #1058, 1.0 ) ;
#1056 = LINE ( 'NONE', #1047, #1057 ) ;
#1059 = EDGE_CURVE ( 'NONE', #1048, #1050, #1056, .T. ) ;
#1060 = ORIENTED_EDGE ( 'NONE', *, *, #1059, .T. ) ;
#1063 = DIRECTION ( 'NONE', ( 1.000000, 0.000000, 0.000000 ) ) ;
#1062 = VECTOR ( 'NONE', #1063, 1.0 ) ;
#1061 = LINE ( 'NONE', #1049, #1062 ) ;
#1064 = EDGE_CURVE ( 'NONE', #1050, #1046, #1061, .T. ) ;
#1065 = ORIENTED_EDGE ( 'NONE', *, *, #1064, .T. ) ;
#1066 = EDGE_LOOP ( 'NONE', ( #1055, #1060, #1065 ) ) ;
#1067 = FACE_OUTER_BOUND ( 'NONE', #1066, .T. ) ;
#1069 = CARTESIAN_POINT ( 'NONE', ( 23.000000, 10.000000, -14.000000 ) ) ;
#1070 = DIRECTION ( 'NONE', ( 0.000000, 0.000000, 1.000000 ) ) ;
#1071 = DIRECTION ( 'NONE', ( 1.000000, 0.000000, 0.000000 ) ) ;
#1068 = AXIS2_PLACEMENT_3D ( 'NONE', #1069, #1070, #1071 ) ;
#1072 = PLANE ( 'NONE', #1068 ) ;
#1073 = ADVANCED_FACE ( 'NONE', ( #1067 ), #1072, .T. ) ;
#1074 = CARTESIAN_POINT ( 'NONE', ( 23.000000, 10.000000, -14.000000 ) ) ;
#1075 = VERTEX_POINT ( 'NONE', #1074 ) ;
#1076 = CARTESIAN_POINT ( 'NONE', ( 22.619398, 22.000000, -12.086583 ) ) ;
#1077 = VERTEX_POINT ( 'NONE', #1076 ) ;
#1078 = CARTESIAN_POINT ( 'NONE', ( 23.000000, 22.000000, -14.000000 ) ) ;
#1079 = VERTEX_POINT ( 'NONE', #1078 ) ;
#1082 = DIRECTION ( 'NONE', ( 1.000000, 0.000000, 0.000000 ) ) ;
#1081 = VECTOR ( 'NONE', #1082, 1.0 ) ;
#1080 = LINE ( 'NONE', #1074, #1081 ) ;
#1083 = EDGE_CURVE ( 'NONE', #1075, #1077, #1080, .T. ) ;
#1084 = ORIENTED_EDGE ( 'NONE', *, *, #1083, .T. ) ;
#1087 = DIRECTION ( 'NONE', ( 1.000000, 0.000000, 0.000000 ) ) ;
#1086 = VECTOR ( 'NONE', #1087, 1.0 ) ;
#1085 = LINE ( 'NONE', #1076, #1086 ) ;
#1088 = EDGE_CURVE ( 'NONE', #1077, #1079, #1085, .T. ) ;
#1089 = ORIENTED_EDGE ( 'NONE', *, *, #1088, .T. ) ;
#1092 = DIRECTION ( 'NONE', ( 1.000000, 0.000000, 0.000000 ) ) ;
#1091 = VECTOR ( 'NONE', #1092, 1.0 ) ;
#1090 = LINE ( 'NONE', #1078, #1091 ) ;
#1093 = EDGE_CURVE ( 'NONE', #1079, #1075, #1090, .T. ) ;
#1094 = ORIENTED_EDGE ( 'NONE', *, *, #1093, .T. ) ;
#1095 = EDGE_LOOP ( 'NONE', ( #1084, #1089, #1094 ) ) ;
#1096 = FACE_OUTER_BOUND ( 'NONE', #1095, .T. ) ;
#1098 = CARTESIAN_POINT ( 'NONE', ( 23.000000, 10.000000, -14.000000 ) ) ;
#1099 = DIRECTION ( 'NONE', ( 0.000000, 0.000000, 1.000000 ) ) ;
#1100 = DIRECTION ( 'NONE', ( 1.000000, 0.000000, 0.000000 ) ) ;
#1097 = AXIS2_PLACEMENT_3D ( 'NONE', #1098, #1099, #1100 ) ;
#1101 = PLANE ( 'NONE', #1097 ) ;
#1102 = ADVANCED_FACE ( 'NONE', ( #1096 ), #1101, .T. ) ;
#1103 = CARTESIAN_POINT ( 'NONE', ( 22.619398, 10.000000, -12.086583 ) ) ;
#1104 = VERTEX_POINT ( 'NONE', #1103 ) ;
#1105 = CARTESIAN_POINT ( 'NONE', ( 21.535534, 10.000000, -10.464466 ) ) ;
#1106 = VERTEX_POINT ( 'NONE', #1105 ) ;
#1107 = CARTESIAN_POINT ( 'NONE', ( 21.535534, 22.000000, -10.464466 ) ) ;
#1108 = VERTEX_POINT ( 'NONE', #1107 ) ;
#1111 = DIRECTION ( 'NONE', ( 1.000000, 0.000000, 0.000000 ) ) ;
#1110 = VECTOR ( 'NONE', #1111, 1.0 ) ;
#1109 = LINE ( 'NONE', #1103, #1110 ) ;
#1112 = EDGE_CURVE ( 'NONE', #1104, #1106, #1109, .T. ) ;
#1113 = ORIENTED_EDGE ( 'NONE', *, *, #1112, .T. ) ;
#1116 = DIRECTION ( 'NONE', ( 1.000000, 0.000000, 0.000000 ) ) ;
#1115 = VECTOR ( 'NONE', #1116, 1.0 ) ;
#1114 = LINE ( 'NONE', #1105, #1115 ) ;
#1117 = EDGE_CURVE ( 'NONE', #1106, #1108, #1114, .T. ) ;
#1118 = ORIENTED_EDGE ( 'NONE', *, *, #1117, .T. ) ;
#1121 = DIRECTION ( 'NONE', ( 1.000000, 0.000000, 0.000000 ) ) ;
#1120 = VECTOR ( 'NONE', #1121, 1.0 ) ;
#1119 = LINE ( 'NONE', #1107, #1120 ) ;
#1122 = EDGE_CURVE ( 'NONE', #1108, #1104, #1119, .T. ) ;
#1123 = ORIENTED_EDGE ( 'NONE', *, *, #1122, .T. ) ;
#1124 = EDGE_LOOP ( 'NONE', ( #1113, #1118, #1123 ) ) ;
#1125 = FACE_OUTER_BOUND ( 'NONE', #1124, .T. ) ;
#1127 = CARTESIAN_POINT ( 'NONE', ( 22.619398, 10.000000, -12.086583 ) ) ;
#1128 = DIRECTION ( 'NONE', ( 0.000000, 0.000000, 1.000000 ) ) ;
#1129 = DIRECTION ( 'NONE', ( 1.000000, 0.000000, 0.000000 ) ) ;
#1126 = AXIS2_PLACEMENT_3D ( 'NONE', #1127, #1128, #1129 ) ;
#1130 = PLANE ( 'NONE', #1126 ) ;
#1131 = ADVANCED_FACE ( 'NONE', ( #1125 ), #1130, .T. ) ;
#1132 = CARTESIAN_POINT ( 'NONE', ( 22.619398, 10.000000, -12.086583 ) ) ;
#1133 = VERTEX_POINT ( 'NONE', #1132 ) ;
#1134 = CARTESIAN_POINT ( 'NONE', ( 21.535534, 22.000000, -10.464466 ) ) ;
#1135 = VERTEX_POINT ( 'NONE', #1134 ) ;
#1136 = CARTESIAN_POINT ( 'NONE', ( 22.619398, 22.000000, -12.086583 ) ) ;
#1137 = VERTEX_POINT ( 'NONE', #1136 ) ;
#1140 = DIRECTION ( 'NONE', ( 1.000000, 0.000000, 0.000000 ) ) ;
#1139 = VECTOR ( 'NONE', #1140, 1.0 ) ;
#1138 = LINE ( 'NONE', #1132, #1139 ) ;
#1141 = EDGE_CURVE ( 'NONE', #1133, #1135, #1138, .T. ) ;
#1142 = ORIENTED_EDGE ( 'NONE', *, *, #1141, .T. ) ;
#1145 = DIRECTION ( 'NONE', ( 1.000000, 0.000000, 0.000000 ) ) ;
#1144 = VECTOR ( 'NONE', #1145, 1.0 ) ;
#1143 = LINE ( 'NONE', #1134, #1144 ) ;
#1146 = EDGE_CURVE ( 'NONE', #1135, #1137, #1143, .T. ) ;
#1147 = ORIENTED_EDGE ( 'NONE', *, *, #1146, .T. ) ;
#1150 = DIRECTION ( 'NONE', ( 1.000000, 0.000000, 0.000000 ) ) ;
#1149 = VECTOR ( 'NONE', #1150, 1.0 ) ;
#1148 = LINE ( 'NONE', #1136, #1149 ) ;
#1151 = EDGE_CURVE ( 'NONE', #1137, #1133, #1148, .T. ) ;
#1152 = ORIENTED_EDGE ( 'NONE', *, *, #1151, .T. ) ;
#1153 = EDGE_LOOP ( 'NONE', ( #1142, #1147, #1152 ) ) ;
#1154 = FACE_OUTER_BOUND ( 'NONE', #1153, .T. ) ;
#1156 = CARTESIAN_POINT ( 'NONE', ( 22.619398, 10.000000, -12.086583 ) ) ;
#1157 = DIRECTION ( 'NONE', ( 0.000000, 0.000000, 1.000000 ) ) ;
#1158 = DIRECTION ( 'NONE', ( 1.000000, 0.000000, 0.000000 ) ) ;
#1155 = AXIS2_PLACEMENT_3D ( 'NONE', #1156, #1157, #1158 ) ;
#1159 = PLANE ( 'NONE', #1155 ) ;
#1160 = ADVANCED_FACE ( 'NONE', ( #1154 ), #1159, .T. ) ;
#1161 = CARTESIAN_POINT ( 'NONE', ( 21.535534, 10.000000, -10.464466 ) ) ;
#1162 = VERTEX_POINT ( 'NONE', #1161 ) ;
#1163 = CARTESIAN_POINT ( 'NONE', ( 19.913417, 10.000000, -9.380602 ) ) ;
#1164 = VERTEX_POINT ( 'NONE', #1163 ) ;
#1165 = CARTESIAN_POINT ( 'NONE', ( 19.913417, 22.000000, -9.380602 ) ) ;
#1166 = VERTEX_POINT ( 'NONE', #1165 ) ;
#1169 = DIRECTION ( 'NONE', ( 1.000000, 0.000000, 0.000000 ) ) ;
#1168 = VECTOR ( 'NONE', #1169, 1.0 ) ;
#1167 = LINE ( 'NONE', #1161, #1168 ) ;
#1170 = EDGE_CURVE ( 'NONE', #1162, #1164, #1167, .T. ) ;
#1171 = ORIENTED_EDGE ( 'NONE', *, *, #1170, .T. ) ;
#1174 = DIRECTION ( 'NONE', ( 1.000000, 0.000000, 0.000000 ) ) ;
#1173 = VECTOR ( 'NONE', #1174, 1.0 ) ;
#1172 = LINE ( 'NONE', #1163, #1173 ) ;
#1175 = EDGE_CURVE ( 'NONE', #1164, #1166, #1172, .T. ) ;
#1176 = ORIENTED_EDGE ( 'NONE', *, *, #1175, .T. ) ;
#1179 = DIRECTION ( 'NONE', ( 1.000000, 0.000000, 0.000000 ) ) ;
#1178 = VECTOR ( 'NONE', #1179, 1.0 ) ;
#1177 = LINE ( 'NONE', #1165, #1178 ) ;
#1180 = EDGE_CURVE ( 'NONE', #1166, #1162, #1177, .T. ) ;
#1181 = ORIENTED_EDGE ( 'NONE', *, *, #1180, .T. ) ;
#1182 = EDGE_LOOP ( 'NONE', ( #1171, #1176, #1181 ) ) ;
#1183 = FACE_OUTER_BOUND ( 'NONE', #1182, .T. ) ;
#1185 = CARTESIAN_POINT ( 'NONE', ( 21.535534, 10.000000, -10.464466 ) ) ;
#1186 = DIRECTION ( 'NONE', ( 0.000000, 0.000000, 1.000000 ) ) ;
#1187 = DIRECTION ( 'NONE', ( 1.000000, 0.000000, 0.000000 ) ) ;
#1184 = AXIS2_PLACEMENT_3D ( 'NONE', #1185, #1186, #1187 ) ;
#1188 = PLANE ( 'NONE', #1184 ) ;
#1189 = ADVANCED_FACE ( 'NONE', ( #1183 ), #1188, .T. ) ;
#1190 = CARTESIAN_POINT ( 'NONE', ( 21.535534, 10.000000, -10.464466 ) ) ;
#1191 = VERTEX_POINT ( 'NONE', #1190 ) ;
#1192 = CARTESIAN_POINT ( 'NONE', ( 19.913417, 22.000000, -9.380602 ) ) ;
#1193 = VERTEX_POINT ( 'NONE', #1192 ) ;
#1194 = CARTESIAN_POINT ( 'NONE', ( 21.535534, 22.000000, -10.464466 ) ) ;
#1195 = VERTEX_POINT ( 'NONE', #1194 ) ;
#1198 = DIRECTION ( 'NONE', ( 1.000000, 0.000000, 0.000000 ) ) ;
#1197 = VECTOR ( 'NONE', #1198, 1.0 ) ;
#1196 = LINE ( 'NONE', #1190, #1197 ) ;
#1199 = EDGE_CURVE ( 'NONE', #1191, #1193, #1196, .T. ) ;
#1200 = ORIENTED_EDGE ( 'NONE', *, *, #1199, .T. ) ;
#1203 = DIRECTION ( 'NONE', ( 1.000000, 0.000000, 0.000000 ) ) ;
#1202 = VECTOR ( 'NONE', #1203, 1.0 ) ;
#1201 = LINE ( 'NONE', #1192, #1202 ) ;
#1204 = EDGE_CURVE ( 'NONE', #1193, #1195, #1201, .T. ) ;
#1205 = ORIENTED_EDGE ( 'NONE', *, *, #1204, .T. ) ;
#1208 = DIRECTION ( 'NONE', ( 1.000000, 0.000000, 0.000000 ) ) ;
#1207 = VECTOR ( 'NONE', #1208, 1.0 ) ;
#1206 = LINE ( 'NONE', #1194, #1207 ) ;
#1209 = EDGE_CURVE ( 'NONE', #1195, #1191, #1206, .T. ) ;
#1210 = ORIENTED_EDGE ( 'NONE', *, *, #1209, .T. ) ;
#1211 = EDGE_LOOP ( 'NONE', ( #1200, #1205, #1210 ) ) ;
#1212 = FACE_OUTER_BOUND ( 'NONE', #1211, .T. ) ;
#1214 = CARTESIAN_POINT ( 'NONE', ( 21.535534, 10.000000, -10.464466 ) ) ;
#1215 = DIRECTION ( 'NONE', ( 0.000000, 0.000000, 1.000000 ) ) ;
#1216 = DIRECTION ( 'NONE', ( 1.000000, 0.000000, 0.000000 ) ) ;
#1213 = AXIS2_PLACEMENT_3D ( 'NONE', #1214, #1215, #1216 ) ;
#1217 = PLANE ( 'NONE', #1213 ) ;
#1218 = ADVANCED_FACE ( 'NONE', ( #1212 ), #1217, .T. ) ;
#1219 = CARTESIAN_POINT ( 'NONE', ( 19.913417, 10.000000, -9.380602 ) ) ;
#1220 = VERTEX_POINT ( 'NONE', #1219 ) ;
#1221 = CARTESIAN_POINT ( 'NONE', ( 18.000000, 10.000000, -9.000000 ) ) ;
#1222 = VERTEX_POINT ( 'NONE', #1221 ) ;
#1223 = CARTESIAN_POINT ( 'NONE', ( 18.000000, 22.000000, -9.000000 ) ) ;
#1224 = VERTEX_POINT ( 'NONE', #1223 ) ;
#1227 = DIRECTION ( 'NONE', ( 1.000000, 0.000000, 0.000000 ) ) ;
#1226 = VECTOR ( 'NONE', #1227, 1.0 ) ;
#1225 = LINE ( 'NONE', #1219, #1226 ) ;
#1228 = EDGE_CURVE ( 'NONE', #1220, #1222, #1225, .T. ) ;
#1229 = ORIENTED_EDGE ( 'NONE', *, *, #1228, .T. ) ;
#1232 = DIRECTION ( 'NONE', ( 1.000000, 0.000000, 0.000000 ) ) ;
#1231 = VECTOR ( 'NONE', #1232, 1.0 ) ;
#1230 = LINE ( 'NONE', #1221, #1231 ) ;
#1233 = EDGE_CURVE ( 'NONE', #1222, #1224, #1230, .T. ) ;
#1234 = ORIENTED_EDGE ( 'NONE', *, *, #1233, .T. ) ;
#1237 = DIRECTION ( 'NONE', ( 1.000000, 0.000000, 0.000000 ) ) ;
#1236 = VECTOR ( 'NONE', #1237, 1.0 ) ;
#1235 = LINE ( 'NONE', #1223, #1236 ) ;
#1238 = EDGE_CURVE ( 'NONE', #1224, #1220, #1235, .T. ) ;
#1239 = ORIENTED_EDGE ( 'NONE', *, *, #1238, .T. ) ;
#1240 = EDGE_LOOP ( 'NONE', ( #1229, #1234, #1239 ) ) ;
#1241 = FACE_OUTER_BOUND ( 'NONE', #1240, .T. ) ;
#1243 = CARTESIAN_POINT ( 'NONE', ( 19.913417, 10.000000, -9.380602 ) ) ;
#1244 = DIRECTION ( 'NONE', ( 0.000000, 0.000000, 1.000000 ) ) ;
#1245 = DIRECTION ( 'NONE', ( 1.000000, 0.000000, 0.000000 ) ) ;
#1242 = AXIS2_PLACEMENT_3D ( 'NONE', #1243, #1244, #1245 ) ;
#1246 = PLANE ( 'NONE', #1242 ) ;
#1247 = ADVANCED_FACE ( 'NONE', ( #1241 ), #1246, .T. ) ;
#1248 = CARTESIAN_POINT ( 'NONE', ( 19.913417, 10.000000, -9.380602 ) ) ;
#1249 = VERTEX_POINT ( 'NONE', #1248 ) ;
#1250 = CARTESIAN_POINT ( 'NONE', ( 18.000000, 22.000000, -9.000000 ) ) ;
#1251 = VERTEX_POINT ( 'NONE', #1250 ) ;
#1252 = CARTESIAN_POINT ( 'NONE', ( 19.913417, 22.000000, -9.380602 ) ) ;
#1253 = VERTEX_POINT ( 'NONE', #1252 ) ;
#1256 = DIRECTION ( 'NONE', ( 1.000000, 0.000000, 0.000000 ) ) ;
#1255 = VECTOR ( 'NONE', #1256, 1.0 ) ;
#1254 = LINE ( 'NONE', #1248, #1255 ) ;
#1257 = EDGE_CURVE ( 'NONE', #1249, #1251, #1254, .T. ) ;
#1258 = ORIENTED_EDGE ( 'NONE', *, *, #1257, .T. ) ;
#1261 = DIRECTION ( 'NONE', ( 1.000000, 0.000000, 0.000000 ) ) ;
#1260 = VECTOR ( 'NONE', #1261, 1.0 ) ;
#1259 = LINE ( 'NONE', #1250, #1260 ) ;
#1262 = EDGE_CURVE ( 'NONE', #1251, #1253, #1259, .T. ) ;
#1263 = ORIENTED_EDGE ( 'NONE', *, *, #1262, .T. ) ;
#1266 = DIRECTION ( 'NONE', ( 1.000000, 0.000000, 0.000000 ) ) ;
#1265 = VECTOR ( 'NONE', #1266, 1.0 ) ;
#1264 = LINE ( 'NONE', #1252, #1265 ) ;
#1267 = EDGE_CURVE ( 'NONE', #1253, #1249, #1264, .T. ) ;
#1268 = ORIENTED_EDGE ( 'NONE', *, *, #1267, .T. ) ;
#1269 = EDGE_LOOP ( 'NONE', ( #1258, #1263, #1268 ) ) ;
#1270 = FACE_OUTER_BOUND ( 'NONE', #1269, .T. ) ;
#1272 = CARTESIAN_POINT ( 'NONE', ( 19.913417, 10.000000, -9.380602 ) ) ;
#1273 = DIRECTION ( 'NONE', ( 0.000000, 0.000000, 1.000000 ) ) ;
#1274 = DIRECTION ( 'NONE', ( 1.000000, 0.000000, 0.000000 ) ) ;
#1271 = AXIS2_PLACEMENT_3D ( 'NONE', #1272, #1273, #1274 ) ;
#1275 = PLANE ( 'NONE', #1271 ) ;
#1276 = ADVANCED_FACE ( 'NONE', ( #1270 ), #1275, .T. ) ;
#1277 = CARTESIAN_POINT ( 'NONE', ( 18.000000, 10.000000, -9.000000 ) ) ;
#1278 = VERTEX_POINT ( 'NONE', #1277 ) ;
#1279 = CARTESIAN_POINT ( 'NONE', ( 16.086583, 10.000000, -9.380602 ) ) ;
#1280 = VERTEX_POINT ( 'NONE', #1279 ) ;
#1281 = CARTESIAN_POINT ( 'NONE', ( 16.086583, 22.000000, -9.380602 ) ) ;
#1282 = VERTEX_POINT ( 'NONE', #1281 ) ;
#1285 = DIRECTION ( 'NONE', ( 1.000000, 0.000000, 0.000000 ) ) ;
#1284 = VECTOR ( 'NONE', #1285, 1.0 ) ;
#1283 = LINE ( 'NONE', #1277, #1284 ) ;
#1286 = EDGE_CURVE ( 'NONE', #1278, #1280, #1283, .T. ) ;
#1287 = ORIENTED_EDGE ( 'NONE', *, *, #1286, .T. ) ;
#1290 = DIRECTION ( 'NONE', ( 1.000000, 0.000000, 0.000000 ) ) ;
#1289 = VECTOR ( 'NONE', #1290, 1.0 ) ;
#1288 = LINE ( 'NONE', #1279, #1289 ) ;
#1291 = EDGE_CURVE ( 'NONE', #1280, #1282, #1288, .T. ) ;
#1292 = ORIENTED_EDGE ( 'NONE', *, *, #1291, .T. ) ;
#1295 = DIRECTION ( 'NONE', ( 1.000000, 0.000000, 0.000000 ) ) ;
#1294 = VECTOR ( 'NONE', #1295, 1.0 ) ;
#1293 = LINE ( 'NONE', #1281, #1294 ) ;
#1296 = EDGE_CURVE ( 'NONE', #1282, #1278, #1293, .T. ) ;
#1297 = ORIENTED_EDGE ( 'NONE', *, *, #1296, .T. ) ;
#1298 = EDGE_LOOP ( 'NONE', ( #1287, #1292, #1297 ) ) ;
#1299 = FACE_OUTER_BOUND ( 'NONE', #1298, .T. ) ;
#1301 = CARTESIAN_POINT ( 'NONE', ( 18.000000, 10.000000, -9.000000 ) ) ;
#1302 = DIRECTION ( 'NONE', ( 0.000000, 0.000000, 1.000000 ) ) ;
#1303 = DIRECTION ( 'NONE', ( 1.000000, 0.000000, 0.000000 ) ) ;
#1300 = AXIS2_PLACEMENT_3D ( 'NONE', #1301, #1302, #1303 ) ;
#1304 = PLANE ( 'NONE', #1300 ) ;
#1305 = ADVANCED_FACE ( 'NONE', ( #1299 ), #1304, .T. ) ;
#1306 = CARTESIAN_POINT ( 'NONE', ( 18.000000, 10.000000, -9.000000 ) ) ;
#1307 = VERTEX_POINT ( 'NONE', #1306 ) ;
#1308 = CARTESIAN_POINT ( 'NONE', ( 16.086583, 22.000000, -9.380602 ) ) ;
#1309 = VERTEX_POINT ( 'NONE', #1308 ) ;
#1310 = CARTESIAN_POINT ( 'NONE', ( 18.000000, 22.000000, -9.000000 ) ) ;
#1311 = VERTEX_POINT ( 'NONE', #1310 ) ;
#1314 = DIRECTION ( 'NONE', ( 1.000000, 0.000000, 0.000000 ) ) ;
#1313 = VECTOR ( 'NONE', #1314, 1.0 ) ;
#1312 = LINE ( 'NONE', #1306, #1313 ) ;
#1315 = EDGE_CURVE ( 'NONE', #1307, #1309, #1312, .T. ) ;
#1316 = ORIENTED_EDGE ( 'NONE', *, *, #1315, .T. ) ;
#1319 = DIRECTION ( 'NONE', ( 1.000000, 0.000000, 0.000000 ) ) ;
#1318 = VECTOR ( 'NONE', #1319, 1.0 ) ;
#1317 = LINE ( 'NONE', #1308, #1318 ) ;
#1320 = EDGE_CURVE ( 'NONE', #1309, #1311, #1317, .T. ) ;
#1321 = ORIENTED_EDGE ( 'NONE', *, *, #1320, .T. ) ;
#1324 = DIRECTION ( 'NONE', ( 1.000000, 0.000000, 0.000000 ) ) ;
#1323 = VECTOR ( 'NONE', #1324, 1.0 ) ;
#1322 = LINE ( 'NONE', #1310, #1323 ) ;
#1325 = EDGE_CURVE ( 'NONE', #1311, #1307, #1322, .T. ) ;
#1326 = ORIENTED_EDGE ( 'NONE', *, *, #1325, .T. ) ;
#1327 = EDGE_LOOP ( 'NONE', ( #1316, #1321, #1326 ) ) ;
#1328 = FACE_OUTER_BOUND ( 'NONE', #1327, .T. ) ;
#1330 = CARTESIAN_POINT ( 'NONE', ( 18.000000, 10.000000, -9.000000 ) ) ;
#1331 = DIRECTION ( 'NONE', ( 0.000000, 0.000000, 1.000000 ) ) ;
#1332 = DIRECTION ( 'NONE', ( 1.000000, 0.000000, 0.000000 ) ) ;
#1329 = AXIS2_PLACEMENT_3D ( 'NONE', #1330, #1331, #1332 ) ;
#1333 = PLANE ( 'NONE', #1329 ) ;
#1334 = ADVANCED_FACE ( 'NONE', ( #1328 ), #1333, .T. ) ;
#1335 = CARTESIAN_POINT ( 'NONE', ( 16.086583, 10.000000, -9.380602 ) ) ;
#1336 = VERTEX_POINT ( 'NONE', #1335 ) ;
#1337 = CARTESIAN_POINT ( 'NONE', ( 14.464466, 10.000000, -10.464466 ) ) ;
#1338 = VERTEX_POINT ( 'NONE', #1337 ) ;
#1339 = CARTESIAN_POINT ( 'NONE', ( 14.464466, 22.000000, -10.464466 ) ) ;
#1340 = VERTEX_POINT ( 'NONE', #1339 ) ;
#1343 = DIRECTION ( 'NONE', ( 1.000000, 0.000000, 0.000000 ) ) ;
#1342 = VECTOR ( 'NONE', #1343, 1.0 ) ;
#1341 = LINE ( 'NONE', #1335, #1342 ) ;
#1344 = EDGE_CURVE ( 'NONE', #1336, #1338, #1341, .T. ) ;
#1345 = ORIENTED_EDGE ( 'NONE', *, *, #1344, .T. ) ;
#1348 = DIRECTION ( 'NONE', ( 1.000000, 0.000000, 0.000000 ) ) ;
#1347 = VECTOR ( 'NONE', #1348, 1.0 ) ;
#1346 = LINE ( 'NONE', #1337, #1347 ) ;
#1349 = EDGE_CURVE ( 'NONE', #1338, #1340, #1346, .T. ) ;
#1350 = ORIENTED_EDGE ( 'NONE', *, *, #1349, .T. ) ;
#1353 = DIRECTION ( 'NONE', ( 1.000000, 0.000000, 0.000000 ) ) ;
#1352 = VECTOR ( 'NONE', #1353, 1.0 ) ;
#1351 = LINE ( 'NONE', #1339, #1352 ) ;
#1354 = EDGE_CURVE ( 'NONE', #1340, #1336, #1351, .T. ) ;
#1355 = ORIENTED_EDGE ( 'NONE', *, *, #1354, .T. ) ;
#1356 = EDGE_LOOP ( 'NONE', ( #1345, #1350, #1355 ) ) ;
#1357 = FACE_OUTER_BOUND ( 'NONE', #1356, .T. ) ;
#1359 = CARTESIAN_POINT ( 'NONE', ( 16.086583, 10.000000, -9.380602 ) ) ;
#1360 = DIRECTION ( 'NONE', ( 0.000000, 0.000000, 1.000000 ) ) ;
#1361 = DIRECTION ( 'NONE', ( 1.000000, 0.000000, 0.000000 ) ) ;
#1358 = AXIS2_PLACEMENT_3D ( 'NONE', #1359, #1360, #1361 ) ;
#1362 = PLANE ( 'NONE', #1358 ) ;
#1363 = ADVANCED_FACE ( 'NONE', ( #1357 ), #1362, .T. ) ;
#1364 = CARTESIAN_POINT ( 'NONE', ( 16.086583, 10.000000, -9.380602 ) ) ;
#1365 = VERTEX_POINT ( 'NONE', #1364 ) ;
#1366 = CARTESIAN_POINT ( 'NONE', ( 14.464466, 22.000000, -10.464466 ) ) ;
#1367 = VERTEX_POINT ( 'NONE', #1366 ) ;
#1368 = CARTESIAN_POINT ( 'NONE', ( 16.086583, 22.000000, -9.380602 ) ) ;
#1369 = VERTEX_POINT ( 'NONE', #1368 ) ;
#1372 = DIRECTION ( 'NONE', ( 1.000000, 0.000000, 0.000000 ) ) ;
#1371 = VECTOR ( 'NONE', #1372, 1.0 ) ;
#1370 = LINE ( 'NONE', #1364, #1371 ) ;
#1373 = EDGE_CURVE ( 'NONE', #1365, #1367, #1370, .T. ) ;
#1374 = ORIENTED_EDGE ( 'NONE', *, *, #1373, .T. ) ;
#1377 = DIRECTION ( 'NONE', ( 1.000000, 0.000000, 0.000000 ) ) ;
#1376 = VECTOR ( 'NONE', #1377, 1.0 ) ;
#1375 = LINE ( 'NONE', #1366, #1376 ) ;
#1378 = EDGE_CURVE ( 'NONE', #1367, #1369, #1375, .T. ) ;
#1379 = ORIENTED_EDGE ( 'NONE', *, *, #1378, .T. ) ;
#1382 = DIRECTION ( 'NONE', ( 1.000000, 0.000000, 0.000000 ) ) ;
#1381 = VECTOR ( 'NONE', #1382, 1.0 ) ;
#1380 = LINE ( 'NONE', #1368, #1381 ) ;
#1383 = EDGE_CURVE ( 'NONE', #1369, #1365, #1380, .T. ) ;
#1384 = ORIENTED_EDGE ( 'NONE', *, *, #1383, .T. ) ;
#1385 = EDGE_LOOP ( 'NONE', ( #1374, #1379, #1384 ) ) ;
#1386 = FACE_OUTER_BOUND ( 'NONE', #1385, .T. ) ;
#1388 = CARTESIAN_POINT ( 'NONE', ( 16.086583, 10.000000, -9.380602 ) ) ;
#1389 = DIRECTION ( 'NONE', ( 0.000000, 0.000000, 1.000000 ) ) ;
#1390 = DIRECTION ( 'NONE', ( 1.000000, 0.000000, 0.000000 ) ) ;
#1387 = AXIS2_PLACEMENT_3D ( 'NONE', #1388, #1389, #1390 ) ;
#1391 = PLANE ( 'NONE', #1387 ) ;
#1392 = ADVANCED_FACE ( 'NONE', ( #1386 ), #1391, .T. ) ;
#1393 = CARTESIAN_POINT ( 'NONE', ( 14.464466, 10.000000, -10.464466 ) ) ;
#1394 = VERTEX_POINT ( 'NONE', #1393 ) ;
#1395 = CARTESIAN_POINT ( 'NONE', ( 13.380602, 10.000000, -12.086583 ) ) ;
#1396 = VERTEX_POINT ( 'NONE', #1395 ) ;
#1397 = CARTESIAN_POINT ( 'NONE', ( 13.380602, 22.000000, -12.086583 ) ) ;
#1398 = VERTEX_POINT ( 'NONE', #1397 ) ;
#1401 = DIRECTION ( 'NONE', ( 1.000000, 0.000000, 0.000000 ) ) ;
#1400 = VECTOR ( 'NONE', #1401, 1.0 ) ;
#1399 = LINE ( 'NONE', #1393, #1400 ) ;
#1402 = EDGE_CURVE ( 'NONE', #1394, #1396, #1399, .T. ) ;
#1403 = ORIENTED_EDGE ( 'NONE', *, *, #1402, .T. ) ;
#1406 = DIRECTION ( 'NONE', ( 1.000000, 0.000000, 0.000000 ) ) ;
#1405 = VECTOR ( 'NONE', #1406, 1.0 ) ;
#1404 = LINE ( 'NONE', #1395, #1405 ) ;
#1407 = EDGE_CURVE ( 'NONE', #1396, #1398, #1404, .T. ) ;
#1408 = ORIENTED_EDGE ( 'NONE', *, *, #1407, .T. ) ;
#1411 = DIRECTION ( 'NONE', ( 1.000000, 0.000000, 0.000000 ) ) ;
#1410 = VECTOR ( 'NONE', #1411, 1.0 ) ;
#1409 = LINE ( 'NONE', #1397, #1410 ) ;
#1412 = EDGE_CURVE ( 'NONE', #1398, #1394, #1409, .T. ) ;
#1413 = ORIENTED_EDGE ( 'NONE', *, *, #1412, .T. ) ;
#1414 = EDGE_LOOP ( 'NONE', ( #1403, #1408, #1413 ) ) ;
#1415 = FACE_OUTER_BOUND ( 'NONE', #1414, .T. ) ;
#1417 = CARTESIAN_POINT ( 'NONE', ( 14.464466, 10.000000, -10.464466 ) ) ;
#1418 = DIRECTION ( 'NONE', ( 0.000000, 0.000000, 1.000000 ) ) ;
#1419 = DIRECTION ( 'NONE', ( 1.000000, 0.000000, 0.000000 ) ) ;
#1416 = AXIS2_PLACEMENT_3D ( 'NONE', #1417, #1418, #1419 ) ;
#1420 = PLANE ( 'NONE', #1416 ) ;
#1421 = ADVANCED_FACE ( 'NONE', ( #1415 ), #1420, .T. ) ;
#1422 = CARTESIAN_POINT ( 'NONE', ( 14.464466, 10.000000, -10.464466 ) ) ;
#1423 = VERTEX_POINT ( 'NONE', #1422 ) ;
#1424 = CARTESIAN_POINT ( 'NONE', ( 13.380602, 22.000000, -12.086583 ) ) ;
#1425 = VERTEX_POINT ( 'NONE', #1424 ) ;
#1426 = CARTESIAN_POINT ( 'NONE', ( 14.464466, 22.000000, -10.464466 ) ) ;
#1427 = VERTEX_POINT ( 'NONE', #1426 ) ;
#1430 = DIRECTION ( 'NONE', ( 1.000000, 0.000000, 0.000000 ) ) ;
#1429 = VECTOR ( 'NONE', #1430, 1.0 ) ;
#1428 = LINE ( 'NONE', #1422, #1429 ) ;
#1431 = EDGE_CURVE ( 'NONE', #1423, #1425, #1428, .T. ) ;
#1432 = ORIENTED_EDGE ( 'NONE', *, *, #1431, .T. ) ;
#1435 = DIRECTION ( 'NONE', ( 1.000000, 0.000000, 0.000000 ) ) ;
#1434 = VECTOR ( 'NONE', #1435, 1.0 ) ;
#1433 = LINE ( 'NONE', #1424, #1434 ) ;
#1436 = EDGE_CURVE ( 'NONE', #1425, #1427, #1433, .T. ) ;
#1437 = ORIENTED_EDGE ( 'NONE', *, *, #1436, .T. ) ;
#1440 = DIRECTION ( 'NONE', ( 1.000000, 0.000000, 0.000000 ) ) ;
#1439 = VECTOR ( 'NONE', #1440, 1.0 ) ;
#1438 = LINE ( 'NONE', #1426, #1439 ) ;
#1441 = EDGE_CURVE ( 'NONE', #1427, #1423, #1438, .T. ) ;
#1442 = ORIENTED_EDGE ( 'NONE', *, *, #1441, .T. ) ;
#1443 = EDGE_LOOP ( 'NONE', ( #1432, #1437, #1442 ) ) ;
#1444 = FACE_OUTER_BOUND ( 'NONE', #1443, .T. ) ;
#1446 = CARTESIAN_POINT ( 'NONE', ( 14.464466, 10.000000, -10.464466 ) ) ;
#1447 = DIRECTION ( 'NONE', ( 0.000000, 0.000000, 1.000000 ) ) ;
#1448 = DIRECTION ( 'NONE', ( 1.000000, 0.000000, 0.000000 ) ) ;
#1445 = AXIS2_PLACEMENT_3D ( 'NONE', #1446, #1447, #1448 ) ;
#1449 = PLANE ( 'NONE', #1445 ) ;
#1450 = ADVANCED_FACE ( 'NONE', ( #1444 ), #1449, .T. ) ;
#1451 = CARTESIAN_POINT ( 'NONE', ( 13.380602, 10.000000, -12.086583 ) ) ;
#1452 = VERTEX_POINT ( 'NONE', #1451 ) ;
#1453 = CARTESIAN_POINT ( 'NONE', ( 13.000000, 10.000000, -14.000000 ) ) ;
#1454 = VERTEX_POINT ( 'NONE', #1453 ) ;
#1455 = CARTESIAN_POINT ( 'NONE', ( 13.000000, 22.000000, -14.000000 ) ) ;
#1456 = VERTEX_POINT ( 'NONE', #1455 ) ;
#1459 = DIRECTION ( 'NONE', ( 1.000000, 0.000000, 0.000000 ) ) ;
#1458 = VECTOR ( 'NONE', #1459, 1.0 ) ;
#1457 = LINE ( 'NONE', #1451, #1458 ) ;
#1460 = EDGE_CURVE ( 'NONE', #1452, #1454, #1457, .T. ) ;
#1461 = ORIENTED_EDGE ( 'NONE', *, *, #1460, .T. ) ;
#1464 = DIRECTION ( 'NONE', ( 1.000000, 0.000000, 0.000000 ) ) ;
#1463 = VECTOR ( 'NONE', #1464, 1.0 ) ;
#1462 = LINE ( 'NONE', #1453, #1463 ) ;
#1465 = EDGE_CURVE ( 'NONE', #1454, #1456, #1462, .T. ) ;
#1466 = ORIENTED_EDGE ( 'NONE', *, *, #1465, .T. ) ;
#1469 = DIRECTION ( 'NONE', ( 1.000000, 0.000000, 0.000000 ) ) ;
#1468 = VECTOR ( 'NONE', #1469, 1.0 ) ;
#1467 = LINE ( 'NONE', #1455, #1468 ) ;
#1470 = EDGE_CURVE ( 'NONE', #1456, #1452, #1467, .T. ) ;
#1471 = ORIENTED_EDGE ( 'NONE', *, *, #1470, .T. ) ;
#1472 = EDGE_LOOP ( 'NONE', ( #1461, #1466, #1471 ) ) ;
#1473 = FACE_OUTER_BOUND ( 'NONE', #1472, .T. ) ;
#1475 = CARTESIAN_POINT ( 'NONE', ( 13.380602, 10.000000, -12.086583 ) ) ;
#1476 = DIRECTION ( 'NONE', ( 0.000000, 0.000000, 1.000000 ) ) ;
#1477 = DIRECTION ( 'NONE', ( 1.000000, 0.000000, 0.000000 ) ) ;
#1474 = AXIS2_PLACEMENT_3D ( 'NONE', #1475, #1476, #1477 ) ;
#1478 = PLANE ( 'NONE', #1474 ) ;
#1479 = ADVANCED_FACE ( 'NONE', ( #1473 ), #1478, .T. ) ;
#1480 = CARTESIAN_POINT ( 'NONE', ( 13.380602, 10.000000, -12.086583 ) ) ;
#1481 = VERTEX_POINT ( 'NONE', #1480 ) ;
#1482 = CARTESIAN_POINT ( 'NONE', ( 13.000000, 22.000000, -14.000000 ) ) ;
#1483 = VERTEX_POINT ( 'NONE', #1482 ) ;
#1484 = CARTESIAN_POINT ( 'NONE', ( 13.380602, 22.000000, -12.086583 ) ) ;
#1485 = VERTEX_POINT ( 'NONE', #1484 ) ;
#1488 = DIRECTION ( 'NONE', ( 1.000000, 0.000000, 0.000000 ) ) ;
#1487 = VECTOR ( 'NONE', #1488, 1.0 ) ;
#1486 = LINE ( 'NONE', #1480, #1487 ) ;
#1489 = EDGE_CURVE ( 'NONE', #1481, #1483, #1486, .T. ) ;
#1490 = ORIENTED_EDGE ( 'NONE', *, *, #1489, .T. ) ;
#1493 = DIRECTION ( 'NONE', ( 1.000000, 0.000000, 0.000000 ) ) ;
#1492 = VECTOR ( 'NONE', #1493, 1.0 ) ;
#1491 = LINE ( 'NONE', #1482, #1492 ) ;
#1494 = EDGE_CURVE ( 'NONE', #1483, #1485, #1491, .T. ) ;
#1495 = ORIENTED_EDGE ( 'NONE', *, *, #1494, .T. ) ;
#1498 = DIRECTION ( 'NONE', ( 1.000000, 0.000000, 0.000000 ) ) ;
#1497 = VECTOR ( 'NONE', #1498, 1.0 ) ;
#1496 = LINE ( 'NONE', #1484, #1497 ) ;
#1499 = EDGE_CURVE ( 'NONE', #1485, #1481, #1496, .T. ) ;
#1500 = ORIENTED_EDGE ( 'NONE', *, *, #1499, .T. ) ;
#1501 = EDGE_LOOP ( 'NONE', ( #1490, #1495, #1500 ) ) ;
#1502 = FACE_OUTER_BOUND ( 'NONE', #1501, .T. ) ;
#1504 = CARTESIAN_POINT ( 'NONE', ( 13.380602, 10.000000, -12.086583 ) ) ;
#1505 = DIRECTION ( 'NONE', ( 0.000000, 0.000000, 1.000000 ) ) ;
#1506 = DIRECTION ( 'NONE', ( 1.000000, 0.000000, 0.000000 ) ) ;
#1503 = AXIS2_PLACEMENT_3D ( 'NONE', #1504, #1505, #1506 ) ;
#1507 = PLANE ( 'NONE', #1503 ) ;
#1508 = ADVANCED_FACE ( 'NONE', ( #1502 ), #1507, .T. ) ;
#1509 = CARTESIAN_POINT ( 'NONE', ( 13.000000, 10.000000, -14.000000 ) ) ;
#1510 = VERTEX_POINT ( 'NONE', #1509 ) ;
#1511 = CARTESIAN_POINT ( 'NONE', ( 13.380602, 10.000000, -15.913417 ) ) ;
#1512 = VERTEX_POINT ( 'NONE', #1511 ) ;
#1513 = CARTESIAN_POINT ( 'NONE', ( 13.380602, 22.000000, -15.913417 ) ) ;
#1514 = VERTEX_POINT ( 'NONE', #1513 ) ;
#1517 = DIRECTION ( 'NONE', ( 1.000000, 0.000000, 0.000000 ) ) ;
#1516 = VECTOR ( 'NONE', #1517, 1.0 ) ;
#1515 = LINE ( 'NONE', #1509, #1516 ) ;
#1518 = EDGE_CURVE ( 'NONE', #1510, #1512, #1515, .T. ) ;
#1519 = ORIENTED_EDGE ( 'NONE', *, *, #1518, .T. ) ;
#1522 = DIRECTION ( 'NONE', ( 1.000000, 0.000000, 0.000000 ) ) ;
#1521 = VECTOR ( 'NONE', #1522, 1.0 ) ;
#1520 = LINE ( 'NONE', #1511, #1521 ) ;
#1523 = EDGE_CURVE ( 'NONE', #1512, #1514, #1520, .T. ) ;
#1524 = ORIENTED_EDGE ( 'NONE', *, *, #1523, .T. ) ;
#1527 = DIRECTION ( 'NONE', ( 1.000000, 0.000000, 0.000000 ) ) ;
#1526 = VECTOR ( 'NONE', #1527, 1.0 ) ;
#1525 = LINE ( 'NONE', #1513, #1526 ) ;
#1528 = EDGE_CURVE ( 'NONE', #1514, #1510, #1525, .T. ) ;
#1529 = ORIENTED_EDGE ( 'NONE', *, *, #1528, .T. ) ;
#1530 = EDGE_LOOP ( 'NONE', ( #1519, #1524, #1529 ) ) ;
#1531 = FACE_OUTER_BOUND ( 'NONE', #1530, .T. ) ;
#1533 = CARTESIAN_POINT ( 'NONE', ( 13.000000, 10.000000, -14.000000 ) ) ;
#1534 = DIRECTION ( 'NONE', ( 0.000000, 0.000000, 1.000000 ) ) ;
#1535 = DIRECTION ( 'NONE', ( 1.000000, 0.000000, 0.000000 ) ) ;
#1532 = AXIS2_PLACEMENT_3D ( 'NONE', #1533, #1534, #1535 ) ;
#1536 = PLANE ( 'NONE', #1532 ) ;
#1537 = ADVANCED_FACE ( 'NONE', ( #1531 ), #1536, .T. ) ;
#1538 = CARTESIAN_POINT ( 'NONE', ( 13.000000, 10.000000, -14.000000 ) ) ;
#1539 = VERTEX_POINT ( 'NONE', #1538 ) ;
#1540 = CARTESIAN_POINT ( 'NONE', ( 13.380602, 22.000000, -15.913417 ) ) ;
#1541 = VERTEX_POINT ( 'NONE', #1540 ) ;
#1542 = CARTESIAN_POINT ( 'NONE', ( 13.000000, 22.000000, -14.000000 ) ) ;
#1543 = VERTEX_POINT ( 'NONE', #1542 ) ;
#1546 = DIRECTION ( 'NONE', ( 1.000000, 0.000000, 0.000000 ) ) ;
#1545 = VECTOR ( 'NONE', #1546, 1.0 ) ;
#1544 = LINE ( 'NONE', #1538, #1545 ) ;
#1547 = EDGE_CURVE ( 'NONE', #1539, #1541, #1544, .T. ) ;
#1548 = ORIENTED_EDGE ( 'NONE', *, *, #1547, .T. ) ;
#1551 = DIRECTION ( 'NONE', ( 1.000000, 0.000000, 0.000000 ) ) ;
#1550 = VECTOR ( 'NONE', #1551, 1.0 ) ;
#1549 = LINE ( 'NONE', #1540, #1550 ) ;
#1552 = EDGE_CURVE ( 'NONE', #1541, #1543, #1549, .T. ) ;
#1553 = ORIENTED_EDGE ( 'NONE', *, *, #1552, .T. ) ;
#1556 = DIRECTION ( 'NONE', ( 1.000000, 0.000000, 0.000000 ) ) ;
#1555 = VECTOR ( 'NONE', #1556, 1.0 ) ;
#1554 = LINE ( 'NONE', #1542, #1555 ) ;
#1557 = EDGE_CURVE ( 'NONE', #1543, #1539, #1554, .T. ) ;
#1558 = ORIENTED_EDGE ( 'NONE', *, *, #1557, .T. ) ;
#1559 = EDGE_LOOP ( 'NONE', ( #1548, #1553, #1558 ) ) ;
#1560 = FACE_OUTER_BOUND ( 'NONE', #1559, .T. ) ;
#1562 = CARTESIAN_POINT ( 'NONE', ( 13.000000, 10.000000, -14.000000 ) ) ;
#1563 = DIRECTION ( 'NONE', ( 0.000000, 0.000000, 1.000000 ) ) ;
#1564 = DIRECTION ( 'NONE', ( 1.000000, 0.000000, 0.000000 ) ) ;
#1561 = AXIS2_PLACEMENT_3D ( 'NONE', #1562, #1563, #1564 ) ;
#1565 = PLANE ( 'NONE', #1561 ) ;
#1566 = ADVANCED_FACE ( 'NONE', ( #1560 ), #1565, .T. ) ;
#1567 = CARTESIAN_POINT ( 'NONE', ( 13.380602, 10.000000, -15.913417 ) ) ;
#1568 = VERTEX_POINT ( 'NONE', #1567 ) ;
#1569 = CARTESIAN_POINT ( 'NONE', ( 14.464466, 10.000000, -17.535534 ) ) ;
#1570 = VERTEX_POINT ( 'NONE', #1569 ) ;
#1571 = CARTESIAN_POINT ( 'NONE', ( 14.464466, 22.000000, -17.535534 ) ) ;
#1572 = VERTEX_POINT ( 'NONE', #1571 ) ;
#1575 = DIRECTION ( 'NONE', ( 1.000000, 0.000000, 0.000000 ) ) ;
#1574 = VECTOR ( 'NONE', #1575, 1.0 ) ;
#1573 = LINE ( 'NONE', #1567, #1574 ) ;
#1576 = EDGE_CURVE ( 'NONE', #1568, #1570, #1573, .T. ) ;
#1577 = ORIENTED_EDGE ( 'NONE', *, *, #1576, .T. ) ;
#1580 = DIRECTION ( 'NONE', ( 1.000000, 0.000000, 0.000000 ) ) ;
#1579 = VECTOR ( 'NONE', #1580, 1.0 ) ;
#1578 = LINE ( 'NONE', #1569, #1579 ) ;
#1581 = EDGE_CURVE ( 'NONE', #1570, #1572, #1578, .T. ) ;
#1582 = ORIENTED_EDGE ( 'NONE', *, *, #1581, .T. ) ;
#1585 = DIRECTION ( 'NONE', ( 1.000000, 0.000000, 0.000000 ) ) ;
#1584 = VECTOR ( 'NONE', #1585, 1.0 ) ;
#1583 = LINE ( 'NONE', #1571, #1584 ) ;
#1586 = EDGE_CURVE ( 'NONE', #1572, #1568, #1583, .T. ) ;
#1587 = ORIENTED_EDGE ( 'NONE', *, *, #1586, .T. ) ;
#1588 = EDGE_LOOP ( 'NONE', ( #1577, #1582, #1587 ) ) ;
#1589 = FACE_OUTER_BOUND ( 'NONE', #1588, .T. ) ;
#1591 = CARTESIAN_POINT ( 'NONE', ( 13.380602, 10.000000, -15.913417 ) ) ;
#1592 = DIRECTION ( 'NONE', ( 0.000000, 0.000000, 1.000000 ) ) ;
#1593 = DIRECTION ( 'NONE', ( 1.000000, 0.000000, 0.000000 ) ) ;
#1590 = AXIS2_PLACEMENT_3D ( 'NONE', #1591, #1592, #1593 ) ;
#1594 = PLANE ( 'NONE', #1590 ) ;
#1595 = ADVANCED_FACE ( 'NONE', ( #1589 ), #1594, .T. ) ;
#1596 = CARTESIAN_POINT ( 'NONE', ( 13.380602, 10.000000, -15.913417 ) ) ;
#1597 = VERTEX_POINT ( 'NONE', #1596 ) ;
#1598 = CARTESIAN_POINT ( 'NONE', ( 14.464466, 22.000000, -17.535534 ) ) ;
#1599 = VERTEX_POINT ( 'NONE', #1598 ) ;
#1600 = CARTESIAN_POINT ( 'NONE', ( 13.380602, 22.000000, -15.913417 ) ) ;
#1601 = VERTEX_POINT ( 'NONE', #1600 ) ;
#1604 = DIRECTION ( 'NONE', ( 1.000000, 0.000000, 0.000000 ) ) ;
#1603 = VECTOR ( 'NONE', #1604, 1.0 ) ;
#1602 = LINE ( 'NONE', #1596, #1603 ) ;
#1605 = EDGE_CURVE ( 'NONE', #1597, #1599, #1602, .T. ) ;
#1606 = ORIENTED_EDGE ( 'NONE', *, *, #1605, .T. ) ;
#1609 = DIRECTION ( 'NONE', ( 1.000000, 0.000000, 0.000000 ) ) ;
#1608 = VECTOR ( 'NONE', #1609, 1.0 ) ;
#1607 = LINE ( 'NONE', #1598, #1608 ) ;
#1610 = EDGE_CURVE ( 'NONE', #1599, #1601, #1607, .T. ) ;
#1611 = ORIENTED_EDGE ( 'NONE', *, *, #1610, .T. ) ;
#1614 = DIRECTION ( 'NONE', ( 1.000000, 0.000000, 0.000000 ) ) ;
#1613 = VECTOR ( 'NONE', #1614, 1.0 ) ;
#1612 = LINE ( 'NONE', #1600, #1613 ) ;
#1615 = EDGE_CURVE ( 'NONE', #1601, #1597, #1612, .T. ) ;
#1616 = ORIENTED_EDGE ( 'NONE', *, *, #1615, .T. ) ;
#1617 = EDGE_LOOP ( 'NONE', ( #1606, #1611, #1616 ) ) ;
#1618 = FACE_OUTER_BOUND ( 'NONE', #1617, .T. ) ;
#1620 = CARTESIAN_POINT ( 'NONE', ( 13.380602, 10.000000, -15.913417 ) ) ;
#1621 = DIRECTION ( 'NONE', ( 0.000000, 0.000000, 1.000000 ) ) ;
#1622 = DIRECTION ( 'NONE', ( 1.000000, 0.000000, 0.000000 ) ) ;
#1619 = AXIS2_PLACEMENT_3D ( 'NONE', #1620, #1621, #1622 ) ;
#1623 = PLANE ( 'NONE', #1619 ) ;
#1624 = ADVANCED_FACE ( 'NONE', ( #1618 ), #1623, .T. ) ;
#1625 = CARTESIAN_POINT ( 'NONE', ( 14.464466, 10.000000, -17.535534 ) ) ;
#1626 = VERTEX_POINT ( 'NONE', #1625 ) ;
#1627 = CARTESIAN_POINT ( 'NONE', ( 16.086583, 10.000000, -18.619398 ) ) ;
#1628 = VERTEX_POINT ( 'NONE', #1627 ) ;
#1629 = CARTESIAN_POINT ( 'NONE', ( 16.086583, 22.000000, -18.619398 ) ) ;
#1630 = VERTEX_POINT ( 'NONE', #1629 ) ;
#1633 = DIRECTION ( 'NONE', ( 1.000000, 0.000000, 0.000000 ) ) ;
#1632 = VECTOR ( 'NONE', #1633, 1.0 ) ;
#1631 = LINE ( 'NONE', #1625, #1632 ) ;
#1634 = EDGE_CURVE ( 'NONE', #1626, #1628, #1631, .T. ) ;
#1635 = ORIENTED_EDGE ( 'NONE', *, *, #1634, .T. ) ;
#1638 = DIRECTION ( 'NONE', ( 1.000000, 0.000000, 0.000000 ) ) ;
#1637 = VECTOR ( 'NONE', #1638, 1.0 ) ;
#1636 = LINE ( 'NONE', #1627, #1637 ) ;
#1639 = EDGE_CURVE ( 'NONE', #1628, #1630, #1636, .T. ) ;
#1640 = ORIENTED_EDGE ( 'NONE', *, *, #1639, .T. ) ;
#1643 = DIRECTION ( 'NONE', ( 1.000000, 0.000000, 0.000000 ) ) ;
#1642 = VECTOR ( 'NONE', #1643, 1.0 ) ;
#1641 = LINE ( 'NONE', #1629, #1642 ) ;
#1644 = EDGE_CURVE ( 'NONE', #1630, #1626, #1641, .T. ) ;
#1645 = ORIENTED_EDGE ( 'NONE', *, *, #1644, .T. ) ;
#1646 = EDGE_LOOP ( 'NONE', ( #1635, #1640, #1645 ) ) ;
#1647 = FACE_OUTER_BOUND ( 'NONE', #1646, .T. ) ;
#1649 = CARTESIAN_POINT ( 'NONE', ( 14.464466, 10.000000, -17.535534 ) ) ;
#1650 = DIRECTION ( 'NONE', ( 0.000000, 0.000000, 1.000000 ) ) ;
#1651 = DIRECTION ( 'NONE', ( 1.000000, 0.000000, 0.000000 ) ) ;
#1648 = AXIS2_PLACEMENT_3D ( 'NONE', #1649, #1650, #1651 ) ;
#1652 = PLANE ( 'NONE', #1648 ) ;
#1653 = ADVANCED_FACE ( 'NONE', ( #1647 ), #1652, .T. ) ;
#1654 = CARTESIAN_POINT ( 'NONE', ( 14.464466, 10.000000, -17.535534 ) ) ;
#1655 = VERTEX_POINT ( 'NONE', #1654 ) ;
#1656 = CARTESIAN_POINT ( 'NONE', ( 16.086583, 22.000000, -18.619398 ) ) ;
#1657 = VERTEX_POINT ( 'NONE', #1656 ) ;
#1658 = CARTESIAN_POINT ( 'NONE', ( 14.464466, 22.000000, -17.535534 ) ) ;
#1659 = VERTEX_POINT ( 'NONE', #1658 ) ;
#1662 = DIRECTION ( 'NONE', ( 1.000000, 0.000000, 0.000000 ) ) ;
#1661 = VECTOR ( 'NONE', #1662, 1.0 ) ;
#1660 = LINE ( 'NONE', #1654, #1661 ) ;
#1663 = EDGE_CURVE ( 'NONE', #1655, #1657, #1660, .T. ) ;
#1664 = ORIENTED_EDGE ( 'NONE', *, *, #1663, .T. ) ;
#1667 = DIRECTION ( 'NONE', ( 1.000000, 0.000000, 0.000000 ) ) ;
#1666 = VECTOR ( 'NONE', #1667, 1.0 ) ;
#1665 = LINE ( 'NONE', #1656, #1666 ) ;
#1668 = EDGE_CURVE ( 'NONE', #1657, #1659, #1665, .T. ) ;
#1669 = ORIENTED_EDGE ( 'NONE', *, *, #1668, .T. ) ;
#1672 = DIRECTION ( 'NONE', ( 1.000000, 0.000000, 0.000000 ) ) ;
#1671 = VECTOR ( 'NONE', #1672, 1.0 ) ;
#1670 = LINE ( 'NONE', #1658, #1671 ) ;
#1673 = EDGE_CURVE ( 'NONE', #1659, #1655, #1670, .T. ) ;
#1674 = ORIENTED_EDGE ( 'NONE', *, *, #1673, .T. ) ;
#1675 = EDGE_LOOP ( 'NONE', ( #1664, #1669, #1674 ) ) ;
#1676 = FACE_OUTER_BOUND ( 'NONE', #1675, .T. ) ;
#1678 = CARTESIAN_POINT ( 'NONE', ( 14.464466, 10.000000, -17.535534 ) ) ;
#1679 = DIRECTION ( 'NONE', ( 0.000000, 0.000000, 1.000000 ) ) ;
#1680 = DIRECTION ( 'NONE', ( 1.000000, 0.000000, 0.000000 ) ) ;
#1677 = AXIS2_PLACEMENT_3D ( 'NONE', #1678, #1679, #1680 ) ;
#1681 = PLANE ( 'NONE', #1677 ) ;
#1682 = ADVANCED_FACE ( 'NONE', ( #1676 ), #1681, .T. ) ;
#1683 = CARTESIAN_POINT ( 'NONE', ( 16.086583, 10.000000, -18.619398 ) ) ;
#1684 = VERTEX_POINT ( 'NONE', #1683 ) ;
#1685 = CARTESIAN_POINT ( 'NONE', ( 18.000000, 10.000000, -19.000000 ) ) ;
#1686 = VERTEX_POINT ( 'NONE', #1685 ) ;
#1687 = CARTESIAN_POINT ( 'NONE', ( 18.000000, 22.000000, -19.000000 ) ) ;
#1688 = VERTEX_POINT ( 'NONE', #1687 ) ;
#1691 = DIRECTION ( 'NONE', ( 1.000000, 0.000000, 0.000000 ) ) ;
#1690 = VECTOR ( 'NONE', #1691, 1.0 ) ;
#1689 = LINE ( 'NONE', #1683, #1690 ) ;
#1692 = EDGE_CURVE ( 'NONE', #1684, #1686, #1689, .T. ) ;
#1693 = ORIENTED_EDGE ( 'NONE', *, *, #1692, .T. ) ;
#1696 = DIRECTION ( 'NONE', ( 1.000000, 0.000000, 0.000000 ) ) ;
#1695 = VECTOR ( 'NONE', #1696, 1.0 ) ;
#1694 = LINE ( 'NONE', #1685, #1695 ) ;
#1697 = EDGE_CURVE ( 'NONE', #1686, #1688, #1694, .T. ) ;
#1698 = ORIENTED_EDGE ( 'NONE', *, *, #1697, .T. ) ;
#1701 = DIRECTION ( 'NONE', ( 1.000000, 0.000000, 0.000000 ) ) ;
#1700 = VECTOR ( 'NONE', #1701, 1.0 ) ;
#1699 = LINE ( 'NONE', #1687, #1700 ) ;
#1702 = EDGE_CURVE ( 'NONE', #1688, #1684, #1699, .T. ) ;
#1703 = ORIENTED_EDGE ( 'NONE', *, *, #1702, .T. ) ;
#1704 = EDGE_LOOP ( 'NONE', ( #1693, #1698, #1703 ) ) ;
#1705 = FACE_OUTER_BOUND ( 'NONE', #1704, .T. ) ;
#1707 = CARTESIAN_POINT ( 'NONE', ( 16.086583, 10.000000, -18.619398 ) ) ;
#1708 = DIRECTION ( 'NONE', ( 0.000000, 0.000000, 1.000000 ) ) ;
#1709 = DIRECTION ( 'NONE', ( 1.000000, 0.000000, 0.000000 ) ) ;
#1706 = AXIS2_PLACEMENT_3D ( 'NONE', #1707, #1708, #1709 ) ;
#1710 = PLANE ( 'NONE', #1706 ) ;
#1711 = ADVANCED_FACE ( 'NONE', ( #1705 ), #1710, .T. ) ;
#1712 = CARTESIAN_POINT ( 'NONE', ( 16.086583, 10.000000, -18.619398 ) ) ;
#1713 = VERTEX_POINT ( 'NONE', #1712 ) ;
#1714 = CARTESIAN_POINT ( 'NONE', ( 18.000000, 22.000000, -19.000000 ) ) ;
#1715 = VERTEX_POINT ( 'NONE', #1714 ) ;
#1716 = CARTESIAN_POINT ( 'NONE', ( 16.086583, 22.000000, -18.619398 ) ) ;
#1717 = VERTEX_POINT ( 'NONE', #1716 ) ;
#1720 = DIRECTION ( 'NONE', ( 1.000000, 0.000000, 0.000000 ) ) ;
#1719 = VECTOR ( 'NONE', #1720, 1.0 ) ;
#1718 = LINE ( 'NONE', #1712, #1719 ) ;
#1721 = EDGE_CURVE ( 'NONE', #1713, #1715, #1718, .T. ) ;
#1722 = ORIENTED_EDGE ( 'NONE', *, *, #1721, .T. ) ;
#1725 = DIRECTION ( 'NONE', ( 1.000000, 0.000000, 0.000000 ) ) ;
#1724 = VECTOR ( 'NONE', #1725, 1.0 ) ;
#1723 = LINE ( 'NONE', #1714, #1724 ) ;
#1726 = EDGE_CURVE ( 'NONE', #1715, #1717, #1723, .T. ) ;
#1727 = ORIENTED_EDGE ( 'NONE', *, *, #1726, .T. ) ;
#1730 = DIRECTION ( 'NONE', ( 1.000000, 0.000000, 0.000000 ) ) ;
#1729 = VECTOR ( 'NONE', #1730, 1.0 ) ;
#1728 = LINE ( 'NONE', #1716, #1729 ) ;
#1731 = EDGE_CURVE ( 'NONE', #1717, #1713, #1728, .T. ) ;
#1732 = ORIENTED_EDGE ( 'NONE', *, *, #1731, .T. ) ;
#1733 = EDGE_LOOP ( 'NONE', ( #1722, #1727, #1732 ) ) ;
#1734 = FACE_OUTER_BOUND ( 'NONE', #1733, .T. ) ;
#1736 = CARTESIAN_POINT ( 'NONE', ( 16.086583, 10.000000, -18.619398 ) ) ;
#1737 = DIRECTION ( 'NONE', ( 0.000000, 0.000000, 1.000000 ) ) ;
#1738 = DIRECTION ( 'NONE', ( 1.000000, 0.000000, 0.000000 ) ) ;
#1735 = AXIS2_PLACEMENT_3D ( 'NONE', #1736, #1737, #1738 ) ;
#1739 = PLANE ( 'NONE', #1735 ) ;
#1740 = ADVANCED_FACE ( 'NONE', ( #1734 ), #1739, .T. ) ;
#1741 = CARTESIAN_POINT ( 'NONE', ( 18.000000, 10.000000, -19.000000 ) ) ;
#1742 = VERTEX_POINT ( 'NONE', #1741 ) ;
#1743 = CARTESIAN_POINT ( 'NONE', ( 19.913417, 10.000000, -18.619398 ) ) ;
#1744 = VERTEX_POINT ( 'NONE', #1743 ) ;
#1745 = CARTESIAN_POINT ( 'NONE', ( 19.913417, 22.000000, -18.619398 ) ) ;
#1746 = VERTEX_POINT ( 'NONE', #1745 ) ;
#1749 = DIRECTION ( 'NONE', ( 1.000000, 0.000000, 0.000000 ) ) ;
#1748 = VECTOR ( 'NONE', #1749, 1.0 ) ;
#1747 = LINE ( 'NONE', #1741, #1748 ) ;
#1750 = EDGE_CURVE ( 'NONE', #1742, #1744, #1747, .T. ) ;
#1751 = ORIENTED_EDGE ( 'NONE', *, *, #1750, .T. ) ;
#1754 = DIRECTION ( 'NONE', ( 1.000000, 0.000000, 0.000000 ) ) ;
#1753 = VECTOR ( 'NONE', #1754, 1.0 ) ;
#1752 = LINE ( 'NONE', #1743, #1753 ) ;
#1755 = EDGE_CURVE ( 'NONE', #1744, #1746, #1752, .T. ) ;
#1756 = ORIENTED_EDGE ( 'NONE', *, *, #1755, .T. ) ;
#1759 = DIRECTION ( 'NONE', ( 1.000000, 0.000000, 0.000000 ) ) ;
#1758 = VECTOR ( 'NONE', #1759, 1.0 ) ;
#1757 = LINE ( 'NONE', #1745, #1758 ) ;
#1760 = EDGE_CURVE ( 'NONE', #1746, #1742, #1757, .T. ) ;
#1761 = ORIENTED_EDGE ( 'NONE', *, *, #1760, .T. ) ;
#1762 = EDGE_LOOP ( 'NONE', ( #1751, #1756, #1761 ) ) ;
#1763 = FACE_OUTER_BOUND ( 'NONE', #1762, .T. ) ;
#1765 = CARTESIAN_POINT ( 'NONE', ( 18.000000, 10.000000, -19.000000 ) ) ;
#1766 = DIRECTION ( 'NONE', ( 0.000000, 0.000000, 1.000000 ) ) ;
#1767 = DIRECTION ( 'NONE', ( 1.000000, 0.000000, 0.000000 ) ) ;
#1764 = AXIS2_PLACEMENT_3D ( 'NONE', #1765, #1766, #1767 ) ;
#1768 = PLANE ( 'NONE', #1764 ) ;
#1769 = ADVANCED_FACE ( 'NONE', ( #1763 ), #1768, .T. ) ;
#1770 = CARTESIAN_POINT ( 'NONE', ( 18.000000, 10.000000, -19.000000 ) ) ;
#1771 = VERTEX_POINT ( 'NONE', #1770 ) ;
#1772 = CARTESIAN_POINT ( 'NONE', ( 19.913417, 22.000000, -18.619398 ) ) ;
#1773 = VERTEX_POINT ( 'NONE', #1772 ) ;
#1774 = CARTESIAN_POINT ( 'NONE', ( 18.000000, 22.000000, -19.000000 ) ) ;
#1775 = VERTEX_POINT ( 'NONE', #1774 ) ;
#1778 = DIRECTION ( 'NONE', ( 1.000000, 0.000000, 0.000000 ) ) ;
#1777 = VECTOR ( 'NONE', #1778, 1.0 ) ;
#1776 = LINE ( 'NONE', #1770, #1777 ) ;
#1779 = EDGE_CURVE ( 'NONE', #1771, #1773, #1776, .T. ) ;
#1780 = ORIENTED_EDGE ( 'NONE', *, *, #1779, .T. ) ;
#1783 = DIRECTION ( 'NONE', ( 1.000000, 0.000000, 0.000000 ) ) ;
#1782 = VECTOR ( 'NONE', #1783, 1.0 ) ;
#1781 = LINE ( 'NONE', #1772, #1782 ) ;
#1784 = EDGE_CURVE ( 'NONE', #1773, #1775, #1781, .T. ) ;
#1785 = ORIENTED_EDGE ( 'NONE', *, *, #1784, .T. ) ;
#1788 = DIRECTION ( 'NONE', ( 1.000000, 0.000000, 0.000000 ) ) ;
#1787 = VECTOR ( 'NONE', #1788, 1.0 ) ;
#1786 = LINE ( 'NONE', #1774, #1787 ) ;
#1789 = EDGE_CURVE ( 'NONE', #1775, #1771, #1786, .T. ) ;
#1790 = ORIENTED_EDGE ( 'NONE', *, *, #1789, .T. ) ;
#1791 = EDGE_LOOP ( 'NONE', ( #1780, #1785, #1790 ) ) ;
#1792 = FACE_OUTER_BOUND ( 'NONE', #1791, .T. ) ;
#1794 = CARTESIAN_POINT ( 'NONE', ( 18.000000, 10.000000, -19.000000 ) ) ;
#1795 = DIRECTION ( 'NONE', ( 0.000000, 0.000000, 1.000000 ) ) ;
#1796 = DIRECTION ( 'NONE', ( 1.000000, 0.000000, 0.000000 ) ) ;
#1793 = AXIS2_PLACEMENT_3D ( 'NONE', #1794, #1795, #1796 ) ;
#1797 = PLANE ( 'NONE', #1793 ) ;
#1798 = ADVANCED_FACE ( 'NONE', ( #1792 ), #1797, .T. ) ;
#1799 = CARTESIAN_POINT ( 'NONE', ( 19.913417, 10.000000, -18.619398 ) ) ;
#1800 = VERTEX_POINT ( 'NONE', #1799 ) ;
#1801 = CARTESIAN_POINT ( 'NONE', ( 21.535534, 10.000000, -17.535534 ) ) ;
#1802 = VERTEX_POINT ( 'NONE', #1801 ) ;
#1803 = CARTESIAN_POINT ( 'NONE', ( 21.535534, 22.000000, -17.535534 ) ) ;
#1804 = VERTEX_POINT ( 'NONE', #1803 ) ;
#1807 = DIRECTION ( 'NONE', ( 1.000000, 0.000000, 0.000000 ) ) ;
#1806 = VECTOR ( 'NONE', #1807, 1.0 ) ;
#1805 = LINE ( 'NONE', #1799, #1806 ) ;
#1808 = EDGE_CURVE ( 'NONE', #1800, #1802, #1805, .T. ) ;
#1809 = ORIENTED_EDGE ( 'NONE', *, *, #1808, .T. ) ;
#1812 = DIRECTION ( 'NONE', ( 1.000000, 0.000000, 0.000000 ) ) ;
#1811 = VECTOR ( 'NONE', #1812, 1.0 ) ;
#1810 = LINE ( 'NONE', #1801, #1811 ) ;
#1813 = EDGE_CURVE ( 'NONE', #1802, #1804, #1810, .T. ) ;
#1814 = ORIENTED_EDGE ( 'NONE', *, *, #1813, .T. ) ;
#1817 = DIRECTION ( 'NONE', ( 1.000000, 0.000000, 0.000000 ) ) ;
#1816 = VECTOR ( 'NONE', #1817, 1.0 ) ;
#1815 = LINE ( 'NONE', #1803, #1816 ) ;
#1818 = EDGE_CURVE ( 'NONE', #1804, #1800, #1815, .T. ) ;
#1819 = ORIENTED_EDGE ( 'NONE', *, *, #1818, .T. ) ;
#1820 = EDGE_LOOP ( 'NONE', ( #1809, #1814, #1819 ) ) ;
#1821 = FACE_OUTER_BOUND ( 'NONE', #1820, .T. ) ;
#1823 = CARTESIAN_POINT ( 'NONE', ( 19.913417, 10.000000, -18.619398 ) ) ;
#1824 = DIRECTION ( 'NONE', ( 0.000000, 0.000000, 1.000000 ) ) ;
#1825 = DIRECTION ( 'NONE', ( 1.000000, 0.000000, 0.000000 ) ) ;
#1822 = AXIS2_PLACEMENT_3D ( 'NONE', #1823, #1824, #1825 ) ;
#1826 = PLANE ( 'NONE', #1822 ) ;
#1827 = ADVANCED_FACE ( 'NONE', ( #1821 ), #1826, .T. ) ;
#1828 = CARTESIAN_POINT ( 'NONE', ( 19.913417, 10.000000, -18.619398 ) ) ;
#1829 = VERTEX_POINT ( 'NONE', #1828 ) ;
#1830 = CARTESIAN_POINT ( 'NONE', ( 21.535534, 22.000000, -17.535534 ) ) ;
#1831 = VERTEX_POINT ( 'NONE', #1830 ) ;
#1832 = CARTESIAN_POINT ( 'NONE', ( 19.913417, 22.000000, -18.619398 ) ) ;
#1833 = VERTEX_POINT ( 'NONE', #1832 ) ;
#1836 = DIRECTION ( 'NONE', ( 1.000000, 0.000000, 0.000000 ) ) ;
#1835 = VECTOR ( 'NONE', #1836, 1.0 ) ;
#1834 = LINE ( 'NONE', #1828, #1835 ) ;
#1837 = EDGE_CURVE ( 'NONE', #1829, #1831, #1834, .T. ) ;
#1838 = ORIENTED_EDGE ( 'NONE', *, *, #1837, .T. ) ;
#1841 = DIRECTION ( 'NONE', ( 1.000000, 0.000000, 0.000000 ) ) ;
#1840 = VECTOR ( 'NONE', #1841, 1.0 ) ;
#1839 = LINE ( 'NONE', #1830, #1840 ) ;
#1842 = EDGE_CURVE ( 'NONE', #1831, #1833, #1839, .T. ) ;
#1843 = ORIENTED_EDGE ( 'NONE', *, *, #1842, .T. ) ;
#1846 = DIRECTION ( 'NONE', ( 1.000000, 0.000000, 0.000000 ) ) ;
#1845 = VECTOR ( 'NONE', #1846, 1.0 ) ;
#1844 = LINE ( 'NONE', #1832, #1845 ) ;
#1847 = EDGE_CURVE ( 'NONE', #1833, #1829, #1844, .T. ) ;
#1848 = ORIENTED_EDGE ( 'NONE', *, *, #1847, .T. ) ;
#1849 = EDGE_LOOP ( 'NONE', ( #1838, #1843, #1848 ) ) ;
#1850 = FACE_OUTER_BOUND ( 'NONE', #1849, .T. ) ;
#1852 = CARTESIAN_POINT ( 'NONE', ( 19.913417, 10.000000, -18.619398 ) ) ;
#1853 = DIRECTION ( 'NONE', ( 0.000000, 0.000000, 1.000000 ) ) ;
#1854 = DIRECTION ( 'NONE', ( 1.000000, 0.000000, 0.000000 ) ) ;
#1851 = AXIS2_PLACEMENT_3D ( 'NONE', #1852, #1853, #1854 ) ;
#1855 = PLANE ( 'NONE', #1851 ) ;
#1856 = ADVANCED_FACE ( 'NONE', ( #1850 ), #1855, .T. ) ;
#1857 = CARTESIAN_POINT ( 'NONE', ( 21.535534, 10.000000, -17.535534 ) ) ;
#1858 = VERTEX_POINT ( 'NONE', #1857 ) ;
#1859 = CARTESIAN_POINT ( 'NONE', ( 22.619398, 10.000000, -15.913417 ) ) ;
#1860 = VERTEX_POINT ( 'NONE', #1859 ) ;
#1861 = CARTESIAN_POINT ( 'NONE', ( 22.619398, 22.000000, -15.913417 ) ) ;
#1862 = VERTEX_POINT ( 'NONE', #1861 ) ;
#1865 = DIRECTION ( 'NONE', ( 1.000000, 0.000000, 0.000000 ) ) ;
#1864 = VECTOR ( 'NONE', #1865, 1.0 ) ;
#1863 = LINE ( 'NONE', #1857, #1864 ) ;
#1866 = EDGE_CURVE ( 'NONE', #1858, #1860, #1863, .T. ) ;
#1867 = ORIENTED_EDGE ( 'NONE', *, *, #1866, .T. ) ;
#1870 = DIRECTION ( 'NONE', ( 1.000000, 0.000000, 0.000000 ) ) ;
#1869 = VECTOR ( 'NONE', #1870, 1.0 ) ;
#1868 = LINE ( 'NONE', #1859, #1869 ) ;
#1871 = EDGE_CURVE ( 'NONE', #1860, #1862, #1868, .T. ) ;
#1872 = ORIENTED_EDGE ( 'NONE', *, *, #1871, .T. ) ;
#1875 = DIRECTION ( 'NONE', ( 1.000000, 0.000000, 0.000000 ) ) ;
#1874 = VECTOR ( 'NONE', #1875, 1.0 ) ;
#1873 = LINE ( 'NONE', #1861, #1874 ) ;
#1876 = EDGE_CURVE ( 'NONE', #1862, #1858, #1873, .T. ) ;
#1877 = ORIENTED_EDGE ( 'NONE', *, *, #1876, .T. ) ;
#1878 = EDGE_LOOP ( 'NONE', ( #1867, #1872, #1877 ) ) ;
#1879 = FACE_OUTER_BOUND ( 'NONE', #1878, .T. ) ;
#1881 = CARTESIAN_POINT ( 'NONE', ( 21.535534, 10.000000, -17.535534 ) ) ;
#1882 = DIRECTION ( 'NONE', ( 0.000000, 0.000000, 1.000000 ) ) ;
#1883 = DIRECTION ( 'NONE', ( 1.000000, 0.000000, 0.000000 ) ) ;
#1880 = AXIS2_PLACEMENT_3D ( 'NONE', #1881, #1882, #1883 ) ;
#1884 = PLANE ( 'NONE', #1880 ) ;
#1885 = ADVANCED_FACE ( 'NONE', ( #1879 ), #1884, .T. ) ;
#1886 = CARTESIAN_POINT ( 'NONE', ( 21.535534, 10.000000, -17.535534 ) ) ;
#1887 = VERTEX_POINT ( 'NONE', #1886 ) ;
#1888 = CARTESIAN_POINT ( 'NONE', ( 22.619398, 22.000000, -15.913417 ) ) ;
#1889 = VERTEX_POINT ( 'NONE', #1888 ) ;
#1890 = CARTESIAN_POINT ( 'NONE', ( 21.535534, 22.000000, -17.535534 ) ) ;
#1891 = VERTEX_POINT ( 'NONE', #1890 ) ;
#1894 = DIRECTION ( 'NONE', ( 1.000000, 0.000000, 0.000000 ) ) ;
#1893 = VECTOR ( 'NONE', #1894, 1.0 ) ;
#1892 = LINE ( 'NONE', #1886, #1893 ) ;
#1895 = EDGE_CURVE ( 'NONE', #1887, #1889, #1892, .T. ) ;
#1896 = ORIENTED_EDGE ( 'NONE', *, *, #1895, .T. ) ;
#1899 = DIRECTION ( 'NONE', ( 1.000000, 0.000000, 0.000000 ) ) ;
#1898 = VECTOR ( 'NONE', #1899, 1.0 ) ;
#1897 = LINE ( 'NONE', #1888, #1898 ) ;
#1900 = EDGE_CURVE ( 'NONE', #1889, #1891, #1897, .T. ) ;
#1901 = ORIENTED_EDGE ( 'NONE', *, *, #1900, .T. ) ;
#1904 = DIRECTION ( 'NONE', ( 1.000000, 0.000000, 0.000000 ) ) ;
#1903 = VECTOR ( 'NONE', #1904, 1.0 ) ;
#1902 = LINE ( 'NONE', #1890, #1903 ) ;
#1905 = EDGE_CURVE ( 'NONE', #1891, #1887, #1902, .T. ) ;
#1906 = ORIENTED_EDGE ( 'NONE', *, *, #1905, .T. ) ;
#1907 = EDGE_LOOP ( 'NONE', ( #1896, #1901, #1906 ) ) ;
#1908 = FACE_OUTER_BOUND ( 'NONE', #1907, .T. ) ;
#1910 = CARTESIAN_POINT ( 'NONE', ( 21.535534, 10.000000, -17.535534 ) ) ;
#1911 = DIRECTION ( 'NONE', ( 0.000000, 0.000000, 1.000000 ) ) ;
#1912 = DIRECTION ( 'NONE', ( 1.000000, 0.000000, 0.000000 ) ) ;
#1909 = AXIS2_PLACEMENT_3D ( 'NONE', #1910, #1911, #1912 ) ;
#1913 = PLANE ( 'NONE', #1909 ) ;
#1914 = ADVANCED_FACE ( 'NONE', ( #1908 ), #1913, .T. ) ;
#1915 = CARTESIAN_POINT ( 'NONE', ( 22.619398, 10.000000, -15.913417 ) ) ;
#1916 = VERTEX_POINT ( 'NONE', #1915 ) ;
#1917 = CARTESIAN_POINT ( 'NONE', ( 23.000000, 10.000000, -14.000000 ) ) ;
#1918 = VERTEX_POINT ( 'NONE', #1917 ) ;
#1919 = CARTESIAN_POINT ( 'NONE', ( 23.000000, 22.000000, -14.000000 ) ) ;
#1920 = VERTEX_POINT ( 'NONE', #1919 ) ;
#1923 = DIRECTION ( 'NONE', ( 1.000000, 0.000000, 0.000000 ) ) ;
#1922 = VECTOR ( 'NONE', #1923, 1.0 ) ;
#1921 = LINE ( 'NONE', #1915, #1922 ) ;
#1924 = EDGE_CURVE ( 'NONE', #1916, #1918, #1921, .T. ) ;
#1925 = ORIENTED_EDGE ( 'NONE', *, *, #1924, .T. ) ;
#1928 = DIRECTION ( 'NONE', ( 1.000000, 0.000000, 0.000000 ) ) ;
#1927 = VECTOR ( 'NONE', #1928, 1.0 ) ;
#1926 = LINE ( 'NONE', #1917, #1927 ) ;
#1929 = EDGE_CURVE ( 'NONE', #1918, #1920, #1926, .T. ) ;
#1930 = ORIENTED_EDGE ( 'NONE', *, *, #1929, .T. ) ;
#1933 = DIRECTION ( 'NONE', ( 1.000000, 0.000000, 0.000000 ) ) ;
#1932 = VECTOR ( 'NONE', #1933, 1.0 ) ;
#1931 = LINE ( 'NONE', #1919, #1932 ) ;
#1934 = EDGE_CURVE ( 'NONE', #1920, #1916, #1931, .T. ) ;
#1935 = ORIENTED_EDGE ( 'NONE', *, *, #1934, .T. ) ;
#1936 = EDGE_LOOP ( 'NONE', ( #1925, #1930, #1935 ) ) ;
#1937 = FACE_OUTER_BOUND ( 'NONE', #1936, .T. ) ;
#1939 = CARTESIAN_POINT ( 'NONE', ( 22.619398, 10.000000, -15.913417 ) ) ;
#1940 = DIRECTION ( 'NONE', ( 0.000000, 0.000000, 1.000000 ) ) ;
#1941 = DIRECTION ( 'NONE', ( 1.000000, 0.000000, 0.000000 ) ) ;
#1938 = AXIS2_PLACEMENT_3D ( 'NONE', #1939, #1940, #1941 ) ;
#1942 = PLANE ( 'NONE', #1938 ) ;
#1943 = ADVANCED_FACE ( 'NONE', ( #1937 ), #1942, .T. ) ;
#1944 = CARTESIAN_POINT ( 'NONE', ( 22.619398, 10.000000, -15.913417 ) ) ;
#1945 = VERTEX_POINT ( 'NONE', #1944 ) ;
#1946 = CARTESIAN_POINT ( 'NONE', ( 23.000000, 22.000000, -14.000000 ) ) ;
#1947 = VERTEX_POINT ( 'NONE', #1946 ) ;
#1948 = CARTESIAN_POINT ( 'NONE', ( 22.619398, 22.000000, -15.913417 ) ) ;
#1949 = VERTEX_POINT ( 'NONE', #1948 ) ;
#1952 = DIRECTION ( 'NONE', ( 1.000000, 0.000000, 0.000000 ) ) ;
#1951 = VECTOR ( 'NONE', #1952, 1.0 ) ;
#1950 = LINE ( 'NONE', #1944, #1951 ) ;
#1953 = EDGE_CURVE ( 'NONE', #1945, #1947, #1950, .T. ) ;
#1954 = ORIENTED_EDGE ( 'NONE', *, *, #1953, .T. ) ;
#1957 = DIRECTION ( 'NONE', ( 1.000000, 0.000000, 0.000000 ) ) ;
#1956 = VECTOR ( 'NONE', #1957, 1.0 ) ;
#1955 = LINE ( 'NONE', #1946, #1956 ) ;
#1958 = EDGE_CURVE ( 'NONE', #1947, #1949, #1955, .T. ) ;
#1959 = ORIENTED_EDGE ( 'NONE', *, *, #1958, .T. ) ;
#1962 = DIRECTION ( 'NONE', ( 1.000000, 0.000000, 0.000000 ) ) ;
#1961 = VECTOR ( 'NONE', #1962, 1.0 ) ;
#1960 = LINE ( 'NONE', #1948, #1961 ) ;
#1963 = EDGE_CURVE ( 'NONE', #1949, #1945, #1960, .T. ) ;
#1964 = ORIENTED_EDGE ( 'NONE', *, *, #1963, .T. ) ;
#1965 = EDGE_LOOP ( 'NONE', ( #1954, #1959, #1964 ) ) ;
#1966 = FACE_OUTER_BOUND ( 'NONE', #1965, .T. ) ;
#1968 = CARTESIAN_POINT ( 'NONE', ( 22.619398, 10.000000, -15.913417 ) ) ;
#1969 = DIRECTION ( 'NONE', ( 0.000000, 0.000000, 1.000000 ) ) ;
#1970 = DIRECTION ( 'NONE', ( 1.000000, 0.000000, 0.000000 ) ) ;
#1967 = AXIS2_PLACEMENT_3D ( 'NONE', #1968, #1969, #1970 ) ;
#1971 = PLANE ( 'NONE', #1967 ) ;
#1972 = ADVANCED_FACE ( 'NONE', ( #1966 ), #1971, .T. ) ;
#1973 = CARTESIAN_POINT ( 'NONE', ( 18.000000, 10.000000, -14.000000 ) ) ;
#1974 = VERTEX_POINT ( 'NONE', #1973 ) ;
#1975 = CARTESIAN_POINT ( 'NONE', ( 22.619398, 10.000000, -12.086583 ) ) ;
#1976 = VERTEX_POINT ( 'NONE', #1975 ) ;
#1977 = CARTESIAN_POINT ( 'NONE', ( 23.000000, 10.000000, -14.000000 ) ) ;
#1978 = VERTEX_POINT ( 'NONE', #1977 ) ;
#1981 = DIRECTION ( 'NONE', ( 1.000000, 0.000000, 0.000000 ) ) ;
#1980 = VECTOR ( 'NONE', #1981, 1.0 ) ;
#1979 = LINE ( 'NONE', #1973, #1980 ) ;
#1982 = EDGE_CURVE ( 'NONE', #1974, #1976, #1979, .T. ) ;
#1983 = ORIENTED_EDGE ( 'NONE', *, *, #1982, .T. ) ;
#1986 = DIRECTION ( 'NONE', ( 1.000000, 0.000000, 0.000000 ) ) ;
#1985 = VECTOR ( 'NONE', #1986, 1.0 ) ;
#1984 = LINE ( 'NONE', #1975, #1985 ) ;
#1987 = EDGE_CURVE ( 'NONE', #1976, #1978, #1984, .T. ) ;
#1988 = ORIENTED_EDGE ( 'NONE', *, *, #1987, .T. ) ;
#1991 = DIRECTION ( 'NONE', ( 1.000000, 0.000000, 0.000000 ) ) ;
#1990 = VECTOR ( 'NONE', #1991, 1.0 ) ;
#1989 = LINE ( 'NONE', #1977, #1990 ) ;
#1992 = EDGE_CURVE ( 'NONE', #1978, #1974, #1989, .T. ) ;
#1993 = ORIENTED_EDGE ( 'NONE', *, *, #1992, .T. ) ;
#1994 = EDGE_LOOP ( 'NONE', ( #1983, #1988, #1993 ) ) ;
#1995 = FACE_OUTER_BOUND ( 'NONE', #1994, .T. ) ;
#1997 = CARTESIAN_POINT ( 'NONE', ( 18.000000, 10.000000, -14.000000 ) ) ;
#1998 = DIRECTION ( 'NONE', ( 0.000000, 0.000000, 1.000000 ) ) ;
#1999 = DIRECTION ( 'NONE', ( 1.000000, 0.000000, 0.000000 ) ) ;
#1996 = AXIS2_PLACEMENT_3D ( 'NONE', #1997, #1998, #1999 ) ;
#2000 = PLANE ( 'NONE', #1996 ) ;
#2001 = ADVANCED_FACE ( 'NONE', ( #1995 ), #2000, .T. ) ;
#2002 = CARTESIAN_POINT ( 'NONE', ( 18.000000, 22.000000, -14.000000 ) ) ;
#2003 = VERTEX_POINT ( 'NONE', #2002 ) ;
#2004 = CARTESIAN_POINT ( 'NONE', ( 23.000000, 22.000000, -14.000000 ) ) ;
#2005 = VERTEX_POINT ( 'NONE', #2004 ) ;
#2006 = CARTESIAN_POINT ( 'NONE', ( 22.619398, 22.000000, -12.086583 ) ) ;
#2007 = VERTEX_POINT ( 'NONE', #2006 ) ;
#2010 = DIRECTION ( 'NONE', ( 1.000000, 0.000000, 0.000000 ) ) ;
#2009 = VECTOR ( 'NONE', #2010, 1.0 ) ;
#2008 = LINE ( 'NONE', #2002, #2009 ) ;
#2011 = EDGE_CURVE ( 'NONE', #2003, #2005, #2008, .T. ) ;
#2012 = ORIENTED_EDGE ( 'NONE', *, *, #2011, .T. ) ;
#2015 = DIRECTION ( 'NONE', ( 1.000000, 0.000000, 0.000000 ) ) ;
#2014 = VECTOR ( 'NONE', #2015, 1.0 ) ;
#2013 = LINE ( 'NONE', #2004, #2014 ) ;
#2016 = EDGE_CURVE ( 'NONE', #2005, #2007, #2013, .T. ) ;
#2017 = ORIENTED_EDGE ( 'NONE', *, *, #2016, .T. ) ;
#2020 = DIRECTION ( 'NONE', ( 1.000000, 0.000000, 0.000000 ) ) ;
#2019 = VECTOR ( 'NONE', #2020, 1.0 ) ;
#2018 = LINE ( 'NONE', #2006, #2019 ) ;
#2021 = EDGE_CURVE ( 'NONE', #2007, #2003, #2018, .T. ) ;
#2022 = ORIENTED_EDGE ( 'NONE', *, *, #2021, .T. ) ;
#2023 = EDGE_LOOP ( 'NONE', ( #2012, #2017, #2022 ) ) ;
#2024 = FACE_OUTER_BOUND ( 'NONE', #2023, .T. ) ;
#2026 = CARTESIAN_POINT ( 'NONE', ( 18.000000, 22.000000, -14.000000 ) ) ;
#2027 = DIRECTION ( 'NONE', ( 0.000000, 0.000000, 1.000000 ) ) ;
#2028 = DIRECTION ( 'NONE', ( 1.000000, 0.000000, 0.000000 ) ) ;
#2025 = AXIS2_PLACEMENT_3D ( 'NONE', #2026, #2027, #2028 ) ;
#2029 = PLANE ( 'NONE', #2025 ) ;
#2030 = ADVANCED_FACE ( 'NONE', ( #2024 ), #2029, .T. ) ;
#2031 = CARTESIAN_POINT ( 'NONE', ( 18.000000, 10.000000, -14.000000 ) ) ;
#2032 = VERTEX_POINT ( 'NONE', #2031 ) ;
#2033 = CARTESIAN_POINT ( 'NONE', ( 21.535534, 10.000000, -10.464466 ) ) ;
#2034 = VERTEX_POINT ( 'NONE', #2033 ) ;
#2035 = CARTESIAN_POINT ( 'NONE', ( 22.619398, 10.000000, -12.086583 ) ) ;
#2036 = VERTEX_POINT ( 'NONE', #2035 ) ;
#2039 = DIRECTION ( 'NONE', ( 1.000000, 0.000000, 0.000000 ) ) ;
#2038 = VECTOR ( 'NONE', #2039, 1.0 ) ;
#2037 = LINE ( 'NONE', #2031, #2038 ) ;
#2040 = EDGE_CURVE ( 'NONE', #2032, #2034, #2037, .T. ) ;
#2041 = ORIENTED_EDGE ( 'NONE', *, *, #2040, .T. ) ;
#2044 = DIRECTION ( 'NONE', ( 1.000000, 0.000000, 0.000000 ) ) ;
#2043 = VECTOR ( 'NONE', #2044, 1.0 ) ;
#2042 = LINE ( 'NONE', #2033, #2043 ) ;
#2045 = EDGE_CURVE ( 'NONE', #2034, #2036, #2042, .T. ) ;
#2046 = ORIENTED_EDGE ( 'NONE', *, *, #2045, .T. ) ;
#2049 = DIRECTION ( 'NONE', ( 1.000000, 0.000000, 0.000000 ) ) ;
#2048 = VECTOR ( 'NONE', #2049, 1.0 ) ;
#2047 = LINE ( 'NONE', #2035, #2048 ) ;
#2050 = EDGE_CURVE ( 'NONE', #2036, #2032, #2047, .T. ) ;
#2051 = ORIENTED_EDGE ( 'NONE', *, *, #2050, .T. ) ;
#2052 = EDGE_LOOP ( 'NONE', ( #2041, #2046, #2051 ) ) ;
#2053 = FACE_OUTER_BOUND ( 'NONE', #2052, .T. ) ;
#2055 = CARTESIAN_POINT ( 'NONE', ( 18.000000, 10.000000, -14.000000 ) ) ;
#2056 = DIRECTION ( 'NONE', ( 0.000000, 0.000000, 1.000000 ) ) ;
#2057 = DIRECTION ( 'NONE', ( 1.000000, 0.000000, 0.000000 ) ) ;
#2054 = AXIS2_PLACEMENT_3D ( 'NONE', #2055, #2056, #2057 ) ;
#2058 = PLANE ( 'NONE', #2054 ) ;
#2059 = ADVANCED_FACE ( 'NONE', ( #2053 ), #2058, .T. ) ;
#2060 = CARTESIAN_POINT ( 'NONE', ( 18.000000, 22.000000, -14.000000 ) ) ;
#2061 = VERTEX_POINT ( 'NONE', #2060 ) ;
#2062 = CARTESIAN_POINT ( 'NONE', ( 22.619398, 22.000000, -12.086583 ) ) ;
#2063 = VERTEX_POINT ( 'NONE', #2062 ) ;
#2064 = CARTESIAN_POINT ( 'NONE', ( 21.535534, 22.000000, -10.464466 ) ) ;
#2065 = VERTEX_POINT ( 'NONE', #2064 ) ;
#2068 = DIRECTION ( 'NONE', ( 1.000000, 0.000000, 0.000000 ) ) ;
#2067 = VECTOR ( 'NONE', #2068, 1.0 ) ;
#2066 = LINE ( 'NONE', #2060, #2067 ) ;
#2069 = EDGE_CURVE ( 'NONE', #2061, #2063, #2066, .T. ) ;
#2070 = ORIENTED_EDGE ( 'NONE', *, *, #2069, .T. ) ;
#2073 = DIRECTION ( 'NONE', ( 1.000000, 0.000000, 0.000000 ) ) ;
#2072 = VECTOR ( 'NONE', #2073, 1.0 ) ;
#2071 = LINE ( 'NONE', #2062, #2072 ) ;
#2074 = EDGE_CURVE ( 'NONE', #2063, #2065, #2071, .T. ) ;
#2075 = ORIENTED_EDGE ( 'NONE', *, *, #2074, .T. ) ;
#2078 = DIRECTION ( 'NONE', ( 1.000000, 0.000000, 0.000000 ) ) ;
#2077 = VECTOR ( 'NONE', #2078, 1.0 ) ;
#2076 = LINE ( 'NONE', #2064, #2077 ) ;
#2079 = EDGE_CURVE ( 'NONE', #2065, #2061, #2076, .T. ) ;
#2080 = ORIENTED_EDGE ( 'NONE', *, *, #2079, .T. ) ;
#2081 = EDGE_LOOP ( 'NONE', ( #2070, #2075, #2080 ) ) ;
#2082 = FACE_OUTER_BOUND ( 'NONE', #2081, .T. ) ;
#2084 = CARTESIAN_POINT ( 'NONE', ( 18.000000, 22.000000, -14.000000 ) ) ;
#2085 = DIRECTION ( 'NONE', ( 0.000000, 0.000000, 1.000000 ) ) ;
#2086 = DIRECTION ( 'NONE', ( 1.000000, 0.000000, 0.000000 ) ) ;
#2083 = AXIS2_PLACEMENT_3D ( 'NONE', #2084, #2085, #2086 ) ;
#2087 = PLANE ( 'NONE', #2083 ) ;
#2088 = ADVANCED_FACE ( 'NONE', ( #2082 ), #2087, .T. ) ;
#2089 = CARTESIAN_POINT ( 'NONE', ( 18.000000, 10.000000, -14.000000 ) ) ;
#2090 = VERTEX_POINT ( 'NONE', #2089 ) ;
#2091 = CARTESIAN_POINT ( 'NONE', ( 19.913417, 10.000000, -9.380602 ) ) ;
#2092 = VERTEX_POINT ( 'NONE', #2091 ) ;
#2093 = CARTESIAN_POINT ( 'NONE', ( 21.535534, 10.000000, -10.464466 ) ) ;
#2094 = VERTEX_POINT ( 'NONE', #2093 ) ;
#2097 = DIRECTION ( 'NONE', ( 1.000000, 0.000000, 0.000000 ) ) ;
#2096 = VECTOR ( 'NONE', #2097, 1.0 ) ;
#2095 = LINE ( 'NONE', #2089, #2096 ) ;
#2098 = EDGE_CURVE ( 'NONE', #2090, #2092, #2095, .T. ) ;
#2099 = ORIENTED_EDGE ( 'NONE', *, *, #2098, .T. ) ;
#2102 = DIRECTION ( 'NONE', ( 1.000000, 0.000000, 0.000000 ) ) ;
#2101 = VECTOR ( 'NONE', #2102, 1.0 ) ;
#2100 = LINE ( 'NONE', #2091, #2101 ) ;
#2103 = EDGE_CURVE ( 'NONE', #2092, #2094, #2100, .T. ) ;
#2104 = ORIENTED_EDGE ( 'NONE', *, *, #2103, .T. ) ;
#2107 = DIRECTION ( 'NONE', ( 1.000000, 0.000000, 0.000000 ) ) ;
#2106 = VECTOR ( 'NONE', #2107, 1.0 ) ;
#2105 = LINE ( 'NONE', #2093, #2106 ) ;
#2108 = EDGE_CURVE ( 'NONE', #2094, #2090, #2105, .T. ) ;
#2109 = ORIENTED_EDGE ( 'NONE', *, *, #2108, .T. ) ;
#2110 = EDGE_LOOP ( 'NONE', ( #2099, #2104, #2109 ) ) ;
#2111 = FACE_OUTER_BOUND ( 'NONE', #2110, .T. ) ;
#2113 = CARTESIAN_POINT ( 'NONE', ( 18.000000, 10.000000, -14.000000 ) ) ;
#2114 = DIRECTION ( 'NONE', ( 0.000000, 0.000000, 1.000000 ) ) ;
#2115 = DIRECTION ( 'NONE', ( 1.000000, 0.000000, 0.000000 ) ) ;
#2112 = AXIS2_PLACEMENT_3D ( 'NONE', #2113, #2114, #2115 ) ;
#2116 = PLANE ( 'NONE', #2112 ) ;
#2117 = ADVANCED_FACE ( 'NONE', ( #2111 ), #2116, .T. ) ;
#2118 = CARTESIAN_POINT ( 'NONE', ( 18.000000, 22.000000, -14.000000 ) ) ;
#2119 = VERTEX_POINT ( 'NONE', #2118 ) ;
#2120 = CARTESIAN_POINT ( 'NONE', ( 21.535534, 22.000000, -10.464466 ) ) ;
#2121 = VERTEX_POINT ( 'NONE', #2120 ) ;
#2122 = CARTESIAN_POINT ( 'NONE', ( 19.913417, 22.000000, -9.380602 ) ) ;
#2123 = VERTEX_POINT ( 'NONE', #2122 ) ;
#2126 = DIRECTION ( 'NONE', ( 1.000000, 0.000000, 0.000000 ) ) ;
#2125 = VECTOR ( 'NONE', #2126, 1.0 ) ;
#2124 = LINE ( 'NONE', #2118, #2125 ) ;
#2127 = EDGE_CURVE ( 'NONE', #2119, #2121, #2124, .T. ) ;
#2128 = ORIENTED_EDGE ( 'NONE', *, *, #2127, .T. ) ;
#2131 = DIRECTION ( 'NONE', ( 1.000000, 0.000000, 0.000000 ) ) ;
#2130 = VECTOR ( 'NONE', #2131, 1.0 ) ;
#2129 = LINE ( 'NONE', #2120, #2130 ) ;
#2132 = EDGE_CURVE ( 'NONE', #2121, #2123, #2129, .T. ) ;
#2133 = ORIENTED_EDGE ( 'NONE', *, *, #2132, .T. ) ;
#2136 = DIRECTION ( 'NONE', ( 1.000000, 0.000000, 0.000000 ) ) ;
#2135 = VECTOR ( 'NONE', #2136, 1.0 ) ;
#2134 = LINE ( 'NONE', #2122, #2135 ) ;
#2137 = EDGE_CURVE ( 'NONE', #2123, #2119, #2134, .T. ) ;
#2138 = ORIENTED_EDGE ( 'NONE', *, *, #2137, .T. ) ;
#2139 = EDGE_LOOP ( 'NONE', ( #2128, #2133, #2138 ) ) ;
#2140 = FACE_OUTER_BOUND ( 'NONE', #2139, .T. ) ;
#2142 = CARTESIAN_POINT ( 'NONE', ( 18.000000, 22.000000, -14.000000 ) ) ;
#2143 = DIRECTION ( 'NONE', ( 0.000000, 0.000000, 1.000000 ) ) ;
#2144 = DIRECTION ( 'NONE', ( 1.000000, 0.000000, 0.000000 ) ) ;
#2141 = AXIS2_PLACEMENT_3D ( 'NONE', #2142, #2143, #2144 ) ;
#2145 = PLANE ( 'NONE', #2141 ) ;
#2146 = ADVANCED_FACE ( 'NONE', ( #2140 ), #2145, .T. ) ;
#2147 = CARTESIAN_POINT ( 'NONE', ( 18.000000, 10.000000, -14.000000 ) ) ;
#2148 = VERTEX_POINT ( 'NONE', #2147 ) ;
#2149 = CARTESIAN_POINT ( 'NONE', ( 18.000000, 10.000000, -9.000000 ) ) ;
#2150 = VERTEX_POINT ( 'NONE', #2149 ) ;
#2151 = CARTESIAN_POINT ( 'NONE', ( 19.913417, 10.000000, -9.380602 ) ) ;
#2152 = VERTEX_POINT ( 'NONE', #2151 ) ;
#2155 = DIRECTION ( 'NONE', ( 1.000000, 0.000000, 0.000000 ) ) ;
#2154 = VECTOR ( 'NONE', #2155, 1.0 ) ;
#2153 = LINE ( 'NONE', #2147, #2154 ) ;
#2156 = EDGE_CURVE ( 'NONE', #2148, #2150, #2153, .T. ) ;
#2157 = ORIENTED_EDGE ( 'NONE', *, *, #2156, .T. ) ;
#2160 = DIRECTION ( 'NONE', ( 1.000000, 0.000000, 0.000000 ) ) ;
#2159 = VECTOR ( 'NONE', #2160, 1.0 ) ;
#2158 = LINE ( 'NONE', #2149, #2159 ) ;
#2161 = EDGE_CURVE ( 'NONE', #2150, #2152, #2158, .T. ) ;
#2162 = ORIENTED_EDGE ( 'NONE', *, *, #2161, .T. ) ;
#2165 = DIRECTION ( 'NONE', ( 1.000000, 0.000000, 0.000000 ) ) ;
#2164 = VECTOR ( 'NONE', #2165, 1.0 ) ;
#2163 = LINE ( 'NONE', #2151, #2164 ) ;
#2166 = EDGE_CURVE ( 'NONE', #2152, #2148, #2163, .T. ) ;
#2167 = ORIENTED_EDGE ( 'NONE', *, *, #2166, .T. ) ;
#2168 = EDGE_LOOP ( 'NONE', ( #2157, #2162, #2167 ) ) ;
#2169 = FACE_OUTER_BOUND ( 'NONE', #2168, .T. ) ;
#2171 = CARTESIAN_POINT ( 'NONE', ( 18.000000, 10.000000, -14.000000 ) ) ;
#2172 = DIRECTION ( 'NONE', ( 0.000000, 0.000000, 1.000000 ) ) ;
#2173 = DIRECTION ( 'NONE', ( 1.000000, 0.000000, 0.000000 ) ) ;
#2170 = AXIS2_PLACEMENT_3D ( 'NONE', #2171, #2172, #2173 ) ;
#2174 = PLANE ( 'NONE', #2170 ) ;
#2175 = ADVANCED_FACE ( 'NONE', ( #2169 ), #2174, .T. ) ;
#2176 = CARTESIAN_POINT ( 'NONE', ( 18.000000, 22.000000, -14.000000 ) ) ;
#2177 = VERTEX_POINT ( 'NONE', #2176 ) ;
#2178 = CARTESIAN_POINT ( 'NONE', ( 19.913417, 22.000000, -9.380602 ) ) ;
#2179 = VERTEX_POINT ( 'NONE', #2178 ) ;
#2180 = CARTESIAN_POINT ( 'NONE', ( 18.000000, 22.000000, -9.000000 ) ) ;
#2181 = VERTEX_POINT ( 'NONE', #2180 ) ;
#2184 = DIRECTION ( 'NONE', ( 1.000000, 0.000000, 0.000000 ) ) ;
#2183 = VECTOR ( 'NONE', #2184, 1.0 ) ;
#2182 = LINE ( 'NONE', #2176, #2183 ) ;
#2185 = EDGE_CURVE ( 'NONE', #2177, #2179, #2182, .T. ) ;
#2186 = ORIENTED_EDGE ( 'NONE', *, *, #2185, .T. ) ;
#2189 = DIRECTION ( 'NONE', ( 1.000000, 0.000000, 0.000000 ) ) ;
#2188 = VECTOR ( 'NONE', #2189, 1.0 ) ;
#2187 = LINE ( 'NONE', #2178, #2188 ) ;
#2190 = EDGE_CURVE ( 'NONE', #2179, #2181, #2187, .T. ) ;
#2191 = ORIENTED_EDGE ( 'NONE', *, *, #2190, .T. ) ;
#2194 = DIRECTION ( 'NONE', ( 1.000000, 0.000000, 0.000000 ) ) ;
#2193 = VECTOR ( 'NONE', #2194, 1.0 ) ;
#2192 = LINE ( 'NONE', #2180, #2193 ) ;
#2195 = EDGE_CURVE ( 'NONE', #2181, #2177, #2192, .T. ) ;
#2196 = ORIENTED_EDGE ( 'NONE', *, *, #2195, .T. ) ;
#2197 = EDGE_LOOP ( 'NONE', ( #2186, #2191, #2196 ) ) ;
#2198 = FACE_OUTER_BOUND ( 'NONE', #2197, .T. ) ;
#2200 = CARTESIAN_POINT ( 'NONE', ( 18.000000, 22.000000, -14.000000 ) ) ;
#2201 = DIRECTION ( 'NONE', ( 0.000000, 0.000000, 1.000000 ) ) ;
#2202 = DIRECTION ( 'NONE', ( 1.000000, 0.000000, 0.000000 ) ) ;
#2199 = AXIS2_PLACEMENT_3D ( 'NONE', #2200, #2201, #2202 ) ;
#2203 = PLANE ( 'NONE', #2199 ) ;
#2204 = ADVANCED_FACE ( 'NONE', ( #2198 ), #2203, .T. ) ;
#2205 = CARTESIAN_POINT ( 'NONE', ( 18.000000, 10.000000, -14.000000 ) ) ;
#2206 = VERTEX_POINT ( 'NONE', #2205 ) ;
#2207 = CARTESIAN_POINT ( 'NONE', ( 16.086583, 10.000000, -9.380602 ) ) ;
#2208 = VERTEX_POINT ( 'NONE', #2207 ) ;
#2209 = CARTESIAN_POINT ( 'NONE', ( 18.000000, 10.000000, -9.000000 ) ) ;
#2210 = VERTEX_POINT ( 'NONE', #2209 ) ;
#2213 = DIRECTION ( 'NONE', ( 1.000000, 0.000000, 0.000000 ) ) ;
#2212 = VECTOR ( 'NONE', #2213, 1.0 ) ;
#2211 = LINE ( 'NONE', #2205, #2212 ) ;
#2214 = EDGE_CURVE ( 'NONE', #2206, #2208, #2211, .T. ) ;
#2215 = ORIENTED_EDGE ( 'NONE', *, *, #2214, .T. ) ;
#2218 = DIRECTION ( 'NONE', ( 1.000000, 0.000000, 0.000000 ) ) ;
#2217 = VECTOR ( 'NONE', #2218, 1.0 ) ;
#2216 = LINE ( 'NONE', #2207, #2217 ) ;
#2219 = EDGE_CURVE ( 'NONE', #2208, #2210, #2216, .T. ) ;
#2220 = ORIENTED_EDGE ( 'NONE', *, *, #2219, .T. ) ;
#2223 = DIRECTION ( 'NONE', ( 1.000000, 0.000000, 0.000000 ) ) ;
#2222 = VECTOR ( 'NONE', #2223, 1.0 ) ;
#2221 = LINE ( 'NONE', #2209, #2222 ) ;
#2224 = EDGE_CURVE ( 'NONE', #2210, #2206, #2221, .T. ) ;
#2225 = ORIENTED_EDGE ( 'NONE', *, *, #2224, .T. ) ;
#2226 = EDGE_LOOP ( 'NONE', ( #2215, #2220, #2225 ) ) ;
#2227 = FACE_OUTER_BOUND ( 'NONE', #2226, .T. ) ;
#2229 = CARTESIAN_POINT ( 'NONE', ( 18.000000, 10.000000, -14.000000 ) ) ;
#2230 = DIRECTION ( 'NONE', ( 0.000000, 0.000000, 1.000000 ) ) ;
#2231 = DIRECTION ( 'NONE', ( 1.000000, 0.000000, 0.000000 ) ) ;
#2228 = AXIS2_PLACEMENT_3D ( 'NONE', #2229, #2230, #2231 ) ;
#2232 = PLANE ( 'NONE', #2228 ) ;
#2233 = ADVANCED_FACE ( 'NONE', ( #2227 ), #2232, .T. ) ;
#2234 = CARTESIAN_POINT ( 'NONE', ( 18.000000, 22.000000, -14.000000 ) ) ;
#2235 = VERTEX_POINT ( 'NONE', #2234 ) ;
#2236 = CARTESIAN_POINT ( 'NONE', ( 18.000000, 22.000000, -9.000000 ) ) ;
#2237 = VERTEX_POINT ( 'NONE', #2236 ) ;
#2238 = CARTESIAN_POINT ( 'NONE', ( 16.086583, 22.000000, -9.380602 ) ) ;
#2239 = VERTEX_POINT ( 'NONE', #2238 ) ;
#2242 = DIRECTION ( 'NONE', ( 1.000000, 0.000000, 0.000000 ) ) ;
#2241 = VECTOR ( 'NONE', #2242, 1.0 ) ;
#2240 = LINE ( 'NONE', #2234, #2241 ) ;
#2243 = EDGE_CURVE ( 'NONE', #2235, #2237, #2240, .T. ) ;
#2244 = ORIENTED_EDGE ( 'NONE', *, *, #2243, .T. ) ;
#2247 = DIRECTION ( 'NONE', ( 1.000000, 0.000000, 0.000000 ) ) ;
#2246 = VECTOR ( 'NONE', #2247, 1.0 ) ;
#2245 = LINE ( 'NONE', #2236, #2246 ) ;
#2248 = EDGE_CURVE ( 'NONE', #2237, #2239, #2245, .T. ) ;
#2249 = ORIENTED_EDGE ( 'NONE', *, *, #2248, .T. ) ;
#2252 = DIRECTION ( 'NONE', ( 1.000000, 0.000000, 0.000000 ) ) ;
#2251 = VECTOR ( 'NONE', #2252, 1.0 ) ;
#2250 = LINE ( 'NONE', #2238, #2251 ) ;
#2253 = EDGE_CURVE ( 'NONE', #2239, #2235, #2250, .T. ) ;
#2254 = ORIENTED_EDGE ( 'NONE', *, *, #2253, .T. ) ;
#2255 = EDGE_LOOP ( 'NONE', ( #2244, #2249, #2254 ) ) ;
#2256 = FACE_OUTER_BOUND ( 'NONE', #2255, .T. ) ;
#2258 = CARTESIAN_POINT ( 'NONE', ( 18.000000, 22.000000, -14.000000 ) ) ;
#2259 = DIRECTION ( 'NONE', ( 0.000000, 0.000000, 1.000000 ) ) ;
#2260 = DIRECTION ( 'NONE', ( 1.000000, 0.000000, 0.000000 ) ) ;
#2257 = AXIS2_PLACEMENT_3D ( 'NONE', #2258, #2259, #2260 ) ;
#2261 = PLANE ( 'NONE', #2257 ) ;
#2262 = ADVANCED_FACE ( 'NONE', ( #2256 ), #2261, .T. ) ;
#2263 = CARTESIAN_POINT ( 'NONE', ( 18.000000, 10.000000, -14.000000 ) ) ;
#2264 = VERTEX_POINT ( 'NONE', #2263 ) ;
#2265 = CARTESIAN_POINT ( 'NONE', ( 14.464466, 10.000000, -10.464466 ) ) ;
#2266 = VERTEX_POINT ( 'NONE', #2265 ) ;
#2267 = CARTESIAN_POINT ( 'NONE', ( 16.086583, 10.000000, -9.380602 ) ) ;
#2268 = VERTEX_POINT ( 'NONE', #2267 ) ;
#2271 = DIRECTION ( 'NONE', ( 1.000000, 0.000000, 0.000000 ) ) ;
#2270 = VECTOR ( 'NONE', #2271, 1.0 ) ;
#2269 = LINE ( 'NONE', #2263, #2270 ) ;
#2272 = EDGE_CURVE ( 'NONE', #2264, #2266, #2269, .T. ) ;
#2273 = ORIENTED_EDGE ( 'NONE', *, *, #2272, .T. ) ;
#2276 = DIRECTION ( 'NONE', ( 1.000000, 0.000000, 0.000000 ) ) ;
#2275 = VECTOR ( 'NONE', #2276, 1.0 ) ;
#2274 = LINE ( 'NONE', #2265, #2275 ) ;
#2277 = EDGE_CURVE ( 'NONE', #2266, #2268, #2274, .T. ) ;
#2278 = ORIENTED_EDGE ( 'NONE', *, *, #2277, .T. ) ;
#2281 = DIRECTION ( 'NONE', ( 1.000000, 0.000000, 0.000000 ) ) ;
#2280 = VECTOR ( 'NONE', #2281, 1.0 ) ;
#2279 = LINE ( 'NONE', #2267, #2280 ) ;
#2282 = EDGE_CURVE ( 'NONE', #2268, #2264, #2279, .T. ) ;
#2283 = ORIENTED_EDGE ( 'NONE', *, *, #2282, .T. ) ;
#2284 = EDGE_LOOP ( 'NONE', ( #2273, #2278, #2283 ) ) ;
#2285 = FACE_OUTER_BOUND ( 'NONE', #2284, .T. ) ;
#2287 = CARTESIAN_POINT ( 'NONE', ( 18.000000, 10.000000, -14.000000 ) ) ;
#2288 = DIRECTION ( 'NONE', ( 0.000000, 0.000000, 1.000000 ) ) ;
#2289 = DIRECTION ( 'NONE', ( 1.000000, 0.000000, 0.000000 ) ) ;
#2286 = AXIS2_PLACEMENT_3D ( 'NONE', #2287, #2288, #2289 ) ;
#2290 = PLANE ( 'NONE', #2286 ) ;
#2291 = ADVANCED_FACE ( 'NONE', ( #2285 ), #2290, .T. ) ;
#2292 = CARTESIAN_POINT ( 'NONE', ( 18.000000, 22.000000, -14.000000 ) ) ;
#2293 = VERTEX_POINT ( 'NONE', #2292 ) ;
#2294 = CARTESIAN_POINT ( 'NONE', ( 16.086583, 22.000000, -9.380602 ) ) ;
#2295 = VERTEX_POINT ( 'NONE', #2294 ) ;
#2296 = CARTESIAN_POINT ( 'NONE', ( 14.464466, 22.000000, -10.464466 ) ) ;
#2297 = VERTEX_POINT ( 'NONE', #2296 ) ;
#2300 = DIRECTION ( 'NONE', ( 1.000000, 0.000000, 0.000000 ) ) ;
#2299 = VECTOR ( 'NONE', #2300, 1.0 ) ;
#2298 = LINE ( 'NONE', #2292, #2299 ) ;
#2301 = EDGE_CURVE ( 'NONE', #2293, #2295, #2298, .T. ) ;
#2302 = ORIENTED_EDGE ( 'NONE', *, *, #2301, .T. ) ;
#2305 = DIRECTION ( 'NONE', ( 1.000000, 0.000000, 0.000000 ) ) ;
#2304 = VECTOR ( 'NONE', #2305, 1.0 ) ;
#2303 = LINE ( 'NONE', #2294, #2304 ) ;
#2306 = EDGE_CURVE ( 'NONE', #2295, #2297, #2303, .T. ) ;
#2307 = ORIENTED_EDGE ( 'NONE', *, *, #2306, .T. ) ;
#2310 = DIRECTION ( 'NONE', ( 1.000000, 0.000000, 0.000000 ) ) ;
#2309 = VECTOR ( 'NONE', #2310, 1.0 ) ;
#2308 = LINE ( 'NONE', #2296, #2309 ) ;
#2311 = EDGE_CURVE ( 'NONE', #2297, #2293, #2308, .T. ) ;
#2312 = ORIENTED_EDGE ( 'NONE', *, *, #2311, .T. ) ;
#2313 = EDGE_LOOP ( 'NONE', ( #2302, #2307, #2312 ) ) ;
#2314 = FACE_OUTER_BOUND ( 'NONE', #2313, .T. ) ;
#2316 = CARTESIAN_POINT ( 'NONE', ( 18.000000, 22.000000, -14.000000 ) ) ;
#2317 = DIRECTION ( 'NONE', ( 0.000000, 0.000000, 1.000000 ) ) ;
#2318 = DIRECTION ( 'NONE', ( 1.000000, 0.000000, 0.000000 ) ) ;
#2315 = AXIS2_PLACEMENT_3D ( 'NONE', #2316, #2317, #2318 ) ;
#2319 = PLANE ( 'NONE', #2315 ) ;
#2320 = ADVANCED_FACE ( 'NONE', ( #2314 ), #2319, .T. ) ;
#2321 = CARTESIAN_POINT ( 'NONE', ( 18.000000, 10.000000, -14.000000 ) ) ;
#2322 = VERTEX_POINT ( 'NONE', #2321 ) ;
#2323 = CARTESIAN_POINT ( 'NONE', ( 13.380602, 10.000000, -12.086583 ) ) ;
#2324 = VERTEX_POINT ( 'NONE', #2323 ) ;
#2325 = CARTESIAN_POINT ( 'NONE', ( 14.464466, 10.000000, -10.464466 ) ) ;
#2326 = VERTEX_POINT ( 'NONE', #2325 ) ;
#2329 = DIRECTION ( 'NONE', ( 1.000000, 0.000000, 0.000000 ) ) ;
#2328 = VECTOR ( 'NONE', #2329, 1.0 ) ;
#2327 = LINE ( 'NONE', #2321, #2328 ) ;
#2330 = EDGE_CURVE ( 'NONE', #2322, #2324, #2327, .T. ) ;
#2331 = ORIENTED_EDGE ( 'NONE', *, *, #2330, .T. ) ;
#2334 = DIRECTION ( 'NONE', ( 1.000000, 0.000000, 0.000000 ) ) ;
#2333 = VECTOR ( 'NONE', #2334, 1.0 ) ;
#2332 = LINE ( 'NONE', #2323, #2333 ) ;
#2335 = EDGE_CURVE ( 'NONE', #2324, #2326, #2332, .T. ) ;
#2336 = ORIENTED_EDGE ( 'NONE', *, *, #2335, .T. ) ;
#2339 = DIRECTION ( 'NONE', ( 1.000000, 0.000000, 0.000000 ) ) ;
#2338 = VECTOR ( 'NONE', #2339, 1.0 ) ;
#2337 = LINE ( 'NONE', #2325, #2338 ) ;
#2340 = EDGE_CURVE ( 'NONE', #2326, #2322, #2337, .T. ) ;
#2341 = ORIENTED_EDGE ( 'NONE', *, *, #2340, .T. ) ;
#2342 = EDGE_LOOP ( 'NONE', ( #2331, #2336, #2341 ) ) ;
#2343 = FACE_OUTER_BOUND ( 'NONE', #2342, .T. ) ;
#2345 = CARTESIAN_POINT ( 'NONE', ( 18.000000, 10.000000, -14.000000 ) ) ;
#2346 = DIRECTION ( 'NONE', ( 0.000000, 0.000000, 1.000000 ) ) ;
#2347 = DIRECTION ( 'NONE', ( 1.000000, 0.000000, 0.000000 ) ) ;
#2344 = AXIS2_PLACEMENT_3D ( 'NONE', #2345, #2346, #2347 ) ;
#2348 = PLANE ( 'NONE', #2344 ) ;
#2349 = ADVANCED_FACE ( 'NONE', ( #2343 ), #2348, .T. ) ;
#2350 = CARTESIAN_POINT ( 'NONE', ( 18.000000, 22.000000, -14.000000 ) ) ;
#2351 = VERTEX_POINT ( 'NONE', #2350 ) ;
#2352 = CARTESIAN_POINT ( 'NONE', ( 14.464466, 22.000000, -10.464466 ) ) ;
#2353 = VERTEX_POINT ( 'NONE', #2352 ) ;
#2354 = CARTESIAN_POINT ( 'NONE', ( 13.380602, 22.000000, -12.086583 ) ) ;
#2355 = VERTEX_POINT ( 'NONE', #2354 ) ;
#2358 = DIRECTION ( 'NONE', ( 1.000000, 0.000000, 0.000000 ) ) ;
#2357 = VECTOR ( 'NONE', #2358, 1.0 ) ;
#2356 = LINE ( 'NONE', #2350, #2357 ) ;
#2359 = EDGE_CURVE ( 'NONE', #2351, #2353, #2356, .T. ) ;
#2360 = ORIENTED_EDGE ( 'NONE', *, *, #2359, .T. ) ;
#2363 = DIRECTION ( 'NONE', ( 1.000000, 0.000000, 0.000000 ) ) ;
#2362 = VECTOR ( 'NONE', #2363, 1.0 ) ;
#2361 = LINE ( 'NONE', #2352, #2362 ) ;
#2364 = EDGE_CURVE ( 'NONE', #2353, #2355, #2361, .T. ) ;
#2365 = ORIENTED_EDGE ( 'NONE', *, *, #2364, .T. ) ;
#2368 = DIRECTION ( 'NONE', ( 1.000000, 0.000000, 0.000000 ) ) ;
#2367 = VECTOR ( 'NONE', #2368, 1.0 ) ;
#2366 = LINE ( 'NONE', #2354, #2367 ) ;
#2369 = EDGE_CURVE ( 'NONE', #2355, #2351, #2366, .T. ) ;
#2370 = ORIENTED_EDGE ( 'NONE', *, *, #2369, .T. ) ;
#2371 = EDGE_LOOP ( 'NONE', ( #2360, #2365, #2370 ) ) ;
#2372 = FACE_OUTER_BOUND ( 'NONE', #2371, .T. ) ;
#2374 = CARTESIAN_POINT ( 'NONE', ( 18.000000, 22.000000, -14.000000 ) ) ;
#2375 = DIRECTION ( 'NONE', ( 0.000000, 0.000000, 1.000000 ) ) ;
#2376 = DIRECTION ( 'NONE', ( 1.000000, 0.000000, 0.000000 ) ) ;
#2373 = AXIS2_PLACEMENT_3D ( 'NONE', #2374, #2375, #2376 ) ;
#2377 = PLANE ( 'NONE', #2373 ) ;
#2378 = ADVANCED_FACE ( 'NONE', ( #2372 ), #2377, .T. ) ;
#2379 = CARTESIAN_POINT ( 'NONE', ( 18.000000, 10.000000, -14.000000 ) ) ;
#2380 = VERTEX_POINT ( 'NONE', #2379 ) ;
#2381 = CARTESIAN_POINT ( 'NONE', ( 13.000000, 10.000000, -14.000000 ) ) ;
#2382 = VERTEX_POINT ( 'NONE', #2381 ) ;
#2383 = CARTESIAN_POINT ( 'NONE', ( 13.380602, 10.000000, -12.086583 ) ) ;
#2384 = VERTEX_POINT ( 'NONE', #2383 ) ;
#2387 = DIRECTION ( 'NONE', ( 1.000000, 0.000000, 0.000000 ) ) ;
#2386 = VECTOR ( 'NONE', #2387, 1.0 ) ;
#2385 = LINE ( 'NONE', #2379, #2386 ) ;
#2388 = EDGE_CURVE ( 'NONE', #2380, #2382, #2385, .T. ) ;
#2389 = ORIENTED_EDGE ( 'NONE', *, *, #2388, .T. ) ;
#2392 = DIRECTION ( 'NONE', ( 1.000000, 0.000000, 0.000000 ) ) ;
#2391 = VECTOR ( 'NONE', #2392, 1.0 ) ;
#2390 = LINE ( 'NONE', #2381, #2391 ) ;
#2393 = EDGE_CURVE ( 'NONE', #2382, #2384, #2390, .T. ) ;
#2394 = ORIENTED_EDGE ( 'NONE', *, *, #2393, .T. ) ;
#2397 = DIRECTION ( 'NONE', ( 1.000000, 0.000000, 0.000000 ) ) ;
#2396 = VECTOR ( 'NONE', #2397, 1.0 ) ;
#2395 = LINE ( 'NONE', #2383, #2396 ) ;
#2398 = EDGE_CURVE ( 'NONE', #2384, #2380, #2395, .T. ) ;
#2399 = ORIENTED_EDGE ( 'NONE', *, *, #2398, .T. ) ;
#2400 = EDGE_LOOP ( 'NONE', ( #2389, #2394, #2399 ) ) ;
#2401 = FACE_OUTER_BOUND ( 'NONE', #2400, .T. ) ;
#2403 = CARTESIAN_POINT ( 'NONE', ( 18.000000, 10.000000, -14.000000 ) ) ;
#2404 = DIRECTION ( 'NONE', ( 0.000000, 0.000000, 1.000000 ) ) ;
#2405 = DIRECTION ( 'NONE', ( 1.000000, 0.000000, 0.000000 ) ) ;
#2402 = AXIS2_PLACEMENT_3D ( 'NONE', #2403, #2404, #2405 ) ;
#2406 = PLANE ( 'NONE', #2402 ) ;
#2407 = ADVANCED_FACE ( 'NONE', ( #2401 ), #2406, .T. ) ;
#2408 = CARTESIAN_POINT ( 'NONE', ( 18.000000, 22.000000, -14.000000 ) ) ;
#2409 = VERTEX_POINT ( 'NONE', #2408 ) ;
#2410 = CARTESIAN_POINT ( 'NONE', ( 13.380602, 22.000000, -12.086583 ) ) ;
#2411 = VERTEX_POINT ( 'NONE', #2410 ) ;
#2412 = CARTESIAN_POINT ( 'NONE', ( 13.000000, 22.000000, -14.000000 ) ) ;
#2413 = VERTEX_POINT ( 'NONE', #2412 ) ;
#2416 = DIRECTION ( 'NONE', ( 1.000000, 0.000000, 0.000000 ) ) ;
#2415 = VECTOR ( 'NONE', #2416, 1.0 ) ;
#2414 = LINE ( 'NONE', #2408, #2415 ) ;
#2417 = EDGE_CURVE ( 'NONE', #2409, #2411, #2414, .T. ) ;
#2418 = ORIENTED_EDGE ( 'NONE', *, *, #2417, .T. ) ;
#2421 = DIRECTION ( 'NONE', ( 1.000000, 0.000000, 0.000000 ) ) ;
#2420 = VECTOR ( 'NONE', #2421, 1.0 ) ;
#2419 = LINE ( 'NONE', #2410, #2420 ) ;
#2422 = EDGE_CURVE ( 'NONE', #2411, #2413, #2419, .T. ) ;
#2423 = ORIENTED_EDGE ( 'NONE', *, *, #2422, .T. ) ;
#2426 = DIRECTION ( 'NONE', ( 1.000000, 0.000000, 0.000000 ) ) ;
#2425 = VECTOR ( 'NONE', #2426, 1.0 ) ;
#2424 = LINE ( 'NONE', #2412, #2425 ) ;
#2427 = EDGE_CURVE ( 'NONE', #2413, #2409, #2424, .T. ) ;
#2428 = ORIENTED_EDGE ( 'NONE', *, *, #2427, .T. ) ;
#2429 = EDGE_LOOP ( 'NONE', ( #2418, #2423, #2428 ) ) ;
#2430 = FACE_OUTER_BOUND ( 'NONE', #2429, .T. ) ;
#2432 = CARTESIAN_POINT ( 'NONE', ( 18.000000, 22.000000, -14.000000 ) ) ;
#2433 = DIRECTION ( 'NONE', ( 0.000000, 0.000000, 1.000000 ) ) ;
#2434 = DIRECTION ( 'NONE', ( 1.000000, 0.000000, 0.000000 ) ) ;
#2431 = AXIS2_PLACEMENT_3D ( 'NONE', #2432, #2433, #2434 ) ;
#2435 = PLANE ( 'NONE', #2431 ) ;
#2436 = ADVANCED_FACE ( 'NONE', ( #2430 ), #2435, .T. ) ;
#2437 = CARTESIAN_POINT ( 'NONE', ( 18.000000, 10.000000, -14.000000 ) ) ;
#2438 = VERTEX_POINT ( 'NONE', #2437 ) ;
#2439 = CARTESIAN_POINT ( 'NONE', ( 13.380602, 10.000000, -15.913417 ) ) ;
#2440 = VERTEX_POINT ( 'NONE', #2439 ) ;
#2441 = CARTESIAN_POINT ( 'NONE', ( 13.000000, 10.000000, -14.000000 ) ) ;
#2442 = VERTEX_POINT ( 'NONE', #2441 ) ;
#2445 = DIRECTION ( 'NONE', ( 1.000000, 0.000000, 0.000000 ) ) ;
#2444 = VECTOR ( 'NONE', #2445, 1.0 ) ;
#2443 = LINE ( 'NONE', #2437, #2444 ) ;
#2446 = EDGE_CURVE ( 'NONE', #2438, #2440, #2443, .T. ) ;
#2447 = ORIENTED_EDGE ( 'NONE', *, *, #2446, .T. ) ;
#2450 = DIRECTION ( 'NONE', ( 1.000000, 0.000000, 0.000000 ) ) ;
#2449 = VECTOR ( 'NONE', #2450, 1.0 ) ;
#2448 = LINE ( 'NONE', #2439, #2449 ) ;
#2451 = EDGE_CURVE ( 'NONE', #2440, #2442, #2448, .T. ) ;
#2452 = ORIENTED_EDGE ( 'NONE', *, *, #2451, .T. ) ;
#2455 = DIRECTION ( 'NONE', ( 1.000000, 0.000000, 0.000000 ) ) ;
#2454 = VECTOR ( 'NONE', #2455, 1.0 ) ;
#2453 = LINE ( 'NONE', #2441, #2454 ) ;
#2456 = EDGE_CURVE ( 'NONE', #2442, #2438, #2453, .T. ) ;
#2457 = ORIENTED_EDGE ( 'NONE', *, *, #2456, .T. ) ;
#2458 = EDGE_LOOP ( 'NONE', ( #2447, #2452, #2457 ) ) ;
#2459 = FACE_OUTER_BOUND ( 'NONE', #2458, .T. ) ;
#2461 = CARTESIAN_POINT ( 'NONE', ( 18.000000, 10.000000, -14.000000 ) ) ;
#2462 = DIRECTION ( 'NONE', ( 0.000000, 0.000000, 1.000000 ) ) ;
#2463 = DIRECTION ( 'NONE', ( 1.000000, 0.000000, 0.000000 ) ) ;
#2460 = AXIS2_PLACEMENT_3D ( 'NONE', #2461, #2462, #2463 ) ;
#2464 = PLANE ( 'NONE', #2460 ) ;
#2465 = ADVANCED_FACE ( 'NONE', ( #2459 ), #2464, .T. ) ;
#2466 = CARTESIAN_POINT ( 'NONE', ( 18.000000, 22.000000, -14.000000 ) ) ;
#2467 = VERTEX_POINT ( 'NONE', #2466 ) ;
#2468 = CARTESIAN_POINT ( 'NONE', ( 13.000000, 22.000000, -14.000000 ) ) ;
#2469 = VERTEX_POINT ( 'NONE', #2468 ) ;
#2470 = CARTESIAN_POINT ( 'NONE', ( 13.380602, 22.000000, -15.913417 ) ) ;
#2471 = VERTEX_POINT ( 'NONE', #2470 ) ;
#2474 = DIRECTION ( 'NONE', ( 1.000000, 0.000000, 0.000000 ) ) ;
#2473 = VECTOR ( 'NONE', #2474, 1.0 ) ;
#2472 = LINE ( 'NONE', #2466, #2473 ) ;
#2475 = EDGE_CURVE ( 'NONE', #2467, #2469, #2472, .T. ) ;
#2476 = ORIENTED_EDGE ( 'NONE', *, *, #2475, .T. ) ;
#2479 = DIRECTION ( 'NONE', ( 1.000000, 0.000000, 0.000000 ) ) ;
#2478 = VECTOR ( 'NONE', #2479, 1.0 ) ;
#2477 = LINE ( 'NONE', #2468, #2478 ) ;
#2480 = EDGE_CURVE ( 'NONE', #2469, #2471, #2477, .T. ) ;
#2481 = ORIENTED_EDGE ( 'NONE', *, *, #2480, .T. ) ;
#2484 = DIRECTION ( 'NONE', ( 1.000000, 0.000000, 0.000000 ) ) ;
#2483 = VECTOR ( 'NONE', #2484, 1.0 ) ;
#2482 = LINE ( 'NONE', #2470, #2483 ) ;
#2485 = EDGE_CURVE ( 'NONE', #2471, #2467, #2482, .T. ) ;
#2486 = ORIENTED_EDGE ( 'NONE', *, *, #2485, .T. ) ;
#2487 = EDGE_LOOP ( 'NONE', ( #2476, #2481, #2486 ) ) ;
#2488 = FACE_OUTER_BOUND ( 'NONE', #2487, .T. ) ;
#2490 = CARTESIAN_POINT ( 'NONE', ( 18.000000, 22.000000, -14.000000 ) ) ;
#2491 = DIRECTION ( 'NONE', ( 0.000000, 0.000000, 1.000000 ) ) ;
#2492 = DIRECTION ( 'NONE', ( 1.000000, 0.000000, 0.000000 ) ) ;
#2489 = AXIS2_PLACEMENT_3D ( 'NONE', #2490, #2491, #2492 ) ;
#2493 = PLANE ( 'NONE', #2489 ) ;
#2494 = ADVANCED_FACE ( 'NONE', ( #2488 ), #2493, .T. ) ;
#2495 = CARTESIAN_POINT ( 'NONE', ( 18.000000, 10.000000, -14.000000 ) ) ;
#2496 = VERTEX_POINT ( 'NONE', #2495 ) ;
#2497 = CARTESIAN_POINT ( 'NONE', ( 14.464466, 10.000000, -17.535534 ) ) ;
#2498 = VERTEX_POINT ( 'NONE', #2497 ) ;
#2499 = CARTESIAN_POINT ( 'NONE', ( 13.380602, 10.000000, -15.913417 ) ) ;
#2500 = VERTEX_POINT ( 'NONE', #2499 ) ;
#2503 = DIRECTION ( 'NONE', ( 1.000000, 0.000000, 0.000000 ) ) ;
#2502 = VECTOR ( 'NONE', #2503, 1.0 ) ;
#2501 = LINE ( 'NONE', #2495, #2502 ) ;
#2504 = EDGE_CURVE ( 'NONE', #2496, #2498, #2501, .T. ) ;
#2505 = ORIENTED_EDGE ( 'NONE', *, *, #2504, .T. ) ;
#2508 = DIRECTION ( 'NONE', ( 1.000000, 0.000000, 0.000000 ) ) ;
#2507 = VECTOR ( 'NONE', #2508, 1.0 ) ;
#2506 = LINE ( 'NONE', #2497, #2507 ) ;
#2509 = EDGE_CURVE ( 'NONE', #2498, #2500, #2506, .T. ) ;
#2510 = ORIENTED_EDGE ( 'NONE', *, *, #2509, .T. ) ;
#2513 = DIRECTION ( 'NONE', ( 1.000000, 0.000000, 0.000000 ) ) ;
#2512 = VECTOR ( 'NONE', #2513, 1.0 ) ;
#2511 = LINE ( 'NONE', #2499, #2512 ) ;
#2514 = EDGE_CURVE ( 'NONE', #2500, #2496, #2511, .T. ) ;
#2515 = ORIENTED_EDGE ( 'NONE', *, *, #2514, .T. ) ;
#2516 = EDGE_LOOP ( 'NONE', ( #2505, #2510, #2515 ) ) ;
#2517 = FACE_OUTER_BOUND ( 'NONE', #2516, .T. ) ;
#2519 = CARTESIAN_POINT ( 'NONE', ( 18.000000, 10.000000, -14.000000 ) ) ;
#2520 = DIRECTION ( 'NONE', ( 0.000000, 0.000000, 1.000000 ) ) ;
#2521 = DIRECTION ( 'NONE', ( 1.000000, 0.000000, 0.000000 ) ) ;
#2518 = AXIS2_PLACEMENT_3D ( 'NONE', #2519, #2520, #2521 ) ;
#2522 = PLANE ( 'NONE', #2518 ) ;
#2523 = ADVANCED_FACE ( 'NONE', ( #2517 ), #2522, .T. ) ;
#2524 = CARTESIAN_POINT ( 'NONE', ( 18.000000, 22.000000, -14.000000 ) ) ;
#2525 = VERTEX_POINT ( 'NONE', #2524 ) ;
#2526 = CARTESIAN_POINT ( 'NONE', ( 13.380602, 22.000000, -15.913417 ) ) ;
#2527 = VERTEX_POINT ( 'NONE', #2526 ) ;
#2528 = CARTESIAN_POINT ( 'NONE', ( 14.464466, 22.000000, -17.535534 ) ) ;
#2529 = VERTEX_POINT ( 'NONE', #2528 ) ;
#2532 = DIRECTION ( 'NONE', ( 1.000000, 0.000000, 0.000000 ) ) ;
#2531 = VECTOR ( 'NONE', #2532, 1.0 ) ;
#2530 = LINE ( 'NONE', #2524, #2531 ) ;
#2533 = EDGE_CURVE ( 'NONE', #2525, #2527, #2530, .T. ) ;
#2534 = ORIENTED_EDGE ( 'NONE', *, *, #2533, .T. ) ;
#2537 = DIRECTION ( 'NONE', ( 1.000000, 0.000000, 0.000000 ) ) ;
#2536 = VECTOR ( 'NONE', #2537, 1.0 ) ;
#2535 = LINE ( 'NONE', #2526, #2536 ) ;
#2538 = EDGE_CURVE ( 'NONE', #2527, #2529, #2535, .T. ) ;
#2539 = ORIENTED_EDGE ( 'NONE', *, *, #2538, .T. ) ;
#2542 = DIRECTION ( 'NONE', ( 1.000000, 0.000000, 0.000000 ) ) ;
#2541 = VECTOR ( 'NONE', #2542, 1.0 ) ;
#2540 = LINE ( 'NONE', #2528, #2541 ) ;
#2543 = EDGE_CURVE ( 'NONE', #2529, #2525, #2540, .T. ) ;
#2544 = ORIENTED_EDGE ( 'NONE', *, *, #2543, .T. ) ;
#2545 = EDGE_LOOP ( 'NONE', ( #2534, #2539, #2544 ) ) ;
#2546 = FACE_OUTER_BOUND ( 'NONE', #2545, .T. ) ;
#2548 = CARTESIAN_POINT ( 'NONE', ( 18.000000, 22.000000, -14.000000 ) ) ;
#2549 = DIRECTION ( 'NONE', ( 0.000000, 0.000000, 1.000000 ) ) ;
#2550 = DIRECTION ( 'NONE', ( 1.000000, 0.000000, 0.000000 ) ) ;
#2547 = AXIS2_PLACEMENT_3D ( 'NONE', #2548, #2549, #2550 ) ;
#2551 = PLANE ( 'NONE', #2547 ) ;
#2552 = ADVANCED_FACE ( 'NONE', ( #2546 ), #2551, .T. ) ;
#2553 = CARTESIAN_POINT ( 'NONE', ( 18.000000, 10.000000, -14.000000 ) ) ;
#2554 = VERTEX_POINT ( 'NONE', #2553 ) ;
#2555 = CARTESIAN_POINT ( 'NONE', ( 16.086583, 10.000000, -18.619398 ) ) ;
#2556 = VERTEX_POINT ( 'NONE', #2555 ) ;
#2557 = CARTESIAN_POINT ( 'NONE', ( 14.464466, 10.000000, -17.535534 ) ) ;
#2558 = VERTEX_POINT ( 'NONE', #2557 ) ;
#2561 = DIRECTION ( 'NONE', ( 1.000000, 0.000000, 0.000000 ) ) ;
#2560 = VECTOR ( 'NONE', #2561, 1.0 ) ;
#2559 = LINE ( 'NONE', #2553, #2560 ) ;
#2562 = EDGE_CURVE ( 'NONE', #2554, #2556, #2559, .T. ) ;
#2563 = ORIENTED_EDGE ( 'NONE', *, *, #2562, .T. ) ;
#2566 = DIRECTION ( 'NONE', ( 1.000000, 0.000000, 0.000000 ) ) ;
#2565 = VECTOR ( 'NONE', #2566, 1.0 ) ;
#2564 = LINE ( 'NONE', #2555, #2565 ) ;
#2567 = EDGE_CURVE ( 'NONE', #2556, #2558, #2564, .T. ) ;
#2568 = ORIENTED_EDGE ( 'NONE', *, *, #2567, .T. ) ;
#2571 = DIRECTION ( 'NONE', ( 1.000000, 0.000000, 0.000000 ) ) ;
#2570 = VECTOR ( 'NONE', #2571, 1.0 ) ;
#2569 = LINE ( 'NONE', #2557, #2570 ) ;
#2572 = EDGE_CURVE ( 'NONE', #2558, #2554, #2569, .T. ) ;
#2573 = ORIENTED_EDGE ( 'NONE', *, *, #2572, .T. ) ;
#2574 = EDGE_LOOP ( 'NONE', ( #2563, #2568, #2573 ) ) ;
#2575 = FACE_OUTER_BOUND ( 'NONE', #2574, .T. ) ;
#2577 = CARTESIAN_POINT ( 'NONE', ( 18.000000, 10.000000, -14.000000 ) ) ;
#2578 = DIRECTION ( 'NONE', ( 0.000000, 0.000000, 1.000000 ) ) ;
#2579 = DIRECTION ( 'NONE', ( 1.000000, 0.000000, 0.000000 ) ) ;
#2576 = AXIS2_PLACEMENT_3D ( 'NONE', #2577, #2578, #2579 ) ;
#2580 = PLANE ( 'NONE', #2576 ) ;
#2581 = ADVANCED_FACE ( 'NONE', ( #2575 ), #2580, .T. ) ;
#2582 = CARTESIAN_POINT ( 'NONE', ( 18.000000, 22.000000, -14.000000 ) ) ;
#2583 = VERTEX_POINT ( 'NONE', #2582 ) ;
#2584 = CARTESIAN_POINT ( 'NONE', ( 14.464466, 22.000000, -17.535534 ) ) ;
#2585 = VERTEX_POINT ( 'NONE', #2584 ) ;
#2586 = CARTESIAN_POINT ( 'NONE', ( 16.086583, 22.000000, -18.619398 ) ) ;
#2587 = VERTEX_POINT ( 'NONE', #2586 ) ;
#2590 = DIRECTION ( 'NONE', ( 1.000000, 0.000000, 0.000000 ) ) ;
#2589 = VECTOR ( 'NONE', #2590, 1.0 ) ;
#2588 = LINE ( 'NONE', #2582, #2589 ) ;
#2591 = EDGE_CURVE ( 'NONE', #2583, #2585, #2588, .T. ) ;
#2592 = ORIENTED_EDGE ( 'NONE', *, *, #2591, .T. ) ;
#2595 = DIRECTION ( 'NONE', ( 1.000000, 0.000000, 0.000000 ) ) ;
#2594 = VECTOR ( 'NONE', #2595, 1.0 ) ;
#2593 = LINE ( 'NONE', #2584, #2594 ) ;
#2596 = EDGE_CURVE ( 'NONE', #2585, #2587, #2593, .T. ) ;
#2597 = ORIENTED_EDGE ( 'NONE', *, *, #2596, .T. ) ;
#2600 = DIRECTION ( 'NONE', ( 1.000000, 0.000000, 0.000000 ) ) ;
#2599 = VECTOR ( 'NONE', #2600, 1.0 ) ;
#2598 = LINE ( 'NONE', #2586, #2599 ) ;
#2601 = EDGE_CURVE ( 'NONE', #2587, #2583, #2598, .T. ) ;
#2602 = ORIENTED_EDGE ( 'NONE', *, *, #2601, .T. ) ;
#2603 = EDGE_LOOP ( 'NONE', ( #2592, #2597, #2602 ) ) ;
#2604 = FACE_OUTER_BOUND ( 'NONE', #2603, .T. ) ;
#2606 = CARTESIAN_POINT ( 'NONE', ( 18.000000, 22.000000, -14.000000 ) ) ;
#2607 = DIRECTION ( 'NONE', ( 0.000000, 0.000000, 1.000000 ) ) ;
#2608 = DIRECTION ( 'NONE', ( 1.000000, 0.000000, 0.000000 ) ) ;
#2605 = AXIS2_PLACEMENT_3D ( 'NONE', #2606, #2607, #2608 ) ;
#2609 = PLANE ( 'NONE', #2605 ) ;
#2610 = ADVANCED_FACE ( 'NONE', ( #2604 ), #2609, .T. ) ;
#2611 = CARTESIAN_POINT ( 'NONE', ( 18.000000, 10.000000, -14.000000 ) ) ;
#2612 = VERTEX_POINT ( 'NONE', #2611 ) ;
#2613 = CARTESIAN_POINT ( 'NONE', ( 18.000000, 10.000000, -19.000000 ) ) ;
#2614 = VERTEX_POINT ( 'NONE', #2613 ) ;
#2615 = CARTESIAN_POINT ( 'NONE', ( 16.086583, 10.000000, -18.619398 ) ) ;
#2616 = VERTEX_POINT ( 'NONE', #2615 ) ;
#2619 = DIRECTION ( 'NONE', ( 1.000000, 0.000000, 0.000000 ) ) ;
#2618 = VECTOR ( 'NONE', #2619, 1.0 ) ;
#2617 = LINE ( 'NONE', #2611, #2618 ) ;
#2620 = EDGE_CURVE ( 'NONE', #2612, #2614, #2617, .T. ) ;
#2621 = ORIENTED_EDGE ( 'NONE', *, *, #2620, .T. ) ;
#2624 = DIRECTION ( 'NONE', ( 1.000000, 0.000000, 0.000000 ) ) ;
#2623 = VECTOR ( 'NONE', #2624, 1.0 ) ;
#2622 = LINE ( 'NONE', #2613, #2623 ) ;
#2625 = EDGE_CURVE ( 'NONE', #2614, #2616, #2622, .T. ) ;
#2626 = ORIENTED_EDGE ( 'NONE', *, *, #2625, .T. ) ;
#2629 = DIRECTION ( 'NONE', ( 1.000000, 0.000000, 0.000000 ) ) ;
#2628 = VECTOR ( 'NONE', #2629, 1.0 ) ;
#2627 = LINE ( 'NONE', #2615, #2628 ) ;
#2630 = EDGE_CURVE ( 'NONE', #2616, #2612, #2627, .T. ) ;
#2631 = ORIENTED_EDGE ( 'NONE', *, *, #2630, .T. ) ;
#2632 = EDGE_LOOP ( 'NONE', ( #2621, #2626, #2631 ) ) ;
#2633 = FACE_OUTER_BOUND ( 'NONE', #2632, .T. ) ;
#2635 = CARTESIAN_POINT ( 'NONE', ( 18.000000, 10.000000, -14.000000 ) ) ;
#2636 = DIRECTION ( 'NONE', ( 0.000000, 0.000000, 1.000000 ) ) ;
#2637 = DIRECTION ( 'NONE', ( 1.000000, 0.000000, 0.000000 ) ) ;
#2634 = AXIS2_PLACEMENT_3D ( 'NONE', #2635, #2636, #2637 ) ;
#2638 = PLANE ( 'NONE', #2634 ) ;
#2639 = ADVANCED_FACE ( 'NONE', ( #2633 ), #2638, .T. ) ;
#2640 = CARTESIAN_POINT ( 'NONE', ( 18.000000, 22.000000, -14.000000 ) ) ;
#2641 = VERTEX_POINT ( 'NONE', #2640 ) ;
#2642 = CARTESIAN_POINT ( 'NONE', ( 16.086583, 22.000000, -18.619398 ) ) ;
#2643 = VERTEX_POINT ( 'NONE', #2642 ) ;
#2644 = CARTESIAN_POINT ( 'NONE', ( 18.000000, 22.000000, -19.000000 ) ) ;
#2645 = VERTEX_POINT ( 'NONE', #2644 ) ;
#2648 = DIRECTION ( 'NONE', ( 1.000000, 0.000000, 0.000000 ) ) ;
#2647 = VECTOR ( 'NONE', #2648, 1.0 ) ;
#2646 = LINE ( 'NONE', #2640, #2647 ) ;
#2649 = EDGE_CURVE ( 'NONE', #2641, #2643, #2646, .T. ) ;
#2650 = ORIENTED_EDGE ( 'NONE', *, *, #2649, .T. ) ;
#2653 = DIRECTION ( 'NONE', ( 1.000000, 0.000000, 0.000000 ) ) ;
#2652 = VECTOR ( 'NONE', #2653, 1.0 ) ;
#2651 = LINE ( 'NONE', #2642, #2652 ) ;
#2654 = EDGE_CURVE ( 'NONE', #2643, #2645, #2651, .T. ) ;
#2655 = ORIENTED_EDGE ( 'NONE', *, *, #2654, .T. ) ;
#2658 = DIRECTION ( 'NONE', ( 1.000000, 0.000000, 0.000000 ) ) ;
#2657 = VECTOR ( 'NONE', #2658, 1.0 ) ;
#2656 = LINE ( 'NONE', #2644, #2657 ) ;
#2659 = EDGE_CURVE ( 'NONE', #2645, #2641, #2656, .T. ) ;
#2660 = ORIENTED_EDGE ( 'NONE', *, *, #2659, .T. ) ;
#2661 = EDGE_LOOP ( 'NONE', ( #2650, #2655, #2660 ) ) ;
#2662 = FACE_OUTER_BOUND ( 'NONE', #2661, .T. ) ;
#2664 = CARTESIAN_POINT ( 'NONE', ( 18.000000, 22.000000, -14.000000 ) ) ;
#2665 = DIRECTION ( 'NONE', ( 0.000000, 0.000000, 1.000000 ) ) ;
#2666 = DIRECTION ( 'NONE', ( 1.000000, 0.000000, 0.000000 ) ) ;
#2663 = AXIS2_PLACEMENT_3D ( 'NONE', #2664, #2665, #2666 ) ;
#2667 = PLANE ( 'NONE', #2663 ) ;
#2668 = ADVANCED_FACE ( 'NONE', ( #2662 ), #2667, .T. ) ;
#2669 = CARTESIAN_POINT ( 'NONE', ( 18.000000, 10.000000, -14.000000 ) ) ;
#2670 = VERTEX_POINT ( 'NONE', #2669 ) ;
#2671 = CARTESIAN_POINT ( 'NONE', ( 19.913417, 10.000000, -18.619398 ) ) ;
#2672 = VERTEX_POINT ( 'NONE', #2671 ) ;
#2673 = CARTESIAN_POINT ( 'NONE', ( 18.000000, 10.000000, -19.000000 ) ) ;
#2674 = VERTEX_POINT ( 'NONE', #2673 ) ;
#2677 = DIRECTION ( 'NONE', ( 1.000000, 0.000000, 0.000000 ) ) ;
#2676 = VECTOR ( 'NONE', #2677, 1.0 ) ;
#2675 = LINE ( 'NONE', #2669, #2676 ) ;
#2678 = EDGE_CURVE ( 'NONE', #2670, #2672, #2675, .T. ) ;
#2679 = ORIENTED_EDGE ( 'NONE', *, *, #2678, .T. ) ;
#2682 = DIRECTION ( 'NONE', ( 1.000000, 0.000000, 0.000000 ) ) ;
#2681 = VECTOR ( 'NONE', #2682, 1.0 ) ;
#2680 = LINE ( 'NONE', #2671, #2681 ) ;
#2683 = EDGE_CURVE ( 'NONE', #2672, #2674, #2680, .T. ) ;
#2684 = ORIENTED_EDGE ( 'NONE', *, *, #2683, .T. ) ;
#2687 = DIRECTION ( 'NONE', ( 1.000000, 0.000000, 0.000000 ) ) ;
#2686 = VECTOR ( 'NONE', #2687, 1.0 ) ;
#2685 = LINE ( 'NONE', #2673, #2686 ) ;
#2688 = EDGE_CURVE ( 'NONE', #2674, #2670, #2685, .T. ) ;
#2689 = ORIENTED_EDGE ( 'NONE', *, *, #2688, .T. ) ;
#2690 = EDGE_LOOP ( 'NONE', ( #2679, #2684, #2689 ) ) ;
#2691 = FACE_OUTER_BOUND ( 'NONE', #2690, .T. ) ;
#2693 = CARTESIAN_POINT ( 'NONE', ( 18.000000, 10.000000, -14.000000 ) ) ;
#2694 = DIRECTION ( 'NONE', ( 0.000000, 0.000000, 1.000000 ) ) ;
#2695 = DIRECTION ( 'NONE', ( 1.000000, 0.000000, 0.000000 ) ) ;
#2692 = AXIS2_PLACEMENT_3D ( 'NONE', #2693, #2694, #2695 ) ;
#2696 = PLANE ( 'NONE', #2692 ) ;
#2697 = ADVANCED_FACE ( 'NONE', ( #2691 ), #2696, .T. ) ;
#2698 = CARTESIAN_POINT ( 'NONE', ( 18.000000, 22.000000, -14.000000 ) ) ;
#2699 = VERTEX_POINT ( 'NONE', #2698 ) ;
#2700 = CARTESIAN_POINT ( 'NONE', ( 18.000000, 22.000000, -19.000000 ) ) ;
#2701 = VERTEX_POINT ( 'NONE', #2700 ) ;
#2702 = CARTESIAN_POINT ( 'NONE', ( 19.913417, 22.000000, -18.619398 ) ) ;
#2703 = VERTEX_POINT ( 'NONE', #2702 ) ;
#2706 = DIRECTION ( 'NONE', ( 1.000000, 0.000000, 0.000000 ) ) ;
#2705 = VECTOR ( 'NONE', #2706, 1.0 ) ;
#2704 = LINE ( 'NONE', #2698, #2705 ) ;
#2707 = EDGE_CURVE ( 'NONE', #2699, #2701, #2704, .T. ) ;
#2708 = ORIENTED_EDGE ( 'NONE', *, *, #2707, .T. ) ;
#2711 = DIRECTION ( 'NONE', ( 1.000000, 0.000000, 0.000000 ) ) ;
#2710 = VECTOR ( 'NONE', #2711, 1.0 ) ;
#2709 = LINE ( 'NONE', #2700, #2710 ) ;
#2712 = EDGE_CURVE ( 'NONE', #2701, #2703, #2709, .T. ) ;
#2713 = ORIENTED_EDGE ( 'NONE', *, *, #2712, .T. ) ;
#2716 = DIRECTION ( 'NONE', ( 1.000000, 0.000000, 0.000000 ) ) ;
#2715 = VECTOR ( 'NONE', #2716, 1.0 ) ;
#2714 = LINE ( 'NONE', #2702, #2715 ) ;
#2717 = EDGE_CURVE ( 'NONE', #2703, #2699, #2714, .T. ) ;
#2718 = ORIENTED_EDGE ( 'NONE', *, *, #2717, .T. ) ;
#2719 = EDGE_LOOP ( 'NONE', ( #2708, #2713, #2718 ) ) ;
#2720 = FACE_OUTER_BOUND ( 'NONE', #2719, .T. ) ;
#2722 = CARTESIAN_POINT ( 'NONE', ( 18.000000, 22.000000, -14.000000 ) ) ;
#2723 = DIRECTION ( 'NONE', ( 0.000000, 0.000000, 1.000000 ) ) ;
#2724 = DIRECTION ( 'NONE', ( 1.000000, 0.000000, 0.000000 ) ) ;
#2721 = AXIS2_PLACEMENT_3D ( 'NONE', #2722, #2723, #2724 ) ;
#2725 = PLANE ( 'NONE', #2721 ) ;
#2726 = ADVANCED_FACE ( 'NONE', ( #2720 ), #2725, .T. ) ;
#2727 = CARTESIAN_POINT ( 'NONE', ( 18.000000, 10.000000, -14.000000 ) ) ;
#2728 = VERTEX_POINT ( 'NONE', #2727 ) ;
#2729 = CARTESIAN_POINT ( 'NONE', ( 21.535534, 10.000000, -17.535534 ) ) ;
#2730 = VERTEX_POINT ( 'NONE', #2729 ) ;
#2731 = CARTESIAN_POINT ( 'NONE', ( 19.913417, 10.000000, -18.619398 ) ) ;
#2732 = VERTEX_POINT ( 'NONE', #2731 ) ;
#2735 = DIRECTION ( 'NONE', ( 1.000000, 0.000000, 0.000000 ) ) ;
#2734 = VECTOR ( 'NONE', #2735, 1.0 ) ;
#2733 = LINE ( 'NONE', #2727, #2734 ) ;
#2736 = EDGE_CURVE ( 'NONE', #2728, #2730, #2733, .T. ) ;
#2737 = ORIENTED_EDGE ( 'NONE', *, *, #2736, .T. ) ;
#2740 = DIRECTION ( 'NONE', ( 1.000000, 0.000000, 0.000000 ) ) ;
#2739 = VECTOR ( 'NONE', #2740, 1.0 ) ;
#2738 = LINE ( 'NONE', #2729, #2739 ) ;
#2741 = EDGE_CURVE ( 'NONE', #2730, #2732, #2738, .T. ) ;
#2742 = ORIENTED_EDGE ( 'NONE', *, *, #2741, .T. ) ;
#2745 = DIRECTION ( 'NONE', ( 1.000000, 0.000000, 0.000000 ) ) ;
#2744 = VECTOR ( 'NONE', #2745, 1.0 ) ;
#2743 = LINE ( 'NONE', #2731, #2744 ) ;
#2746 = EDGE_CURVE ( 'NONE', #2732, #2728, #2743, .T. ) ;
#2747 = ORIENTED_EDGE ( 'NONE', *, *, #2746, .T. ) ;
#2748 = EDGE_LOOP ( 'NONE', ( #2737, #2742, #2747 ) ) ;
#2749 = FACE_OUTER_BOUND ( 'NONE', #2748, .T. ) ;
#2751 = CARTESIAN_POINT ( 'NONE', ( 18.000000, 10.000000, -14.000000 ) ) ;
#2752 = DIRECTION ( 'NONE', ( 0.000000, 0.000000, 1.000000 ) ) ;
#2753 = DIRECTION ( 'NONE', ( 1.000000, 0.000000, 0.000000 ) ) ;
#2750 = AXIS2_PLACEMENT_3D ( 'NONE', #2751, #2752, #2753 ) ;
#2754 = PLANE ( 'NONE', #2750 ) ;
#2755 = ADVANCED_FACE ( 'NONE', ( #2749 ), #2754, .T. ) ;
#2756 = CARTESIAN_POINT ( 'NONE', ( 18.000000, 22.000000, -14.000000 ) ) ;
#2757 = VERTEX_POINT ( 'NONE', #2756 ) ;
#2758 = CARTESIAN_POINT ( 'NONE', ( 19.913417, 22.000000, -18.619398 ) ) ;
#2759 = VERTEX_POINT ( 'NONE', #2758 ) ;
#2760 = CARTESIAN_POINT ( 'NONE', ( 21.535534, 22.000000, -17.535534 ) ) ;
#2761 = VERTEX_POINT ( 'NONE', #2760 ) ;
#2764 = DIRECTION ( 'NONE', ( 1.000000, 0.000000, 0.000000 ) ) ;
#2763 = VECTOR ( 'NONE', #2764, 1.0 ) ;
#2762 = LINE ( 'NONE', #2756, #2763 ) ;
#2765 = EDGE_CURVE ( 'NONE', #2757, #2759, #2762, .T. ) ;
#2766 = ORIENTED_EDGE ( 'NONE', *, *, #2765, .T. ) ;
#2769 = DIRECTION ( 'NONE', ( 1.000000, 0.000000, 0.000000 ) ) ;
#2768 = VECTOR ( 'NONE', #2769, 1.0 ) ;
#2767 = LINE ( 'NONE', #2758, #2768 ) ;
#2770 = EDGE_CURVE ( 'NONE', #2759, #2761, #2767, .T. ) ;
#2771 = ORIENTED_EDGE ( 'NONE', *, *, #2770, .T. ) ;
#2774 = DIRECTION ( 'NONE', ( 1.000000, 0.000000, 0.000000 ) ) ;
#2773 = VECTOR ( 'NONE', #2774, 1.0 ) ;
#2772 = LINE ( 'NONE', #2760, #2773 ) ;
#2775 = EDGE_CURVE ( 'NONE', #2761, #2757, #2772, .T. ) ;
#2776 = ORIENTED_EDGE ( 'NONE', *, *, #2775, .T. ) ;
#2777 = EDGE_LOOP ( 'NONE', ( #2766, #2771, #2776 ) ) ;
#2778 = FACE_OUTER_BOUND ( 'NONE', #2777, .T. ) ;
#2780 = CARTESIAN_POINT ( 'NONE', ( 18.000000, 22.000000, -14.000000 ) ) ;
#2781 = DIRECTION ( 'NONE', ( 0.000000, 0.000000, 1.000000 ) ) ;
#2782 = DIRECTION ( 'NONE', ( 1.000000, 0.000000, 0.000000 ) ) ;
#2779 = AXIS2_PLACEMENT_3D ( 'NONE', #2780, #2781, #2782 ) ;
#2783 = PLANE ( 'NONE', #2779 ) ;
#2784 = ADVANCED_FACE ( 'NONE', ( #2778 ), #2783, .T. ) ;
#2785 = CARTESIAN_POINT ( 'NONE', ( 18.000000, 10.000000, -14.000000 ) ) ;
#2786 = VERTEX_POINT ( 'NONE', #2785 ) ;
#2787 = CARTESIAN_POINT ( 'NONE', ( 22.619398, 10.000000, -15.913417 ) ) ;
#2788 = VERTEX_POINT ( 'NONE', #2787 ) ;
#2789 = CARTESIAN_POINT ( 'NONE', ( 21.535534, 10.000000, -17.535534 ) ) ;
#2790 = VERTEX_POINT ( 'NONE', #2789 ) ;
#2793 = DIRECTION ( 'NONE', ( 1.000000, 0.000000, 0.000000 ) ) ;
#2792 = VECTOR ( 'NONE', #2793, 1.0 ) ;
#2791 = LINE ( 'NONE', #2785, #2792 ) ;
#2794 = EDGE_CURVE ( 'NONE', #2786, #2788, #2791, .T. ) ;
#2795 = ORIENTED_EDGE ( 'NONE', *, *, #2794, .T. ) ;
#2798 = DIRECTION ( 'NONE', ( 1.000000, 0.000000, 0.000000 ) ) ;
#2797 = VECTOR ( 'NONE', #2798, 1.0 ) ;
#2796 = LINE ( 'NONE', #2787, #2797 ) ;
#2799 = EDGE_CURVE ( 'NONE', #2788, #2790, #2796, .T. ) ;
#2800 = ORIENTED_EDGE ( 'NONE', *, *, #2799, .T. ) ;
#2803 = DIRECTION ( 'NONE', ( 1.000000, 0.000000, 0.000000 ) ) ;
#2802 = VECTOR ( 'NONE', #2803, 1.0 ) ;
#2801 = LINE ( 'NONE', #2789, #2802 ) ;
#2804 = EDGE_CURVE ( 'NONE', #2790, #2786, #2801, .T. ) ;
#2805 = ORIENTED_EDGE ( 'NONE', *, *, #2804, .T. ) ;
#2806 = EDGE_LOOP ( 'NONE', ( #2795, #2800, #2805 ) ) ;
#2807 = FACE_OUTER_BOUND ( 'NONE', #2806, .T. ) ;
#2809 = CARTESIAN_POINT ( 'NONE', ( 18.000000, 10.000000, -14.000000 ) ) ;
#2810 = DIRECTION ( 'NONE', ( 0.000000, 0.000000, 1.000000 ) ) ;
#2811 = DIRECTION ( 'NONE', ( 1.000000, 0.000000, 0.000000 ) ) ;
#2808 = AXIS2_PLACEMENT_3D ( 'NONE', #2809, #2810, #2811 ) ;
#2812 = PLANE ( 'NONE', #2808 ) ;
#2813 = ADVANCED_FACE ( 'NONE', ( #2807 ), #2812, .T. ) ;
#2814 = CARTESIAN_POINT ( 'NONE', ( 18.000000, 22.000000, -14.000000 ) ) ;
#2815 = VERTEX_POINT ( 'NONE', #2814 ) ;
#2816 = CARTESIAN_POINT ( 'NONE', ( 21.535534, 22.000000, -17.535534 ) ) ;
#2817 = VERTEX_POINT ( 'NONE', #2816 ) ;
#2818 = CARTESIAN_POINT ( 'NONE', ( 22.619398, 22.000000, -15.913417 ) ) ;
#2819 = VERTEX_POINT ( 'NONE', #2818 ) ;
#2822 = DIRECTION ( 'NONE', ( 1.000000, 0.000000, 0.000000 ) ) ;
#2821 = VECTOR ( 'NONE', #2822, 1.0 ) ;
#2820 = LINE ( 'NONE', #2814, #2821 ) ;
#2823 = EDGE_CURVE ( 'NONE', #2815, #2817, #2820, .T. ) ;
#2824 = ORIENTED_EDGE ( 'NONE', *, *, #2823, .T. ) ;
#2827 = DIRECTION ( 'NONE', ( 1.000000, 0.000000, 0.000000 ) ) ;
#2826 = VECTOR ( 'NONE', #2827, 1.0 ) ;
#2825 = LINE ( 'NONE', #2816, #2826 ) ;
#2828 = EDGE_CURVE ( 'NONE', #2817, #2819, #2825, .T. ) ;
#2829 = ORIENTED_EDGE ( 'NONE', *, *, #2828, .T. ) ;
#2832 = DIRECTION ( 'NONE', ( 1.000000, 0.000000, 0.000000 ) ) ;
#2831 = VECTOR ( 'NONE', #2832, 1.0 ) ;
#2830 = LINE ( 'NONE', #2818, #2831 ) ;
#2833 = EDGE_CURVE ( 'NONE', #2819, #2815, #2830, .T. ) ;
#2834 = ORIENTED_EDGE ( 'NONE', *, *, #2833, .T. ) ;
#2835 = EDGE_LOOP ( 'NONE', ( #2824, #2829, #2834 ) ) ;
#2836 = FACE_OUTER_BOUND ( 'NONE', #2835, .T. ) ;
#2838 = CARTESIAN_POINT ( 'NONE', ( 18.000000, 22.000000, -14.000000 ) ) ;
#2839 = DIRECTION ( 'NONE', ( 0.000000, 0.000000, 1.000000 ) ) ;
#2840 = DIRECTION ( 'NONE', ( 1.000000, 0.000000, 0.000000 ) ) ;
#2837 = AXIS2_PLACEMENT_3D ( 'NONE', #2838, #2839, #2840 ) ;
#2841 = PLANE ( 'NONE', #2837 ) ;
#2842 = ADVANCED_FACE ( 'NONE', ( #2836 ), #2841, .T. ) ;
#2843 = CARTESIAN_POINT ( 'NONE', ( 18.000000, 10.000000, -14.000000 ) ) ;
#2844 = VERTEX_POINT ( 'NONE', #2843 ) ;
#2845 = CARTESIAN_POINT ( 'NONE', ( 23.000000, 10.000000, -14.000000 ) ) ;
#2846 = VERTEX_POINT ( 'NONE', #2845 ) ;
#2847 = CARTESIAN_POINT ( 'NONE', ( 22.619398, 10.000000, -15.913417 ) ) ;
#2848 = VERTEX_POINT ( 'NONE', #2847 ) ;
#2851 = DIRECTION ( 'NONE', ( 1.000000, 0.000000, 0.000000 ) ) ;
#2850 = VECTOR ( 'NONE', #2851, 1.0 ) ;
#2849 = LINE ( 'NONE', #2843, #2850 ) ;
#2852 = EDGE_CURVE ( 'NONE', #2844, #2846, #2849, .T. ) ;
#2853 = ORIENTED_EDGE ( 'NONE', *, *, #2852, .T. ) ;
#2856 = DIRECTION ( 'NONE', ( 1.000000, 0.000000, 0.000000 ) ) ;
#2855 = VECTOR ( 'NONE', #2856, 1.0 ) ;
#2854 = LINE ( 'NONE', #2845, #2855 ) ;
#2857 = EDGE_CURVE ( 'NONE', #2846, #2848, #2854, .T. ) ;
#2858 = ORIENTED_EDGE ( 'NONE', *, *, #2857, .T. ) ;
#2861 = DIRECTION ( 'NONE', ( 1.000000, 0.000000, 0.000000 ) ) ;
#2860 = VECTOR ( 'NONE', #2861, 1.0 ) ;
#2859 = LINE ( 'NONE', #2847, #2860 ) ;
#2862 = EDGE_CURVE ( 'NONE', #2848, #2844, #2859, .T. ) ;
#2863 = ORIENTED_EDGE ( 'NONE', *, *, #2862, .T. ) ;
#2864 = EDGE_LOOP ( 'NONE', ( #2853, #2858, #2863 ) ) ;
#2865 = FACE_OUTER_BOUND ( 'NONE', #2864, .T. ) ;
#2867 = CARTESIAN_POINT ( 'NONE', ( 18.000000, 10.000000, -14.000000 ) ) ;
#2868 = DIRECTION ( 'NONE', ( 0.000000, 0.000000, 1.000000 ) ) ;
#2869 = DIRECTION ( 'NONE', ( 1.000000, 0.000000, 0.000000 ) ) ;
#2866 = AXIS2_PLACEMENT_3D ( 'NONE', #2867, #2868, #2869 ) ;
#2870 = PLANE ( 'NONE', #2866 ) ;
#2871 = ADVANCED_FACE ( 'NONE', ( #2865 ), #2870, .T. ) ;
#2872 = CARTESIAN_POINT ( 'NONE', ( 18.000000, 22.000000, -14.000000 ) ) ;
#2873 = VERTEX_POINT ( 'NONE', #2872 ) ;
#2874 = CARTESIAN_POINT ( 'NONE', ( 22.619398, 22.000000, -15.913417 ) ) ;
#2875 = VERTEX_POINT ( 'NONE', #2874 ) ;
#2876 = CARTESIAN_POINT ( 'NONE', ( 23.000000, 22.000000, -14.000000 ) ) ;
#2877 = VERTEX_POINT ( 'NONE', #2876 ) ;
#2880 = DIRECTION ( 'NONE', ( 1.000000, 0.000000, 0.000000 ) ) ;
#2879 = VECTOR ( 'NONE', #2880, 1.0 ) ;
#2878 = LINE ( 'NONE', #2872, #2879 ) ;
#2881 = EDGE_CURVE ( 'NONE', #2873, #2875, #2878, .T. ) ;
#2882 = ORIENTED_EDGE ( 'NONE', *, *, #2881, .T. ) ;
#2885 = DIRECTION ( 'NONE', ( 1.000000, 0.000000, 0.000000 ) ) ;
#2884 = VECTOR ( 'NONE', #2885, 1.0 ) ;
#2883 = LINE ( 'NONE', #2874, #2884 ) ;
#2886 = EDGE_CURVE ( 'NONE', #2875, #2877, #2883, .T. ) ;
#2887 = ORIENTED_EDGE ( 'NONE', *, *, #2886, .T. ) ;
#2890 = DIRECTION ( 'NONE', ( 1.000000, 0.000000, 0.000000 ) ) ;
#2889 = VECTOR ( 'NONE', #2890, 1.0 ) ;
#2888 = LINE ( 'NONE', #2876, #2889 ) ;
#2891 = EDGE_CURVE ( 'NONE', #2877, #2873, #2888, .T. ) ;
#2892 = ORIENTED_EDGE ( 'NONE', *, *, #2891, .T. ) ;
#2893 = EDGE_LOOP ( 'NONE', ( #2882, #2887, #2892 ) ) ;
#2894 = FACE_OUTER_BOUND ( 'NONE', #2893, .T. ) ;
#2896 = CARTESIAN_POINT ( 'NONE', ( 18.000000, 22.000000, -14.000000 ) ) ;
#2897 = DIRECTION ( 'NONE', ( 0.000000, 0.000000, 1.000000 ) ) ;
#2898 = DIRECTION ( 'NONE', ( 1.000000, 0.000000, 0.000000 ) ) ;
#2895 = AXIS2_PLACEMENT_3D ( 'NONE', #2896, #2897, #2898 ) ;
#2899 = PLANE ( 'NONE', #2895 ) ;
#2900 = ADVANCED_FACE ( 'NONE', ( #2894 ), #2899, .T. ) ;
#2901 = CARTESIAN_POINT ( 'NONE', ( 23.000000, 10.000000, 14.000000 ) ) ;
#2902 = VERTEX_POINT ( 'NONE', #2901 ) ;
#2903 = CARTESIAN_POINT ( 'NONE', ( 22.619398, 10.000000, 15.913417 ) ) ;
#2904 = VERTEX_POINT ( 'NONE', #2903 ) ;
#2905 = CARTESIAN_POINT ( 'NONE', ( 22.619398, 22.000000, 15.913417 ) ) ;
#2906 = VERTEX_POINT ( 'NONE', #2905 ) ;
#2909 = DIRECTION ( 'NONE', ( 1.000000, 0.000000, 0.000000 ) ) ;
#2908 = VECTOR ( 'NONE', #2909, 1.0 ) ;
#2907 = LINE ( 'NONE', #2901, #2908 ) ;
#2910 = EDGE_CURVE ( 'NONE', #2902, #2904, #2907, .T. ) ;
#2911 = ORIENTED_EDGE ( 'NONE', *, *, #2910, .T. ) ;
#2914 = DIRECTION ( 'NONE', ( 1.000000, 0.000000, 0.000000 ) ) ;
#2913 = VECTOR ( 'NONE', #2914, 1.0 ) ;
#2912 = LINE ( 'NONE', #2903, #2913 ) ;
#2915 = EDGE_CURVE ( 'NONE', #2904, #2906, #2912, .T. ) ;
#2916 = ORIENTED_EDGE ( 'NONE', *, *, #2915, .T. ) ;
#2919 = DIRECTION ( 'NONE', ( 1.000000, 0.000000, 0.000000 ) ) ;
#2918 = VECTOR ( 'NONE', #2919, 1.0 ) ;
#2917 = LINE ( 'NONE', #2905, #2918 ) ;
#2920 = EDGE_CURVE ( 'NONE', #2906, #2902, #2917, .T. ) ;
#2921 = ORIENTED_EDGE ( 'NONE', *, *, #2920, .T. ) ;
#2922 = EDGE_LOOP ( 'NONE', ( #2911, #2916, #2921 ) ) ;
#2923 = FACE_OUTER_BOUND ( 'NONE', #2922, .T. ) ;
#2925 = CARTESIAN_POINT ( 'NONE', ( 23.000000, 10.000000, 14.000000 ) ) ;
#2926 = DIRECTION ( 'NONE', ( 0.000000, 0.000000, 1.000000 ) ) ;
#2927 = DIRECTION ( 'NONE', ( 1.000000, 0.000000, 0.000000 ) ) ;
#2924 = AXIS2_PLACEMENT_3D ( 'NONE', #2925, #2926, #2927 ) ;
#2928 = PLANE ( 'NONE', #2924 ) ;
#2929 = ADVANCED_FACE ( 'NONE', ( #2923 ), #2928, .T. ) ;
#2930 = CARTESIAN_POINT ( 'NONE', ( 23.000000, 10.000000, 14.000000 ) ) ;
#2931 = VERTEX_POINT ( 'NONE', #2930 ) ;
#2932 = CARTESIAN_POINT ( 'NONE', ( 22.619398, 22.000000, 15.913417 ) ) ;
#2933 = VERTEX_POINT ( 'NONE', #2932 ) ;
#2934 = CARTESIAN_POINT ( 'NONE', ( 23.000000, 22.000000, 14.000000 ) ) ;
#2935 = VERTEX_POINT ( 'NONE', #2934 ) ;
#2938 = DIRECTION ( 'NONE', ( 1.000000, 0.000000, 0.000000 ) ) ;
#2937 = VECTOR ( 'NONE', #2938, 1.0 ) ;
#2936 = LINE ( 'NONE', #2930, #2937 ) ;
#2939 = EDGE_CURVE ( 'NONE', #2931, #2933, #2936, .T. ) ;
#2940 = ORIENTED_EDGE ( 'NONE', *, *, #2939, .T. ) ;
#2943 = DIRECTION ( 'NONE', ( 1.000000, 0.000000, 0.000000 ) ) ;
#2942 = VECTOR ( 'NONE', #2943, 1.0 ) ;
#2941 = LINE ( 'NONE', #2932, #2942 ) ;
#2944 = EDGE_CURVE ( 'NONE', #2933, #2935, #2941, .T. ) ;
#2945 = ORIENTED_EDGE ( 'NONE', *, *, #2944, .T. ) ;
#2948 = DIRECTION ( 'NONE', ( 1.000000, 0.000000, 0.000000 ) ) ;
#2947 = VECTOR ( 'NONE', #2948, 1.0 ) ;
#2946 = LINE ( 'NONE', #2934, #2947 ) ;
#2949 = EDGE_CURVE ( 'NONE', #2935, #2931, #2946, .T. ) ;
#2950 = ORIENTED_EDGE ( 'NONE', *, *, #2949, .T. ) ;
#2951 = EDGE_LOOP ( 'NONE', ( #2940, #2945, #2950 ) ) ;
#2952 = FACE_OUTER_BOUND ( 'NONE', #2951, .T. ) ;
#2954 = CARTESIAN_POINT ( 'NONE', ( 23.000000, 10.000000, 14.000000 ) ) ;
#2955 = DIRECTION ( 'NONE', ( 0.000000, 0.000000, 1.000000 ) ) ;
#2956 = DIRECTION ( 'NONE', ( 1.000000, 0.000000, 0.000000 ) ) ;
#2953 = AXIS2_PLACEMENT_3D ( 'NONE', #2954, #2955, #2956 ) ;
#2957 = PLANE ( 'NONE', #2953 ) ;
#2958 = ADVANCED_FACE ( 'NONE', ( #2952 ), #2957, .T. ) ;
#2959 = CARTESIAN_POINT ( 'NONE', ( 22.619398, 10.000000, 15.913417 ) ) ;
#2960 = VERTEX_POINT ( 'NONE', #2959 ) ;
#2961 = CARTESIAN_POINT ( 'NONE', ( 21.535534, 10.000000, 17.535534 ) ) ;
#2962 = VERTEX_POINT ( 'NONE', #2961 ) ;
#2963 = CARTESIAN_POINT ( 'NONE', ( 21.535534, 22.000000, 17.535534 ) ) ;
#2964 = VERTEX_POINT ( 'NONE', #2963 ) ;
#2967 = DIRECTION ( 'NONE', ( 1.000000, 0.000000, 0.000000 ) ) ;
#2966 = VECTOR ( 'NONE', #2967, 1.0 ) ;
#2965 = LINE ( 'NONE', #2959, #2966 ) ;
#2968 = EDGE_CURVE ( 'NONE', #2960, #2962, #2965, .T. ) ;
#2969 = ORIENTED_EDGE ( 'NONE', *, *, #2968, .T. ) ;
#2972 = DIRECTION ( 'NONE', ( 1.000000, 0.000000, 0.000000 ) ) ;
#2971 = VECTOR ( 'NONE', #2972, 1.0 ) ;
#2970 = LINE ( 'NONE', #2961, #2971 ) ;
#2973 = EDGE_CURVE ( 'NONE', #2962, #2964, #2970, .T. ) ;
#2974 = ORIENTED_EDGE ( 'NONE', *, *, #2973, .T. ) ;
#2977 = DIRECTION ( 'NONE', ( 1.000000, 0.000000, 0.000000 ) ) ;
#2976 = VECTOR ( 'NONE', #2977, 1.0 ) ;
#2975 = LINE ( 'NONE', #2963, #2976 ) ;
#2978 = EDGE_CURVE ( 'NONE', #2964, #2960, #2975, .T. ) ;
#2979 = ORIENTED_EDGE ( 'NONE', *, *, #2978, .T. ) ;
#2980 = EDGE_LOOP ( 'NONE', ( #2969, #2974, #2979 ) ) ;
#2981 = FACE_OUTER_BOUND ( 'NONE', #2980, .T. ) ;
#2983 = CARTESIAN_POINT ( 'NONE', ( 22.619398, 10.000000, 15.913417 ) ) ;
#2984 = DIRECTION ( 'NONE', ( 0.000000, 0.000000, 1.000000 ) ) ;
#2985 = DIRECTION ( 'NONE', ( 1.000000, 0.000000, 0.000000 ) ) ;
#2982 = AXIS2_PLACEMENT_3D ( 'NONE', #2983, #2984, #2985 ) ;
#2986 = PLANE ( 'NONE', #2982 ) ;
#2987 = ADVANCED_FACE ( 'NONE', ( #2981 ), #2986, .T. ) ;
#2988 = CARTESIAN_POINT ( 'NONE', ( 22.619398, 10.000000, 15.913417 ) ) ;
#2989 = VERTEX_POINT ( 'NONE', #2988 ) ;
#2990 = CARTESIAN_POINT ( 'NONE', ( 21.535534, 22.000000, 17.535534 ) ) ;
#2991 = VERTEX_POINT ( 'NONE', #2990 ) ;
#2992 = CARTESIAN_POINT ( 'NONE', ( 22.619398, 22.000000, 15.913417 ) ) ;
#2993 = VERTEX_POINT ( 'NONE', #2992 ) ;
#2996 = DIRECTION ( 'NONE', ( 1.000000, 0.000000, 0.000000 ) ) ;
#2995 = VECTOR ( 'NONE', #2996, 1.0 ) ;
#2994 = LINE ( 'NONE', #2988, #2995 ) ;
#2997 = EDGE_CURVE ( 'NONE', #2989, #2991, #2994, .T. ) ;
#2998 = ORIENTED_EDGE ( 'NONE', *, *, #2997, .T. ) ;
#3001 = DIRECTION ( 'NONE', ( 1.000000, 0.000000, 0.000000 ) ) ;
#3000 = VECTOR ( 'NONE', #3001, 1.0 ) ;
#2999 = LINE ( 'NONE', #2990, #3000 ) ;
#3002 = EDGE_CURVE ( 'NONE', #2991, #2993, #2999, .T. ) ;
#3003 = ORIENTED_EDGE ( 'NONE', *, *, #3002, .T. ) ;
#3006 = DIRECTION ( 'NONE', ( 1.000000, 0.000000, 0.000000 ) ) ;
#3005 = VECTOR ( 'NONE', #3006, 1.0 ) ;
#3004 = LINE ( 'NONE', #2992, #3005 ) ;
#3007 = EDGE_CURVE ( 'NONE', #2993, #2989, #3004, .T. ) ;
#3008 = ORIENTED_EDGE ( 'NONE', *, *, #3007, .T. ) ;
#3009 = EDGE_LOOP ( 'NONE', ( #2998, #3003, #3008 ) ) ;
#3010 = FACE_OUTER_BOUND ( 'NONE', #3009, .T. ) ;
#3012 = CARTESIAN_POINT ( 'NONE', ( 22.619398, 10.000000, 15.913417 ) ) ;
#3013 = DIRECTION ( 'NONE', ( 0.000000, 0.000000, 1.000000 ) ) ;
#3014 = DIRECTION ( 'NONE', ( 1.000000, 0.000000, 0.000000 ) ) ;
#3011 = AXIS2_PLACEMENT_3D ( 'NONE', #3012, #3013, #3014 ) ;
#3015 = PLANE ( 'NONE', #3011 ) ;
#3016 = ADVANCED_FACE ( 'NONE', ( #3010 ), #3015, .T. ) ;
#3017 = CARTESIAN_POINT ( 'NONE', ( 21.535534, 10.000000, 17.535534 ) ) ;
#3018 = VERTEX_POINT ( 'NONE', #3017 ) ;
#3019 = CARTESIAN_POINT ( 'NONE', ( 19.913417, 10.000000, 18.619398 ) ) ;
#3020 = VERTEX_POINT ( 'NONE', #3019 ) ;
#3021 = CARTESIAN_POINT ( 'NONE', ( 19.913417, 22.000000, 18.619398 ) ) ;
#3022 = VERTEX_POINT ( 'NONE', #3021 ) ;
#3025 = DIRECTION ( 'NONE', ( 1.000000, 0.000000, 0.000000 ) ) ;
#3024 = VECTOR ( 'NONE', #3025, 1.0 ) ;
#3023 = LINE ( 'NONE', #3017, #3024 ) ;
#3026 = EDGE_CURVE ( 'NONE', #3018, #3020, #3023, .T. ) ;
#3027 = ORIENTED_EDGE ( 'NONE', *, *, #3026, .T. ) ;
#3030 = DIRECTION ( 'NONE', ( 1.000000, 0.000000, 0.000000 ) ) ;
#3029 = VECTOR ( 'NONE', #3030, 1.0 ) ;
#3028 = LINE ( 'NONE', #3019, #3029 ) ;
#3031 = EDGE_CURVE ( 'NONE', #3020, #3022, #3028, .T. ) ;
#3032 = ORIENTED_EDGE ( 'NONE', *, *, #3031, .T. ) ;
#3035 = DIRECTION ( 'NONE', ( 1.000000, 0.000000, 0.000000 ) ) ;
#3034 = VECTOR ( 'NONE', #3035, 1.0 ) ;
#3033 = LINE ( 'NONE', #3021, #3034 ) ;
#3036 = EDGE_CURVE ( 'NONE', #3022, #3018, #3033, .T. ) ;
#3037 = ORIENTED_EDGE ( 'NONE', *, *, #3036, .T. ) ;
#3038 = EDGE_LOOP ( 'NONE', ( #3027, #3032, #3037 ) ) ;
#3039 = FACE_OUTER_BOUND ( 'NONE', #3038, .T. ) ;
#3041 = CARTESIAN_POINT ( 'NONE', ( 21.535534, 10.000000, 17.535534 ) ) ;
#3042 = DIRECTION ( 'NONE', ( 0.000000, 0.000000, 1.000000 ) ) ;
#3043 = DIRECTION ( 'NONE', ( 1.000000, 0.000000, 0.000000 ) ) ;
#3040 = AXIS2_PLACEMENT_3D ( 'NONE', #3041, #3042, #3043 ) ;
#3044 = PLANE ( 'NONE', #3040 ) ;
#3045 = ADVANCED_FACE ( 'NONE', ( #3039 ), #3044, .T. ) ;
#3046 = CARTESIAN_POINT ( 'NONE', ( 21.535534, 10.000000, 17.535534 ) ) ;
#3047 = VERTEX_POINT ( 'NONE', #3046 ) ;
#3048 = CARTESIAN_POINT ( 'NONE', ( 19.913417, 22.000000, 18.619398 ) ) ;
#3049 = VERTEX_POINT ( 'NONE', #3048 ) ;
#3050 = CARTESIAN_POINT ( 'NONE', ( 21.535534, 22.000000, 17.535534 ) ) ;
#3051 = VERTEX_POINT ( 'NONE', #3050 ) ;
#3054 = DIRECTION ( 'NONE', ( 1.000000, 0.000000, 0.000000 ) ) ;
#3053 = VECTOR ( 'NONE', #3054, 1.0 ) ;
#3052 = LINE ( 'NONE', #3046, #3053 ) ;
#3055 = EDGE_CURVE ( 'NONE', #3047, #3049, #3052, .T. ) ;
#3056 = ORIENTED_EDGE ( 'NONE', *, *, #3055, .T. ) ;
#3059 = DIRECTION ( 'NONE', ( 1.000000, 0.000000, 0.000000 ) ) ;
#3058 = VECTOR ( 'NONE', #3059, 1.0 ) ;
#3057 = LINE ( 'NONE', #3048, #3058 ) ;
#3060 = EDGE_CURVE ( 'NONE', #3049, #3051, #3057, .T. ) ;
#3061 = ORIENTED_EDGE ( 'NONE', *, *, #3060, .T. ) ;
#3064 = DIRECTION ( 'NONE', ( 1.000000, 0.000000, 0.000000 ) ) ;
#3063 = VECTOR ( 'NONE', #3064, 1.0 ) ;
#3062 = LINE ( 'NONE', #3050, #3063 ) ;
#3065 = EDGE_CURVE ( 'NONE', #3051, #3047, #3062, .T. ) ;
#3066 = ORIENTED_EDGE ( 'NONE', *, *, #3065, .T. ) ;
#3067 = EDGE_LOOP ( 'NONE', ( #3056, #3061, #3066 ) ) ;
#3068 = FACE_OUTER_BOUND ( 'NONE', #3067, .T. ) ;
#3070 = CARTESIAN_POINT ( 'NONE', ( 21.535534, 10.000000, 17.535534 ) ) ;
#3071 = DIRECTION ( 'NONE', ( 0.000000, 0.000000, 1.000000 ) ) ;
#3072 = DIRECTION ( 'NONE', ( 1.000000, 0.000000, 0.000000 ) ) ;
#3069 = AXIS2_PLACEMENT_3D ( 'NONE', #3070, #3071, #3072 ) ;
#3073 = PLANE ( 'NONE', #3069 ) ;
#3074 = ADVANCED_FACE ( 'NONE', ( #3068 ), #3073, .T. ) ;
#3075 = CARTESIAN_POINT ( 'NONE', ( 19.913417, 10.000000, 18.619398 ) ) ;
#3076 = VERTEX_POINT ( 'NONE', #3075 ) ;
#3077 = CARTESIAN_POINT ( 'NONE', ( 18.000000, 10.000000, 19.000000 ) ) ;
#3078 = VERTEX_POINT ( 'NONE', #3077 ) ;
#3079 = CARTESIAN_POINT ( 'NONE', ( 18.000000, 22.000000, 19.000000 ) ) ;
#3080 = VERTEX_POINT ( 'NONE', #3079 ) ;
#3083 = DIRECTION ( 'NONE', ( 1.000000, 0.000000, 0.000000 ) ) ;
#3082 = VECTOR ( 'NONE', #3083, 1.0 ) ;
#3081 = LINE ( 'NONE', #3075, #3082 ) ;
#3084 = EDGE_CURVE ( 'NONE', #3076, #3078, #3081, .T. ) ;
#3085 = ORIENTED_EDGE ( 'NONE', *, *, #3084, .T. ) ;
#3088 = DIRECTION ( 'NONE', ( 1.000000, 0.000000, 0.000000 ) ) ;
#3087 = VECTOR ( 'NONE', #3088, 1.0 ) ;
#3086 = LINE ( 'NONE', #3077, #3087 ) ;
#3089 = EDGE_CURVE ( 'NONE', #3078, #3080, #3086, .T. ) ;
#3090 = ORIENTED_EDGE ( 'NONE', *, *, #3089, .T. ) ;
#3093 = DIRECTION ( 'NONE', ( 1.000000, 0.000000, 0.000000 ) ) ;
#3092 = VECTOR ( 'NONE', #3093, 1.0 ) ;
#3091 = LINE ( 'NONE', #3079, #3092 ) ;
#3094 = EDGE_CURVE ( 'NONE', #3080, #3076, #3091, .T. ) ;
#3095 = ORIENTED_EDGE ( 'NONE', *, *, #3094, .T. ) ;
#3096 = EDGE_LOOP ( 'NONE', ( #3085, #3090, #3095 ) ) ;
#3097 = FACE_OUTER_BOUND ( 'NONE', #3096, .T. ) ;
#3099 = CARTESIAN_POINT ( 'NONE', ( 19.913417, 10.000000, 18.619398 ) ) ;
#3100 = DIRECTION ( 'NONE', ( 0.000000, 0.000000, 1.000000 ) ) ;
#3101 = DIRECTION ( 'NONE', ( 1.000000, 0.000000, 0.000000 ) ) ;
#3098 = AXIS2_PLACEMENT_3D ( 'NONE', #3099, #3100, #3101 ) ;
#3102 = PLANE ( 'NONE', #3098 ) ;
#3103 = ADVANCED_FACE ( 'NONE', ( #3097 ), #3102, .T. ) ;
#3104 = CARTESIAN_POINT ( 'NONE', ( 19.913417, 10.000000, 18.619398 ) ) ;
#3105 = VERTEX_POINT ( 'NONE', #3104 ) ;
#3106 = CARTESIAN_POINT ( 'NONE', ( 18.000000, 22.000000, 19.000000 ) ) ;
#3107 = VERTEX_POINT ( 'NONE', #3106 ) ;
#3108 = CARTESIAN_POINT ( 'NONE', ( 19.913417, 22.000000, 18.619398 ) ) ;
#3109 = VERTEX_POINT ( 'NONE', #3108 ) ;
#3112 = DIRECTION ( 'NONE', ( 1.000000, 0.000000, 0.000000 ) ) ;
#3111 = VECTOR ( 'NONE', #3112, 1.0 ) ;
#3110 = LINE ( 'NONE', #3104, #3111 ) ;
#3113 = EDGE_CURVE ( 'NONE', #3105, #3107, #3110, .T. ) ;
#3114 = ORIENTED_EDGE ( 'NONE', *, *, #3113, .T. ) ;
#3117 = DIRECTION ( 'NONE', ( 1.000000, 0.000000, 0.000000 ) ) ;
#3116 = VECTOR ( 'NONE', #3117, 1.0 ) ;
#3115 = LINE ( 'NONE', #3106, #3116 ) ;
#3118 = EDGE_CURVE ( 'NONE', #3107, #3109, #3115, .T. ) ;
#3119 = ORIENTED_EDGE ( 'NONE', *, *, #3118, .T. ) ;
#3122 = DIRECTION ( 'NONE', ( 1.000000, 0.000000, 0.000000 ) ) ;
#3121 = VECTOR ( 'NONE', #3122, 1.0 ) ;
#3120 = LINE ( 'NONE', #3108, #3121 ) ;
#3123 = EDGE_CURVE ( 'NONE', #3109, #3105, #3120, .T. ) ;
#3124 = ORIENTED_EDGE ( 'NONE', *, *, #3123, .T. ) ;
#3125 = EDGE_LOOP ( 'NONE', ( #3114, #3119, #3124 ) ) ;
#3126 = FACE_OUTER_BOUND ( 'NONE', #3125, .T. ) ;
#3128 = CARTESIAN_POINT ( 'NONE', ( 19.913417, 10.000000, 18.619398 ) ) ;
#3129 = DIRECTION ( 'NONE', ( 0.000000, 0.000000, 1.000000 ) ) ;
#3130 = DIRECTION ( 'NONE', ( 1.000000, 0.000000, 0.000000 ) ) ;
#3127 = AXIS2_PLACEMENT_3D ( 'NONE', #3128, #3129, #3130 ) ;
#3131 = PLANE ( 'NONE', #3127 ) ;
#3132 = ADVANCED_FACE ( 'NONE', ( #3126 ), #3131, .T. ) ;
#3133 = CARTESIAN_POINT ( 'NONE', ( 18.000000, 10.000000, 19.000000 ) ) ;
#3134 = VERTEX_POINT ( 'NONE', #3133 ) ;
#3135 = CARTESIAN_POINT ( 'NONE', ( 16.086583, 10.000000, 18.619398 ) ) ;
#3136 = VERTEX_POINT ( 'NONE', #3135 ) ;
#3137 = CARTESIAN_POINT ( 'NONE', ( 16.086583, 22.000000, 18.619398 ) ) ;
#3138 = VERTEX_POINT ( 'NONE', #3137 ) ;
#3141 = DIRECTION ( 'NONE', ( 1.000000, 0.000000, 0.000000 ) ) ;
#3140 = VECTOR ( 'NONE', #3141, 1.0 ) ;
#3139 = LINE ( 'NONE', #3133, #3140 ) ;
#3142 = EDGE_CURVE ( 'NONE', #3134, #3136, #3139, .T. ) ;
#3143 = ORIENTED_EDGE ( 'NONE', *, *, #3142, .T. ) ;
#3146 = DIRECTION ( 'NONE', ( 1.000000, 0.000000, 0.000000 ) ) ;
#3145 = VECTOR ( 'NONE', #3146, 1.0 ) ;
#3144 = LINE ( 'NONE', #3135, #3145 ) ;
#3147 = EDGE_CURVE ( 'NONE', #3136, #3138, #3144, .T. ) ;
#3148 = ORIENTED_EDGE ( 'NONE', *, *, #3147, .T. ) ;
#3151 = DIRECTION ( 'NONE', ( 1.000000, 0.000000, 0.000000 ) ) ;
#3150 = VECTOR ( 'NONE', #3151, 1.0 ) ;
#3149 = LINE ( 'NONE', #3137, #3150 ) ;
#3152 = EDGE_CURVE ( 'NONE', #3138, #3134, #3149, .T. ) ;
#3153 = ORIENTED_EDGE ( 'NONE', *, *, #3152, .T. ) ;
#3154 = EDGE_LOOP ( 'NONE', ( #3143, #3148, #3153 ) ) ;
#3155 = FACE_OUTER_BOUND ( 'NONE', #3154, .T. ) ;
#3157 = CARTESIAN_POINT ( 'NONE', ( 18.000000, 10.000000, 19.000000 ) ) ;
#3158 = DIRECTION ( 'NONE', ( 0.000000, 0.000000, 1.000000 ) ) ;
#3159 = DIRECTION ( 'NONE', ( 1.000000, 0.000000, 0.000000 ) ) ;
#3156 = AXIS2_PLACEMENT_3D ( 'NONE', #3157, #3158, #3159 ) ;
#3160 = PLANE ( 'NONE', #3156 ) ;
#3161 = ADVANCED_FACE ( 'NONE', ( #3155 ), #3160, .T. ) ;
#3162 = CARTESIAN_POINT ( 'NONE', ( 18.000000, 10.000000, 19.000000 ) ) ;
#3163 = VERTEX_POINT ( 'NONE', #3162 ) ;
#3164 = CARTESIAN_POINT ( 'NONE', ( 16.086583, 22.000000, 18.619398 ) ) ;
#3165 = VERTEX_POINT ( 'NONE', #3164 ) ;
#3166 = CARTESIAN_POINT ( 'NONE', ( 18.000000, 22.000000, 19.000000 ) ) ;
#3167 = VERTEX_POINT ( 'NONE', #3166 ) ;
#3170 = DIRECTION ( 'NONE', ( 1.000000, 0.000000, 0.000000 ) ) ;
#3169 = VECTOR ( 'NONE', #3170, 1.0 ) ;
#3168 = LINE ( 'NONE', #3162, #3169 ) ;
#3171 = EDGE_CURVE ( 'NONE', #3163, #3165, #3168, .T. ) ;
#3172 = ORIENTED_EDGE ( 'NONE', *, *, #3171, .T. ) ;
#3175 = DIRECTION ( 'NONE', ( 1.000000, 0.000000, 0.000000 ) ) ;
#3174 = VECTOR ( 'NONE', #3175, 1.0 ) ;
#3173 = LINE ( 'NONE', #3164, #3174 ) ;
#3176 = EDGE_CURVE ( 'NONE', #3165, #3167, #3173, .T. ) ;
#3177 = ORIENTED_EDGE ( 'NONE', *, *, #3176, .T. ) ;
#3180 = DIRECTION ( 'NONE', ( 1.000000, 0.000000, 0.000000 ) ) ;
#3179 = VECTOR ( 'NONE', #3180, 1.0 ) ;
#3178 = LINE ( 'NONE', #3166, #3179 ) ;
#3181 = EDGE_CURVE ( 'NONE', #3167, #3163, #3178, .T. ) ;
#3182 = ORIENTED_EDGE ( 'NONE', *, *, #3181, .T. ) ;
#3183 = EDGE_LOOP ( 'NONE', ( #3172, #3177, #3182 ) ) ;
#3184 = FACE_OUTER_BOUND ( 'NONE', #3183, .T. ) ;
#3186 = CARTESIAN_POINT ( 'NONE', ( 18.000000, 10.000000, 19.000000 ) ) ;
#3187 = DIRECTION ( 'NONE', ( 0.000000, 0.000000, 1.000000 ) ) ;
#3188 = DIRECTION ( 'NONE', ( 1.000000, 0.000000, 0.000000 ) ) ;
#3185 = AXIS2_PLACEMENT_3D ( 'NONE', #3186, #3187, #3188 ) ;
#3189 = PLANE ( 'NONE', #3185 ) ;
#3190 = ADVANCED_FACE ( 'NONE', ( #3184 ), #3189, .T. ) ;
#3191 = CARTESIAN_POINT ( 'NONE', ( 16.086583, 10.000000, 18.619398 ) ) ;
#3192 = VERTEX_POINT ( 'NONE', #3191 ) ;
#3193 = CARTESIAN_POINT ( 'NONE', ( 14.464466, 10.000000, 17.535534 ) ) ;
#3194 = VERTEX_POINT ( 'NONE', #3193 ) ;
#3195 = CARTESIAN_POINT ( 'NONE', ( 14.464466, 22.000000, 17.535534 ) ) ;
#3196 = VERTEX_POINT ( 'NONE', #3195 ) ;
#3199 = DIRECTION ( 'NONE', ( 1.000000, 0.000000, 0.000000 ) ) ;
#3198 = VECTOR ( 'NONE', #3199, 1.0 ) ;
#3197 = LINE ( 'NONE', #3191, #3198 ) ;
#3200 = EDGE_CURVE ( 'NONE', #3192, #3194, #3197, .T. ) ;
#3201 = ORIENTED_EDGE ( 'NONE', *, *, #3200, .T. ) ;
#3204 = DIRECTION ( 'NONE', ( 1.000000, 0.000000, 0.000000 ) ) ;
#3203 = VECTOR ( 'NONE', #3204, 1.0 ) ;
#3202 = LINE ( 'NONE', #3193, #3203 ) ;
#3205 = EDGE_CURVE ( 'NONE', #3194, #3196, #3202, .T. ) ;
#3206 = ORIENTED_EDGE ( 'NONE', *, *, #3205, .T. ) ;
#3209 = DIRECTION ( 'NONE', ( 1.000000, 0.000000, 0.000000 ) ) ;
#3208 = VECTOR ( 'NONE', #3209, 1.0 ) ;
#3207 = LINE ( 'NONE', #3195, #3208 ) ;
#3210 = EDGE_CURVE ( 'NONE', #3196, #3192, #3207, .T. ) ;
#3211 = ORIENTED_EDGE ( 'NONE', *, *, #3210, .T. ) ;
#3212 = EDGE_LOOP ( 'NONE', ( #3201, #3206, #3211 ) ) ;
#3213 = FACE_OUTER_BOUND ( 'NONE', #3212, .T. ) ;
#3215 = CARTESIAN_POINT ( 'NONE', ( 16.086583, 10.000000, 18.619398 ) ) ;
#3216 = DIRECTION ( 'NONE', ( 0.000000, 0.000000, 1.000000 ) ) ;
#3217 = DIRECTION ( 'NONE', ( 1.000000, 0.000000, 0.000000 ) ) ;
#3214 = AXIS2_PLACEMENT_3D ( 'NONE', #3215, #3216, #3217 ) ;
#3218 = PLANE ( 'NONE', #3214 ) ;
#3219 = ADVANCED_FACE ( 'NONE', ( #3213 ), #3218, .T. ) ;
#3220 = CARTESIAN_POINT ( 'NONE', ( 16.086583, 10.000000, 18.619398 ) ) ;
#3221 = VERTEX_POINT ( 'NONE', #3220 ) ;
#3222 = CARTESIAN_POINT ( 'NONE', ( 14.464466, 22.000000, 17.535534 ) ) ;
#3223 = VERTEX_POINT ( 'NONE', #3222 ) ;
#3224 = CARTESIAN_POINT ( 'NONE', ( 16.086583, 22.000000, 18.619398 ) ) ;
#3225 = VERTEX_POINT ( 'NONE', #3224 ) ;
#3228 = DIRECTION ( 'NONE', ( 1.000000, 0.000000, 0.000000 ) ) ;
#3227 = VECTOR ( 'NONE', #3228, 1.0 ) ;
#3226 = LINE ( 'NONE', #3220, #3227 ) ;
#3229 = EDGE_CURVE ( 'NONE', #3221, #3223, #3226, .T. ) ;
#3230 = ORIENTED_EDGE ( 'NONE', *, *, #3229, .T. ) ;
#3233 = DIRECTION ( 'NONE', ( 1.000000, 0.000000, 0.000000 ) ) ;
#3232 = VECTOR ( 'NONE', #3233, 1.0 ) ;
#3231 = LINE ( 'NONE', #3222, #3232 ) ;
#3234 = EDGE_CURVE ( 'NONE', #3223, #3225, #3231, .T. ) ;
#3235 = ORIENTED_EDGE ( 'NONE', *, *, #3234, .T. ) ;
#3238 = DIRECTION ( 'NONE', ( 1.000000, 0.000000, 0.000000 ) ) ;
#3237 = VECTOR ( 'NONE', #3238, 1.0 ) ;
#3236 = LINE ( 'NONE', #3224, #3237 ) ;
#3239 = EDGE_CURVE ( 'NONE', #3225, #3221, #3236, .T. ) ;
#3240 = ORIENTED_EDGE ( 'NONE', *, *, #3239, .T. ) ;
#3241 = EDGE_LOOP ( 'NONE', ( #3230, #3235, #3240 ) ) ;
#3242 = FACE_OUTER_BOUND ( 'NONE', #3241, .T. ) ;
#3244 = CARTESIAN_POINT ( 'NONE', ( 16.086583, 10.000000, 18.619398 ) ) ;
#3245 = DIRECTION ( 'NONE', ( 0.000000, 0.000000, 1.000000 ) ) ;
#3246 = DIRECTION ( 'NONE', ( 1.000000, 0.000000, 0.000000 ) ) ;
#3243 = AXIS2_PLACEMENT_3D ( 'NONE', #3244, #3245, #3246 ) ;
#3247 = PLANE ( 'NONE', #3243 ) ;
#3248 = ADVANCED_FACE ( 'NONE', ( #3242 ), #3247, .T. ) ;
#3249 = CARTESIAN_POINT ( 'NONE', ( 14.464466, 10.000000, 17.535534 ) ) ;
#3250 = VERTEX_POINT ( 'NONE', #3249 ) ;
#3251 = CARTESIAN_POINT ( 'NONE', ( 13.380602, 10.000000, 15.913417 ) ) ;
#3252 = VERTEX_POINT ( 'NONE', #3251 ) ;
#3253 = CARTESIAN_POINT ( 'NONE', ( 13.380602, 22.000000, 15.913417 ) ) ;
#3254 = VERTEX_POINT ( 'NONE', #3253 ) ;
#3257 = DIRECTION ( 'NONE', ( 1.000000, 0.000000, 0.000000 ) ) ;
#3256 = VECTOR ( 'NONE', #3257, 1.0 ) ;
#3255 = LINE ( 'NONE', #3249, #3256 ) ;
#3258 = EDGE_CURVE ( 'NONE', #3250, #3252, #3255, .T. ) ;
#3259 = ORIENTED_EDGE ( 'NONE', *, *, #3258, .T. ) ;
#3262 = DIRECTION ( 'NONE', ( 1.000000, 0.000000, 0.000000 ) ) ;
#3261 = VECTOR ( 'NONE', #3262, 1.0 ) ;
#3260 = LINE ( 'NONE', #3251, #3261 ) ;
#3263 = EDGE_CURVE ( 'NONE', #3252, #3254, #3260, .T. ) ;
#3264 = ORIENTED_EDGE ( 'NONE', *, *, #3263, .T. ) ;
#3267 = DIRECTION ( 'NONE', ( 1.000000, 0.000000, 0.000000 ) ) ;
#3266 = VECTOR ( 'NONE', #3267, 1.0 ) ;
#3265 = LINE ( 'NONE', #3253, #3266 ) ;
#3268 = EDGE_CURVE ( 'NONE', #3254, #3250, #3265, .T. ) ;
#3269 = ORIENTED_EDGE ( 'NONE', *, *, #3268, .T. ) ;
#3270 = EDGE_LOOP ( 'NONE', ( #3259, #3264, #3269 ) ) ;
#3271 = FACE_OUTER_BOUND ( 'NONE', #3270, .T. ) ;
#3273 = CARTESIAN_POINT ( 'NONE', ( 14.464466, 10.000000, 17.535534 ) ) ;
#3274 = DIRECTION ( 'NONE', ( 0.000000, 0.000000, 1.000000 ) ) ;
#3275 = DIRECTION ( 'NONE', ( 1.000000, 0.000000, 0.000000 ) ) ;
#3272 = AXIS2_PLACEMENT_3D ( 'NONE', #3273, #3274, #3275 ) ;
#3276 = PLANE ( 'NONE', #3272 ) ;
#3277 = ADVANCED_FACE ( 'NONE', ( #3271 ), #3276, .T. ) ;
#3278 = CARTESIAN_POINT ( 'NONE', ( 14.464466, 10.000000, 17.535534 ) ) ;
#3279 = VERTEX_POINT ( 'NONE', #3278 ) ;
#3280 = CARTESIAN_POINT ( 'NONE', ( 13.380602, 22.000000, 15.913417 ) ) ;
#3281 = VERTEX_POINT ( 'NONE', #3280 ) ;
#3282 = CARTESIAN_POINT ( 'NONE', ( 14.464466, 22.000000, 17.535534 ) ) ;
#3283 = VERTEX_POINT ( 'NONE', #3282 ) ;
#3286 = DIRECTION ( 'NONE', ( 1.000000, 0.000000, 0.000000 ) ) ;
#3285 = VECTOR ( 'NONE', #3286, 1.0 ) ;
#3284 = LINE ( 'NONE', #3278, #3285 ) ;
#3287 = EDGE_CURVE ( 'NONE', #3279, #3281, #3284, .T. ) ;
#3288 = ORIENTED_EDGE ( 'NONE', *, *, #3287, .T. ) ;
#3291 = DIRECTION ( 'NONE', ( 1.000000, 0.000000, 0.000000 ) ) ;
#3290 = VECTOR ( 'NONE', #3291, 1.0 ) ;
#3289 = LINE ( 'NONE', #3280, #3290 ) ;
#3292 = EDGE_CURVE ( 'NONE', #3281, #3283, #3289, .T. ) ;
#3293 = ORIENTED_EDGE ( 'NONE', *, *, #3292, .T. ) ;
#3296 = DIRECTION ( 'NONE', ( 1.000000, 0.000000, 0.000000 ) ) ;
#3295 = VECTOR ( 'NONE', #3296, 1.0 ) ;
#3294 = LINE ( 'NONE', #3282, #3295 ) ;
#3297 = EDGE_CURVE ( 'NONE', #3283, #3279, #3294, .T. ) ;
#3298 = ORIENTED_EDGE ( 'NONE', *, *, #3297, .T. ) ;
#3299 = EDGE_LOOP ( 'NONE', ( #3288, #3293, #3298 ) ) ;
#3300 = FACE_OUTER_BOUND ( 'NONE', #3299, .T. ) ;
#3302 = CARTESIAN_POINT ( 'NONE', ( 14.464466, 10.000000, 17.535534 ) ) ;
#3303 = DIRECTION ( 'NONE', ( 0.000000, 0.000000, 1.000000 ) ) ;
#3304 = DIRECTION ( 'NONE', ( 1.000000, 0.000000, 0.000000 ) ) ;
#3301 = AXIS2_PLACEMENT_3D ( 'NONE', #3302, #3303, #3304 ) ;
#3305 = PLANE ( 'NONE', #3301 ) ;
#3306 = ADVANCED_FACE ( 'NONE', ( #3300 ), #3305, .T. ) ;
#3307 = CARTESIAN_POINT ( 'NONE', ( 13.380602, 10.000000, 15.913417 ) ) ;
#3308 = VERTEX_POINT ( 'NONE', #3307 ) ;
#3309 = CARTESIAN_POINT ( 'NONE', ( 13.000000, 10.000000, 14.000000 ) ) ;
#3310 = VERTEX_POINT ( 'NONE', #3309 ) ;
#3311 = CARTESIAN_POINT ( 'NONE', ( 13.000000, 22.000000, 14.000000 ) ) ;
#3312 = VERTEX_POINT ( 'NONE', #3311 ) ;
#3315 = DIRECTION ( 'NONE', ( 1.000000, 0.000000, 0.000000 ) ) ;
#3314 = VECTOR ( 'NONE', #3315, 1.0 ) ;
#3313 = LINE ( 'NONE', #3307, #3314 ) ;
#3316 = EDGE_CURVE ( 'NONE', #3308, #3310, #3313, .T. ) ;
#3317 = ORIENTED_EDGE ( 'NONE', *, *, #3316, .T. ) ;
#3320 = DIRECTION ( 'NONE', ( 1.000000, 0.000000, 0.000000 ) ) ;
#3319 = VECTOR ( 'NONE', #3320, 1.0 ) ;
#3318 = LINE ( 'NONE', #3309, #3319 ) ;
#3321 = EDGE_CURVE ( 'NONE', #3310, #3312, #3318, .T. ) ;
#3322 = ORIENTED_EDGE ( 'NONE', *, *, #3321, .T. ) ;
#3325 = DIRECTION ( 'NONE', ( 1.000000, 0.000000, 0.000000 ) ) ;
#3324 = VECTOR ( 'NONE', #3325, 1.0 ) ;
#3323 = LINE ( 'NONE', #3311, #3324 ) ;
#3326 = EDGE_CURVE ( 'NONE', #3312, #3308, #3323, .T. ) ;
#3327 = ORIENTED_EDGE ( 'NONE', *, *, #3326, .T. ) ;
#3328 = EDGE_LOOP ( 'NONE', ( #3317, #3322, #3327 ) ) ;
#3329 = FACE_OUTER_BOUND ( 'NONE', #3328, .T. ) ;
#3331 = CARTESIAN_POINT ( 'NONE', ( 13.380602, 10.000000, 15.913417 ) ) ;
#3332 = DIRECTION ( 'NONE', ( 0.000000, 0.000000, 1.000000 ) ) ;
#3333 = DIRECTION ( 'NONE', ( 1.000000, 0.000000, 0.000000 ) ) ;
#3330 = AXIS2_PLACEMENT_3D ( 'NONE', #3331, #3332, #3333 ) ;
#3334 = PLANE ( 'NONE', #3330 ) ;
#3335 = ADVANCED_FACE ( 'NONE', ( #3329 ), #3334, .T. ) ;
#3336 = CARTESIAN_POINT ( 'NONE', ( 13.380602, 10.000000, 15.913417 ) ) ;
#3337 = VERTEX_POINT ( 'NONE', #3336 ) ;
#3338 = CARTESIAN_POINT ( 'NONE', ( 13.000000, 22.000000, 14.000000 ) ) ;
#3339 = VERTEX_POINT ( 'NONE', #3338 ) ;
#3340 = CARTESIAN_POINT ( 'NONE', ( 13.380602, 22.000000, 15.913417 ) ) ;
#3341 = VERTEX_POINT ( 'NONE', #3340 ) ;
#3344 = DIRECTION ( 'NONE', ( 1.000000, 0.000000, 0.000000 ) ) ;
#3343 = VECTOR ( 'NONE', #3344, 1.0 ) ;
#3342 = LINE ( 'NONE', #3336, #3343 ) ;
#3345 = EDGE_CURVE ( 'NONE', #3337, #3339, #3342, .T. ) ;
#3346 = ORIENTED_EDGE ( 'NONE', *, *, #3345, .T. ) ;
#3349 = DIRECTION ( 'NONE', ( 1.000000, 0.000000, 0.000000 ) ) ;
#3348 = VECTOR ( 'NONE', #3349, 1.0 ) ;
#3347 = LINE ( 'NONE', #3338, #3348 ) ;
#3350 = EDGE_CURVE ( 'NONE', #3339, #3341, #3347, .T. ) ;
#3351 = ORIENTED_EDGE ( 'NONE', *, *, #3350, .T. ) ;
#3354 = DIRECTION ( 'NONE', ( 1.000000, 0.000000, 0.000000 ) ) ;
#3353 = VECTOR ( 'NONE', #3354, 1.0 ) ;
#3352 = LINE ( 'NONE', #3340, #3353 ) ;
#3355 = EDGE_CURVE ( 'NONE', #3341, #3337, #3352, .T. ) ;
#3356 = ORIENTED_EDGE ( 'NONE', *, *, #3355, .T. ) ;
#3357 = EDGE_LOOP ( 'NONE', ( #3346, #3351, #3356 ) ) ;
#3358 = FACE_OUTER_BOUND ( 'NONE', #3357, .T. ) ;
#3360 = CARTESIAN_POINT ( 'NONE', ( 13.380602, 10.000000, 15.913417 ) ) ;
#3361 = DIRECTION ( 'NONE', ( 0.000000, 0.000000, 1.000000 ) ) ;
#3362 = DIRECTION ( 'NONE', ( 1.000000, 0.000000, 0.000000 ) ) ;
#3359 = AXIS2_PLACEMENT_3D ( 'NONE', #3360, #3361, #3362 ) ;
#3363 = PLANE ( 'NONE', #3359 ) ;
#3364 = ADVANCED_FACE ( 'NONE', ( #3358 ), #3363, .T. ) ;
#3365 = CARTESIAN_POINT ( 'NONE', ( 13.000000, 10.000000, 14.000000 ) ) ;
#3366 = VERTEX_POINT ( 'NONE', #3365 ) ;
#3367 = CARTESIAN_POINT ( 'NONE', ( 13.380602, 10.000000, 12.086583 ) ) ;
#3368 = VERTEX_POINT ( 'NONE', #3367 ) ;
#3369 = CARTESIAN_POINT ( 'NONE', ( 13.380602, 22.000000, 12.086583 ) ) ;
#3370 = VERTEX_POINT ( 'NONE', #3369 ) ;
#3373 = DIRECTION ( 'NONE', ( 1.000000, 0.000000, 0.000000 ) ) ;
#3372 = VECTOR ( 'NONE', #3373, 1.0 ) ;
#3371 = LINE ( 'NONE', #3365, #3372 ) ;
#3374 = EDGE_CURVE ( 'NONE', #3366, #3368, #3371, .T. ) ;
#3375 = ORIENTED_EDGE ( 'NONE', *, *, #3374, .T. ) ;
#3378 = DIRECTION ( 'NONE', ( 1.000000, 0.000000, 0.000000 ) ) ;
#3377 = VECTOR ( 'NONE', #3378, 1.0 ) ;
#3376 = LINE ( 'NONE', #3367, #3377 ) ;
#3379 = EDGE_CURVE ( 'NONE', #3368, #3370, #3376, .T. ) ;
#3380 = ORIENTED_EDGE ( 'NONE', *, *, #3379, .T. ) ;
#3383 = DIRECTION ( 'NONE', ( 1.000000, 0.000000, 0.000000 ) ) ;
#3382 = VECTOR ( 'NONE', #3383, 1.0 ) ;
#3381 = LINE ( 'NONE', #3369, #3382 ) ;
#3384 = EDGE_CURVE ( 'NONE', #3370, #3366, #3381, .T. ) ;
#3385 = ORIENTED_EDGE ( 'NONE', *, *, #3384, .T. ) ;
#3386 = EDGE_LOOP ( 'NONE', ( #3375, #3380, #3385 ) ) ;
#3387 = FACE_OUTER_BOUND ( 'NONE', #3386, .T. ) ;
#3389 = CARTESIAN_POINT ( 'NONE', ( 13.000000, 10.000000, 14.000000 ) ) ;
#3390 = DIRECTION ( 'NONE', ( 0.000000, 0.000000, 1.000000 ) ) ;
#3391 = DIRECTION ( 'NONE', ( 1.000000, 0.000000, 0.000000 ) ) ;
#3388 = AXIS2_PLACEMENT_3D ( 'NONE', #3389, #3390, #3391 ) ;
#3392 = PLANE ( 'NONE', #3388 ) ;
#3393 = ADVANCED_FACE ( 'NONE', ( #3387 ), #3392, .T. ) ;
#3394 = CARTESIAN_POINT ( 'NONE', ( 13.000000, 10.000000, 14.000000 ) ) ;
#3395 = VERTEX_POINT ( 'NONE', #3394 ) ;
#3396 = CARTESIAN_POINT ( 'NONE', ( 13.380602, 22.000000, 12.086583 ) ) ;
#3397 = VERTEX_POINT ( 'NONE', #3396 ) ;
#3398 = CARTESIAN_POINT ( 'NONE', ( 13.000000, 22.000000, 14.000000 ) ) ;
#3399 = VERTEX_POINT ( 'NONE', #3398 ) ;
#3402 = DIRECTION ( 'NONE', ( 1.000000, 0.000000, 0.000000 ) ) ;
#3401 = VECTOR ( 'NONE', #3402, 1.0 ) ;
#3400 = LINE ( 'NONE', #3394, #3401 ) ;
#3403 = EDGE_CURVE ( 'NONE', #3395, #3397, #3400, .T. ) ;
#3404 = ORIENTED_EDGE ( 'NONE', *, *, #3403, .T. ) ;
#3407 = DIRECTION ( 'NONE', ( 1.000000, 0.000000, 0.000000 ) ) ;
#3406 = VECTOR ( 'NONE', #3407, 1.0 ) ;
#3405 = LINE ( 'NONE', #3396, #3406 ) ;
#3408 = EDGE_CURVE ( 'NONE', #3397, #3399, #3405, .T. ) ;
#3409 = ORIENTED_EDGE ( 'NONE', *, *, #3408, .T. ) ;
#3412 = DIRECTION ( 'NONE', ( 1.000000, 0.000000, 0.000000 ) ) ;
#3411 = VECTOR ( 'NONE', #3412, 1.0 ) ;
#3410 = LINE ( 'NONE', #3398, #3411 ) ;
#3413 = EDGE_CURVE ( 'NONE', #3399, #3395, #3410, .T. ) ;
#3414 = ORIENTED_EDGE ( 'NONE', *, *, #3413, .T. ) ;
#3415 = EDGE_LOOP ( 'NONE', ( #3404, #3409, #3414 ) ) ;
#3416 = FACE_OUTER_BOUND ( 'NONE', #3415, .T. ) ;
#3418 = CARTESIAN_POINT ( 'NONE', ( 13.000000, 10.000000, 14.000000 ) ) ;
#3419 = DIRECTION ( 'NONE', ( 0.000000, 0.000000, 1.000000 ) ) ;
#3420 = DIRECTION ( 'NONE', ( 1.000000, 0.000000, 0.000000 ) ) ;
#3417 = AXIS2_PLACEMENT_3D ( 'NONE', #3418, #3419, #3420 ) ;
#3421 = PLANE ( 'NONE', #3417 ) ;
#3422 = ADVANCED_FACE ( 'NONE', ( #3416 ), #3421, .T. ) ;
#3423 = CARTESIAN_POINT ( 'NONE', ( 13.380602, 10.000000, 12.086583 ) ) ;
#3424 = VERTEX_POINT ( 'NONE', #3423 ) ;
#3425 = CARTESIAN_POINT ( 'NONE', ( 14.464466, 10.000000, 10.464466 ) ) ;
#3426 = VERTEX_POINT ( 'NONE', #3425 ) ;
#3427 = CARTESIAN_POINT ( 'NONE', ( 14.464466, 22.000000, 10.464466 ) ) ;
#3428 = VERTEX_POINT ( 'NONE', #3427 ) ;
#3431 = DIRECTION ( 'NONE', ( 1.000000, 0.000000, 0.000000 ) ) ;
#3430 = VECTOR ( 'NONE', #3431, 1.0 ) ;
#3429 = LINE ( 'NONE', #3423, #3430 ) ;
#3432 = EDGE_CURVE ( 'NONE', #3424, #3426, #3429, .T. ) ;
#3433 = ORIENTED_EDGE ( 'NONE', *, *, #3432, .T. ) ;
#3436 = DIRECTION ( 'NONE', ( 1.000000, 0.000000, 0.000000 ) ) ;
#3435 = VECTOR ( 'NONE', #3436, 1.0 ) ;
#3434 = LINE ( 'NONE', #3425, #3435 ) ;
#3437 = EDGE_CURVE ( 'NONE', #3426, #3428, #3434, .T. ) ;
#3438 = ORIENTED_EDGE ( 'NONE', *, *, #3437, .T. ) ;
#3441 = DIRECTION ( 'NONE', ( 1.000000, 0.000000, 0.000000 ) ) ;
#3440 = VECTOR ( 'NONE', #3441, 1.0 ) ;
#3439 = LINE ( 'NONE', #3427, #3440 ) ;
#3442 = EDGE_CURVE ( 'NONE', #3428, #3424, #3439, .T. ) ;
#3443 = ORIENTED_EDGE ( 'NONE', *, *, #3442, .T. ) ;
#3444 = EDGE_LOOP ( 'NONE', ( #3433, #3438, #3443 ) ) ;
#3445 = FACE_OUTER_BOUND ( 'NONE', #3444, .T. ) ;
#3447 = CARTESIAN_POINT ( 'NONE', ( 13.380602, 10.000000, 12.086583 ) ) ;
#3448 = DIRECTION ( 'NONE', ( 0.000000, 0.000000, 1.000000 ) ) ;
#3449 = DIRECTION ( 'NONE', ( 1.000000, 0.000000, 0.000000 ) ) ;
#3446 = AXIS2_PLACEMENT_3D ( 'NONE', #3447, #3448, #3449 ) ;
#3450 = PLANE ( 'NONE', #3446 ) ;
#3451 = ADVANCED_FACE ( 'NONE', ( #3445 ), #3450, .T. ) ;
#3452 = CARTESIAN_POINT ( 'NONE', ( 13.380602, 10.000000, 12.086583 ) ) ;
#3453 = VERTEX_POINT ( 'NONE', #3452 ) ;
#3454 = CARTESIAN_POINT ( 'NONE', ( 14.464466, 22.000000, 10.464466 ) ) ;
#3455 = VERTEX_POINT ( 'NONE', #3454 ) ;
#3456 = CARTESIAN_POINT ( 'NONE', ( 13.380602, 22.000000, 12.086583 ) ) ;
#3457 = VERTEX_POINT ( 'NONE', #3456 ) ;
#3460 = DIRECTION ( 'NONE', ( 1.000000, 0.000000, 0.000000 ) ) ;
#3459 = VECTOR ( 'NONE', #3460, 1.0 ) ;
#3458 = LINE ( 'NONE', #3452, #3459 ) ;
#3461 = EDGE_CURVE ( 'NONE', #3453, #3455, #3458, .T. ) ;
#3462 = ORIENTED_EDGE ( 'NONE', *, *, #3461, .T. ) ;
#3465 = DIRECTION ( 'NONE', ( 1.000000, 0.000000, 0.000000 ) ) ;
#3464 = VECTOR ( 'NONE', #3465, 1.0 ) ;
#3463 = LINE ( 'NONE', #3454, #3464 ) ;
#3466 = EDGE_CURVE ( 'NONE', #3455, #3457, #3463, .T. ) ;
#3467 = ORIENTED_EDGE ( 'NONE', *, *, #3466, .T. ) ;
#3470 = DIRECTION ( 'NONE', ( 1.000000, 0.000000, 0.000000 ) ) ;
#3469 = VECTOR ( 'NONE', #3470, 1.0 ) ;
#3468 = LINE ( 'NONE', #3456, #3469 ) ;
#3471 = EDGE_CURVE ( 'NONE', #3457, #3453, #3468, .T. ) ;
#3472 = ORIENTED_EDGE ( 'NONE', *, *, #3471, .T. ) ;
#3473 = EDGE_LOOP ( 'NONE', ( #3462, #3467, #3472 ) ) ;
#3474 = FACE_OUTER_BOUND ( 'NONE', #3473, .T. ) ;
#3476 = CARTESIAN_POINT ( 'NONE', ( 13.380602, 10.000000, 12.086583 ) ) ;
#3477 = DIRECTION ( 'NONE', ( 0.000000, 0.000000, 1.000000 ) ) ;
#3478 = DIRECTION ( 'NONE', ( 1.000000, 0.000000, 0.000000 ) ) ;
#3475 = AXIS2_PLACEMENT_3D ( 'NONE', #3476, #3477, #3478 ) ;
#3479 = PLANE ( 'NONE', #3475 ) ;
#3480 = ADVANCED_FACE ( 'NONE', ( #3474 ), #3479, .T. ) ;
#3481 = CARTESIAN_POINT ( 'NONE', ( 14.464466, 10.000000, 10.464466 ) ) ;
#3482 = VERTEX_POINT ( 'NONE', #3481 ) ;
#3483 = CARTESIAN_POINT ( 'NONE', ( 16.086583, 10.000000, 9.380602 ) ) ;
#3484 = VERTEX_POINT ( 'NONE', #3483 ) ;
#3485 = CARTESIAN_POINT ( 'NONE', ( 16.086583, 22.000000, 9.380602 ) ) ;
#3486 = VERTEX_POINT ( 'NONE', #3485 ) ;
#3489 = DIRECTION ( 'NONE', ( 1.000000, 0.000000, 0.000000 ) ) ;
#3488 = VECTOR ( 'NONE', #3489, 1.0 ) ;
#3487 = LINE ( 'NONE', #3481, #3488 ) ;
#3490 = EDGE_CURVE ( 'NONE', #3482, #3484, #3487, .T. ) ;
#3491 = ORIENTED_EDGE ( 'NONE', *, *, #3490, .T. ) ;
#3494 = DIRECTION ( 'NONE', ( 1.000000, 0.000000, 0.000000 ) ) ;
#3493 = VECTOR ( 'NONE', #3494, 1.0 ) ;
#3492 = LINE ( 'NONE', #3483, #3493 ) ;
#3495 = EDGE_CURVE ( 'NONE', #3484, #3486, #3492, .T. ) ;
#3496 = ORIENTED_EDGE ( 'NONE', *, *, #3495, .T. ) ;
#3499 = DIRECTION ( 'NONE', ( 1.000000, 0.000000, 0.000000 ) ) ;
#3498 = VECTOR ( 'NONE', #3499, 1.0 ) ;
#3497 = LINE ( 'NONE', #3485, #3498 ) ;
#3500 = EDGE_CURVE ( 'NONE', #3486, #3482, #3497, .T. ) ;
#3501 = ORIENTED_EDGE ( 'NONE', *, *, #3500, .T. ) ;
#3502 = EDGE_LOOP ( 'NONE', ( #3491, #3496, #3501 ) ) ;
#3503 = FACE_OUTER_BOUND ( 'NONE', #3502, .T. ) ;
#3505 = CARTESIAN_POINT ( 'NONE', ( 14.464466, 10.000000, 10.464466 ) ) ;
#3506 = DIRECTION ( 'NONE', ( 0.000000, 0.000000, 1.000000 ) ) ;
#3507 = DIRECTION ( 'NONE', ( 1.000000, 0.000000, 0.000000 ) ) ;
#3504 = AXIS2_PLACEMENT_3D ( 'NONE', #3505, #3506, #3507 ) ;
#3508 = PLANE ( 'NONE', #3504 ) ;
#3509 = ADVANCED_FACE ( 'NONE', ( #3503 ), #3508, .T. ) ;
#3510 = CARTESIAN_POINT ( 'NONE', ( 14.464466, 10.000000, 10.464466 ) ) ;
#3511 = VERTEX_POINT ( 'NONE', #3510 ) ;
#3512 = CARTESIAN_POINT ( 'NONE', ( 16.086583, 22.000000, 9.380602 ) ) ;
#3513 = VERTEX_POINT ( 'NONE', #3512 ) ;
#3514 = CARTESIAN_POINT ( 'NONE', ( 14.464466, 22.000000, 10.464466 ) ) ;
#3515 = VERTEX_POINT ( 'NONE', #3514 ) ;
#3518 = DIRECTION ( 'NONE', ( 1.000000, 0.000000, 0.000000 ) ) ;
#3517 = VECTOR ( 'NONE', #3518, 1.0 ) ;
#3516 = LINE ( 'NONE', #3510, #3517 ) ;
#3519 = EDGE_CURVE ( 'NONE', #3511, #3513, #3516, .T. ) ;
#3520 = ORIENTED_EDGE ( 'NONE', *, *, #3519, .T. ) ;
#3523 = DIRECTION ( 'NONE', ( 1.000000, 0.000000, 0.000000 ) ) ;
#3522 = VECTOR ( 'NONE', #3523, 1.0 ) ;
#3521 = LINE ( 'NONE', #3512, #3522 ) ;
#3524 = EDGE_CURVE ( 'NONE', #3513, #3515, #3521, .T. ) ;
#3525 = ORIENTED_EDGE ( 'NONE', *, *, #3524, .T. ) ;
#3528 = DIRECTION ( 'NONE', ( 1.000000, 0.000000, 0.000000 ) ) ;
#3527 = VECTOR ( 'NONE', #3528, 1.0 ) ;
#3526 = LINE ( 'NONE', #3514, #3527 ) ;
#3529 = EDGE_CURVE ( 'NONE', #3515, #3511, #3526, .T. ) ;
#3530 = ORIENTED_EDGE ( 'NONE', *, *, #3529, .T. ) ;
#3531 = EDGE_LOOP ( 'NONE', ( #3520, #3525, #3530 ) ) ;
#3532 = FACE_OUTER_BOUND ( 'NONE', #3531, .T. ) ;
#3534 = CARTESIAN_POINT ( 'NONE', ( 14.464466, 10.000000, 10.464466 ) ) ;
#3535 = DIRECTION ( 'NONE', ( 0.000000, 0.000000, 1.000000 ) ) ;
#3536 = DIRECTION ( 'NONE', ( 1.000000, 0.000000, 0.000000 ) ) ;
#3533 = AXIS2_PLACEMENT_3D ( 'NONE', #3534, #3535, #3536 ) ;
#3537 = PLANE ( 'NONE', #3533 ) ;
#3538 = ADVANCED_FACE ( 'NONE', ( #3532 ), #3537, .T. ) ;
#3539 = CARTESIAN_POINT ( 'NONE', ( 16.086583, 10.000000, 9.380602 ) ) ;
#3540 = VERTEX_POINT ( 'NONE', #3539 ) ;
#3541 = CARTESIAN_POINT ( 'NONE', ( 18.000000, 10.000000, 9.000000 ) ) ;
#3542 = VERTEX_POINT ( 'NONE', #3541 ) ;
#3543 = CARTESIAN_POINT ( 'NONE', ( 18.000000, 22.000000, 9.000000 ) ) ;
#3544 = VERTEX_POINT ( 'NONE', #3543 ) ;
#3547 = DIRECTION ( 'NONE', ( 1.000000, 0.000000, 0.000000 ) ) ;
#3546 = VECTOR ( 'NONE', #3547, 1.0 ) ;
#3545 = LINE ( 'NONE', #3539, #3546 ) ;
#3548 = EDGE_CURVE ( 'NONE', #3540, #3542, #3545, .T. ) ;
#3549 = ORIENTED_EDGE ( 'NONE', *, *, #3548, .T. ) ;
#3552 = DIRECTION ( 'NONE', ( 1.000000, 0.000000, 0.000000 ) ) ;
#3551 = VECTOR ( 'NONE', #3552, 1.0 ) ;
#3550 = LINE ( 'NONE', #3541, #3551 ) ;
#3553 = EDGE_CURVE ( 'NONE', #3542, #3544, #3550, .T. ) ;
#3554 = ORIENTED_EDGE ( 'NONE', *, *, #3553, .T. ) ;
#3557 = DIRECTION ( 'NONE', ( 1.000000, 0.000000, 0.000000 ) ) ;
#3556 = VECTOR ( 'NONE', #3557, 1.0 ) ;
#3555 = LINE ( 'NONE', #3543, #3556 ) ;
#3558 = EDGE_CURVE ( 'NONE', #3544, #3540, #3555, .T. ) ;
#3559 = ORIENTED_EDGE ( 'NONE', *, *, #3558, .T. ) ;
#3560 = EDGE_LOOP ( 'NONE', ( #3549, #3554, #3559 ) ) ;
#3561 = FACE_OUTER_BOUND ( 'NONE', #3560, .T. ) ;
#3563 = CARTESIAN_POINT ( 'NONE', ( 16.086583, 10.000000, 9.380602 ) ) ;
#3564 = DIRECTION ( 'NONE', ( 0.000000, 0.000000, 1.000000 ) ) ;
#3565 = DIRECTION ( 'NONE', ( 1.000000, 0.000000, 0.000000 ) ) ;
#3562 = AXIS2_PLACEMENT_3D ( 'NONE', #3563, #3564, #3565 ) ;
#3566 = PLANE ( 'NONE', #3562 ) ;
#3567 = ADVANCED_FACE ( 'NONE', ( #3561 ), #3566, .T. ) ;
#3568 = CARTESIAN_POINT ( 'NONE', ( 16.086583, 10.000000, 9.380602 ) ) ;
#3569 = VERTEX_POINT ( 'NONE', #3568 ) ;
#3570 = CARTESIAN_POINT ( 'NONE', ( 18.000000, 22.000000, 9.000000 ) ) ;
#3571 = VERTEX_POINT ( 'NONE', #3570 ) ;
#3572 = CARTESIAN_POINT ( 'NONE', ( 16.086583, 22.000000, 9.380602 ) ) ;
#3573 = VERTEX_POINT ( 'NONE', #3572 ) ;
#3576 = DIRECTION ( 'NONE', ( 1.000000, 0.000000, 0.000000 ) ) ;
#3575 = VECTOR ( 'NONE', #3576, 1.0 ) ;
#3574 = LINE ( 'NONE', #3568, #3575 ) ;
#3577 = EDGE_CURVE ( 'NONE', #3569, #3571, #3574, .T. ) ;
#3578 = ORIENTED_EDGE ( 'NONE', *, *, #3577, .T. ) ;
#3581 = DIRECTION ( 'NONE', ( 1.000000, 0.000000, 0.000000 ) ) ;
#3580 = VECTOR ( 'NONE', #3581, 1.0 ) ;
#3579 = LINE ( 'NONE', #3570, #3580 ) ;
#3582 = EDGE_CURVE ( 'NONE', #3571, #3573, #3579, .T. ) ;
#3583 = ORIENTED_EDGE ( 'NONE', *, *, #3582, .T. ) ;
#3586 = DIRECTION ( 'NONE', ( 1.000000, 0.000000, 0.000000 ) ) ;
#3585 = VECTOR ( 'NONE', #3586, 1.0 ) ;
#3584 = LINE ( 'NONE', #3572, #3585 ) ;
#3587 = EDGE_CURVE ( 'NONE', #3573, #3569, #3584, .T. ) ;
#3588 = ORIENTED_EDGE ( 'NONE', *, *, #3587, .T. ) ;
#3589 = EDGE_LOOP ( 'NONE', ( #3578, #3583, #3588 ) ) ;
#3590 = FACE_OUTER_BOUND ( 'NONE', #3589, .T. ) ;
#3592 = CARTESIAN_POINT ( 'NONE', ( 16.086583, 10.000000, 9.380602 ) ) ;
#3593 = DIRECTION ( 'NONE', ( 0.000000, 0.000000, 1.000000 ) ) ;
#3594 = DIRECTION ( 'NONE', ( 1.000000, 0.000000, 0.000000 ) ) ;
#3591 = AXIS2_PLACEMENT_3D ( 'NONE', #3592, #3593, #3594 ) ;
#3595 = PLANE ( 'NONE', #3591 ) ;
#3596 = ADVANCED_FACE ( 'NONE', ( #3590 ), #3595, .T. ) ;
#3597 = CARTESIAN_POINT ( 'NONE', ( 18.000000, 10.000000, 9.000000 ) ) ;
#3598 = VERTEX_POINT ( 'NONE', #3597 ) ;
#3599 = CARTESIAN_POINT ( 'NONE', ( 19.913417, 10.000000, 9.380602 ) ) ;
#3600 = VERTEX_POINT ( 'NONE', #3599 ) ;
#3601 = CARTESIAN_POINT ( 'NONE', ( 19.913417, 22.000000, 9.380602 ) ) ;
#3602 = VERTEX_POINT ( 'NONE', #3601 ) ;
#3605 = DIRECTION ( 'NONE', ( 1.000000, 0.000000, 0.000000 ) ) ;
#3604 = VECTOR ( 'NONE', #3605, 1.0 ) ;
#3603 = LINE ( 'NONE', #3597, #3604 ) ;
#3606 = EDGE_CURVE ( 'NONE', #3598, #3600, #3603, .T. ) ;
#3607 = ORIENTED_EDGE ( 'NONE', *, *, #3606, .T. ) ;
#3610 = DIRECTION ( 'NONE', ( 1.000000, 0.000000, 0.000000 ) ) ;
#3609 = VECTOR ( 'NONE', #3610, 1.0 ) ;
#3608 = LINE ( 'NONE', #3599, #3609 ) ;
#3611 = EDGE_CURVE ( 'NONE', #3600, #3602, #3608, .T. ) ;
#3612 = ORIENTED_EDGE ( 'NONE', *, *, #3611, .T. ) ;
#3615 = DIRECTION ( 'NONE', ( 1.000000, 0.000000, 0.000000 ) ) ;
#3614 = VECTOR ( 'NONE', #3615, 1.0 ) ;
#3613 = LINE ( 'NONE', #3601, #3614 ) ;
#3616 = EDGE_CURVE ( 'NONE', #3602, #3598, #3613, .T. ) ;
#3617 = ORIENTED_EDGE ( 'NONE', *, *, #3616, .T. ) ;
#3618 = EDGE_LOOP ( 'NONE', ( #3607, #3612, #3617 ) ) ;
#3619 = FACE_OUTER_BOUND ( 'NONE', #3618, .T. ) ;
#3621 = CARTESIAN_POINT ( 'NONE', ( 18.000000, 10.000000, 9.000000 ) ) ;
#3622 = DIRECTION ( 'NONE', ( 0.000000, 0.000000, 1.000000 ) ) ;
#3623 = DIRECTION ( 'NONE', ( 1.000000, 0.000000, 0.000000 ) ) ;
#3620 = AXIS2_PLACEMENT_3D ( 'NONE', #3621, #3622, #3623 ) ;
#3624 = PLANE ( 'NONE', #3620 ) ;
#3625 = ADVANCED_FACE ( 'NONE', ( #3619 ), #3624, .T. ) ;
#3626 = CARTESIAN_POINT ( 'NONE', ( 18.000000, 10.000000, 9.000000 ) ) ;
#3627 = VERTEX_POINT ( 'NONE', #3626 ) ;
#3628 = CARTESIAN_POINT ( 'NONE', ( 19.913417, 22.000000, 9.380602 ) ) ;
#3629 = VERTEX_POINT ( 'NONE', #3628 ) ;
#3630 = CARTESIAN_POINT ( 'NONE', ( 18.000000, 22.000000, 9.000000 ) ) ;
#3631 = VERTEX_POINT ( 'NONE', #3630 ) ;
#3634 = DIRECTION ( 'NONE', ( 1.000000, 0.000000, 0.000000 ) ) ;
#3633 = VECTOR ( 'NONE', #3634, 1.0 ) ;
#3632 = LINE ( 'NONE', #3626, #3633 ) ;
#3635 = EDGE_CURVE ( 'NONE', #3627, #3629, #3632, .T. ) ;
#3636 = ORIENTED_EDGE ( 'NONE', *, *, #3635, .T. ) ;
#3639 = DIRECTION ( 'NONE', ( 1.000000, 0.000000, 0.000000 ) ) ;
#3638 = VECTOR ( 'NONE', #3639, 1.0 ) ;
#3637 = LINE ( 'NONE', #3628, #3638 ) ;
#3640 = EDGE_CURVE ( 'NONE', #3629, #3631, #3637, .T. ) ;
#3641 = ORIENTED_EDGE ( 'NONE', *, *, #3640, .T. ) ;
#3644 = DIRECTION ( 'NONE', ( 1.000000, 0.000000, 0.000000 ) ) ;
#3643 = VECTOR ( 'NONE', #3644, 1.0 ) ;
#3642 = LINE ( 'NONE', #3630, #3643 ) ;
#3645 = EDGE_CURVE ( 'NONE', #3631, #3627, #3642, .T. ) ;
#3646 = ORIENTED_EDGE ( 'NONE', *, *, #3645, .T. ) ;
#3647 = EDGE_LOOP ( 'NONE', ( #3636, #3641, #3646 ) ) ;
#3648 = FACE_OUTER_BOUND ( 'NONE', #3647, .T. ) ;
#3650 = CARTESIAN_POINT ( 'NONE', ( 18.000000, 10.000000, 9.000000 ) ) ;
#3651 = DIRECTION ( 'NONE', ( 0.000000, 0.000000, 1.000000 ) ) ;
#3652 = DIRECTION ( 'NONE', ( 1.000000, 0.000000, 0.000000 ) ) ;
#3649 = AXIS2_PLACEMENT_3D ( 'NONE', #3650, #3651, #3652 ) ;
#3653 = PLANE ( 'NONE', #3649 ) ;
#3654 = ADVANCED_FACE ( 'NONE', ( #3648 ), #3653, .T. ) ;
#3655 = CARTESIAN_POINT ( 'NONE', ( 19.913417, 10.000000, 9.380602 ) ) ;
#3656 = VERTEX_POINT ( 'NONE', #3655 ) ;
#3657 = CARTESIAN_POINT ( 'NONE', ( 21.535534, 10.000000, 10.464466 ) ) ;
#3658 = VERTEX_POINT ( 'NONE', #3657 ) ;
#3659 = CARTESIAN_POINT ( 'NONE', ( 21.535534, 22.000000, 10.464466 ) ) ;
#3660 = VERTEX_POINT ( 'NONE', #3659 ) ;
#3663 = DIRECTION ( 'NONE', ( 1.000000, 0.000000, 0.000000 ) ) ;
#3662 = VECTOR ( 'NONE', #3663, 1.0 ) ;
#3661 = LINE ( 'NONE', #3655, #3662 ) ;
#3664 = EDGE_CURVE ( 'NONE', #3656, #3658, #3661, .T. ) ;
#3665 = ORIENTED_EDGE ( 'NONE', *, *, #3664, .T. ) ;
#3668 = DIRECTION ( 'NONE', ( 1.000000, 0.000000, 0.000000 ) ) ;
#3667 = VECTOR ( 'NONE', #3668, 1.0 ) ;
#3666 = LINE ( 'NONE', #3657, #3667 ) ;
#3669 = EDGE_CURVE ( 'NONE', #3658, #3660, #3666, .T. ) ;
#3670 = ORIENTED_EDGE ( 'NONE', *, *, #3669, .T. ) ;
#3673 = DIRECTION ( 'NONE', ( 1.000000, 0.000000, 0.000000 ) ) ;
#3672 = VECTOR ( 'NONE', #3673, 1.0 ) ;
#3671 = LINE ( 'NONE', #3659, #3672 ) ;
#3674 = EDGE_CURVE ( 'NONE', #3660, #3656, #3671, .T. ) ;
#3675 = ORIENTED_EDGE ( 'NONE', *, *, #3674, .T. ) ;
#3676 = EDGE_LOOP ( 'NONE', ( #3665, #3670, #3675 ) ) ;
#3677 = FACE_OUTER_BOUND ( 'NONE', #3676, .T. ) ;
#3679 = CARTESIAN_POINT ( 'NONE', ( 19.913417, 10.000000, 9.380602 ) ) ;
#3680 = DIRECTION ( 'NONE', ( 0.000000, 0.000000, 1.000000 ) ) ;
#3681 = DIRECTION ( 'NONE', ( 1.000000, 0.000000, 0.000000 ) ) ;
#3678 = AXIS2_PLACEMENT_3D ( 'NONE', #3679, #3680, #3681 ) ;
#3682 = PLANE ( 'NONE', #3678 ) ;
#3683 = ADVANCED_FACE ( 'NONE', ( #3677 ), #3682, .T. ) ;
#3684 = CARTESIAN_POINT ( 'NONE', ( 19.913417, 10.000000, 9.380602 ) ) ;
#3685 = VERTEX_POINT ( 'NONE', #3684 ) ;
#3686 = CARTESIAN_POINT ( 'NONE', ( 21.535534, 22.000000, 10.464466 ) ) ;
#3687 = VERTEX_POINT ( 'NONE', #3686 ) ;
#3688 = CARTESIAN_POINT ( 'NONE', ( 19.913417, 22.000000, 9.380602 ) ) ;
#3689 = VERTEX_POINT ( 'NONE', #3688 ) ;
#3692 = DIRECTION ( 'NONE', ( 1.000000, 0.000000, 0.000000 ) ) ;
#3691 = VECTOR ( 'NONE', #3692, 1.0 ) ;
#3690 = LINE ( 'NONE', #3684, #3691 ) ;
#3693 = EDGE_CURVE ( 'NONE', #3685, #3687, #3690, .T. ) ;
#3694 = ORIENTED_EDGE ( 'NONE', *, *, #3693, .T. ) ;
#3697 = DIRECTION ( 'NONE', ( 1.000000, 0.000000, 0.000000 ) ) ;
#3696 = VECTOR ( 'NONE', #3697, 1.0 ) ;
#3695 = LINE ( 'NONE', #3686, #3696 ) ;
#3698 = EDGE_CURVE ( 'NONE', #3687, #3689, #3695, .T. ) ;
#3699 = ORIENTED_EDGE ( 'NONE', *, *, #3698, .T. ) ;
#3702 = DIRECTION ( 'NONE', ( 1.000000, 0.000000, 0.000000 ) ) ;
#3701 = VECTOR ( 'NONE', #3702, 1.0 ) ;
#3700 = LINE ( 'NONE', #3688, #3701 ) ;
#3703 = EDGE_CURVE ( 'NONE', #3689, #3685, #3700, .T. ) ;
#3704 = ORIENTED_EDGE ( 'NONE', *, *, #3703, .T. ) ;
#3705 = EDGE_LOOP ( 'NONE', ( #3694, #3699, #3704 ) ) ;
#3706 = FACE_OUTER_BOUND ( 'NONE', #3705, .T. ) ;
#3708 = CARTESIAN_POINT ( 'NONE', ( 19.913417, 10.000000, 9.380602 ) ) ;
#3709 = DIRECTION ( 'NONE', ( 0.000000, 0.000000, 1.000000 ) ) ;
#3710 = DIRECTION ( 'NONE', ( 1.000000, 0.000000, 0.000000 ) ) ;
#3707 = AXIS2_PLACEMENT_3D ( 'NONE', #3708, #3709, #3710 ) ;
#3711 = PLANE ( 'NONE', #3707 ) ;
#3712 = ADVANCED_FACE ( 'NONE', ( #3706 ), #3711, .T. ) ;
#3713 = CARTESIAN_POINT ( 'NONE', ( 21.535534, 10.000000, 10.464466 ) ) ;
#3714 = VERTEX_POINT ( 'NONE', #3713 ) ;
#3715 = CARTESIAN_POINT ( 'NONE', ( 22.619398, 10.000000, 12.086583 ) ) ;
#3716 = VERTEX_POINT ( 'NONE', #3715 ) ;
#3717 = CARTESIAN_POINT ( 'NONE', ( 22.619398, 22.000000, 12.086583 ) ) ;
#3718 = VERTEX_POINT ( 'NONE', #3717 ) ;
#3721 = DIRECTION ( 'NONE', ( 1.000000, 0.000000, 0.000000 ) ) ;
#3720 = VECTOR ( 'NONE', #3721, 1.0 ) ;
#3719 = LINE ( 'NONE', #3713, #3720 ) ;
#3722 = EDGE_CURVE ( 'NONE', #3714, #3716, #3719, .T. ) ;
#3723 = ORIENTED_EDGE ( 'NONE', *, *, #3722, .T. ) ;
#3726 = DIRECTION ( 'NONE', ( 1.000000, 0.000000, 0.000000 ) ) ;
#3725 = VECTOR ( 'NONE', #3726, 1.0 ) ;
#3724 = LINE ( 'NONE', #3715, #3725 ) ;
#3727 = EDGE_CURVE ( 'NONE', #3716, #3718, #3724, .T. ) ;
#3728 = ORIENTED_EDGE ( 'NONE', *, *, #3727, .T. ) ;
#3731 = DIRECTION ( 'NONE', ( 1.000000, 0.000000, 0.000000 ) ) ;
#3730 = VECTOR ( 'NONE', #3731, 1.0 ) ;
#3729 = LINE ( 'NONE', #3717, #3730 ) ;
#3732 = EDGE_CURVE ( 'NONE', #3718, #3714, #3729, .T. ) ;
#3733 = ORIENTED_EDGE ( 'NONE', *, *, #3732, .T. ) ;
#3734 = EDGE_LOOP ( 'NONE', ( #3723, #3728, #3733 ) ) ;
#3735 = FACE_OUTER_BOUND ( 'NONE', #3734, .T. ) ;
#3737 = CARTESIAN_POINT ( 'NONE', ( 21.535534, 10.000000, 10.464466 ) ) ;
#3738 = DIRECTION ( 'NONE', ( 0.000000, 0.000000, 1.000000 ) ) ;
#3739 = DIRECTION ( 'NONE', ( 1.000000, 0.000000, 0.000000 ) ) ;
#3736 = AXIS2_PLACEMENT_3D ( 'NONE', #3737, #3738, #3739 ) ;
#3740 = PLANE ( 'NONE', #3736 ) ;
#3741 = ADVANCED_FACE ( 'NONE', ( #3735 ), #3740, .T. ) ;
#3742 = CARTESIAN_POINT ( 'NONE', ( 21.535534, 10.000000, 10.464466 ) ) ;
#3743 = VERTEX_POINT ( 'NONE', #3742 ) ;
#3744 = CARTESIAN_POINT ( 'NONE', ( 22.619398, 22.000000, 12.086583 ) ) ;
#3745 = VERTEX_POINT ( 'NONE', #3744 ) ;
#3746 = CARTESIAN_POINT ( 'NONE', ( 21.535534, 22.000000, 10.464466 ) ) ;
#3747 = VERTEX_POINT ( 'NONE', #3746 ) ;
#3750 = DIRECTION ( 'NONE', ( 1.000000, 0.000000, 0.000000 ) ) ;
#3749 = VECTOR ( 'NONE', #3750, 1.0 ) ;
#3748 = LINE ( 'NONE', #3742, #3749 ) ;
#3751 = EDGE_CURVE ( 'NONE', #3743, #3745, #3748, .T. ) ;
#3752 = ORIENTED_EDGE ( 'NONE', *, *, #3751, .T. ) ;
#3755 = DIRECTION ( 'NONE', ( 1.000000, 0.000000, 0.000000 ) ) ;
#3754 = VECTOR ( 'NONE', #3755, 1.0 ) ;
#3753 = LINE ( 'NONE', #3744, #3754 ) ;
#3756 = EDGE_CURVE ( 'NONE', #3745, #3747, #3753, .T. ) ;
#3757 = ORIENTED_EDGE ( 'NONE', *, *, #3756, .T. ) ;
#3760 = DIRECTION ( 'NONE', ( 1.000000, 0.000000, 0.000000 ) ) ;
#3759 = VECTOR ( 'NONE', #3760, 1.0 ) ;
#3758 = LINE ( 'NONE', #3746, #3759 ) ;
#3761 = EDGE_CURVE ( 'NONE', #3747, #3743, #3758, .T. ) ;
#3762 = ORIENTED_EDGE ( 'NONE', *, *, #3761, .T. ) ;
#3763 = EDGE_LOOP ( 'NONE', ( #3752, #3757, #3762 ) ) ;
#3764 = FACE_OUTER_BOUND ( 'NONE', #3763, .T. ) ;
#3766 = CARTESIAN_POINT ( 'NONE', ( 21.535534, 10.000000, 10.464466 ) ) ;
#3767 = DIRECTION ( 'NONE', ( 0.000000, 0.000000, 1.000000 ) ) ;
#3768 = DIRECTION ( 'NONE', ( 1.000000, 0.000000, 0.000000 ) ) ;
#3765 = AXIS2_PLACEMENT_3D ( 'NONE', #3766, #3767, #3768 ) ;
#3769 = PLANE ( 'NONE', #3765 ) ;
#3770 = ADVANCED_FACE ( 'NONE', ( #3764 ), #3769, .T. ) ;
#3771 = CARTESIAN_POINT ( 'NONE', ( 22.619398, 10.000000, 12.086583 ) ) ;
#3772 = VERTEX_POINT ( 'NONE', #3771 ) ;
#3773 = CARTESIAN_POINT ( 'NONE', ( 23.000000, 10.000000, 14.000000 ) ) ;
#3774 = VERTEX_POINT ( 'NONE', #3773 ) ;
#3775 = CARTESIAN_POINT ( 'NONE', ( 23.000000, 22.000000, 14.000000 ) ) ;
#3776 = VERTEX_POINT ( 'NONE', #3775 ) ;
#3779 = DIRECTION ( 'NONE', ( 1.000000, 0.000000, 0.000000 ) ) ;
#3778 = VECTOR ( 'NONE', #3779, 1.0 ) ;
#3777 = LINE ( 'NONE', #3771, #3778 ) ;
#3780 = EDGE_CURVE ( 'NONE', #3772, #3774, #3777, .T. ) ;
#3781 = ORIENTED_EDGE ( 'NONE', *, *, #3780, .T. ) ;
#3784 = DIRECTION ( 'NONE', ( 1.000000, 0.000000, 0.000000 ) ) ;
#3783 = VECTOR ( 'NONE', #3784, 1.0 ) ;
#3782 = LINE ( 'NONE', #3773, #3783 ) ;
#3785 = EDGE_CURVE ( 'NONE', #3774, #3776, #3782, .T. ) ;
#3786 = ORIENTED_EDGE ( 'NONE', *, *, #3785, .T. ) ;
#3789 = DIRECTION ( 'NONE', ( 1.000000, 0.000000, 0.000000 ) ) ;
#3788 = VECTOR ( 'NONE', #3789, 1.0 ) ;
#3787 = LINE ( 'NONE', #3775, #3788 ) ;
#3790 = EDGE_CURVE ( 'NONE', #3776, #3772, #3787, .T. ) ;
#3791 = ORIENTED_EDGE ( 'NONE', *, *, #3790, .T. ) ;
#3792 = EDGE_LOOP ( 'NONE', ( #3781, #3786, #3791 ) ) ;
#3793 = FACE_OUTER_BOUND ( 'NONE', #3792, .T. ) ;
#3795 = CARTESIAN_POINT ( 'NONE', ( 22.619398, 10.000000, 12.086583 ) ) ;
#3796 = DIRECTION ( 'NONE', ( 0.000000, 0.000000, 1.000000 ) ) ;
#3797 = DIRECTION ( 'NONE', ( 1.000000, 0.000000, 0.000000 ) ) ;
#3794 = AXIS2_PLACEMENT_3D ( 'NONE', #3795, #3796, #3797 ) ;
#3798 = PLANE ( 'NONE', #3794 ) ;
#3799 = ADVANCED_FACE ( 'NONE', ( #3793 ), #3798, .T. ) ;
#3800 = CARTESIAN_POINT ( 'NONE', ( 22.619398, 10.000000, 12.086583 ) ) ;
#3801 = VERTEX_POINT ( 'NONE', #3800 ) ;
#3802 = CARTESIAN_POINT ( 'NONE', ( 23.000000, 22.000000, 14.000000 ) ) ;
#3803 = VERTEX_POINT ( 'NONE', #3802 ) ;
#3804 = CARTESIAN_POINT ( 'NONE', ( 22.619398, 22.000000, 12.086583 ) ) ;
#3805 = VERTEX_POINT ( 'NONE', #3804 ) ;
#3808 = DIRECTION ( 'NONE', ( 1.000000, 0.000000, 0.000000 ) ) ;
#3807 = VECTOR ( 'NONE', #3808, 1.0 ) ;
#3806 = LINE ( 'NONE', #3800, #3807 ) ;
#3809 = EDGE_CURVE ( 'NONE', #3801, #3803, #3806, .T. ) ;
#3810 = ORIENTED_EDGE ( 'NONE', *, *, #3809, .T. ) ;
#3813 = DIRECTION ( 'NONE', ( 1.000000, 0.000000, 0.000000 ) ) ;
#3812 = VECTOR ( 'NONE', #3813, 1.0 ) ;
#3811 = LINE ( 'NONE', #3802, #3812 ) ;
#3814 = EDGE_CURVE ( 'NONE', #3803, #3805, #3811, .T. ) ;
#3815 = ORIENTED_EDGE ( 'NONE', *, *, #3814, .T. ) ;
#3818 = DIRECTION ( 'NONE', ( 1.000000, 0.000000, 0.000000 ) ) ;
#3817 = VECTOR ( 'NONE', #3818, 1.0 ) ;
#3816 = LINE ( 'NONE', #3804, #3817 ) ;
#3819 = EDGE_CURVE ( 'NONE', #3805, #3801, #3816, .T. ) ;
#3820 = ORIENTED_EDGE ( 'NONE', *, *, #3819, .T. ) ;
#3821 = EDGE_LOOP ( 'NONE', ( #3810, #3815, #3820 ) ) ;
#3822 = FACE_OUTER_BOUND ( 'NONE', #3821, .T. ) ;
#3824 = CARTESIAN_POINT ( 'NONE', ( 22.619398, 10.000000, 12.086583 ) ) ;
#3825 = DIRECTION ( 'NONE', ( 0.000000, 0.000000, 1.000000 ) ) ;
#3826 = DIRECTION ( 'NONE', ( 1.000000, 0.000000, 0.000000 ) ) ;
#3823 = AXIS2_PLACEMENT_3D ( 'NONE', #3824, #3825, #3826 ) ;
#3827 = PLANE ( 'NONE', #3823 ) ;
#3828 = ADVANCED_FACE ( 'NONE', ( #3822 ), #3827, .T. ) ;
#3829 = CARTESIAN_POINT ( 'NONE', ( 18.000000, 10.000000, 14.000000 ) ) ;
#3830 = VERTEX_POINT ( 'NONE', #3829 ) ;
#3831 = CARTESIAN_POINT ( 'NONE', ( 22.619398, 10.000000, 15.913417 ) ) ;
#3832 = VERTEX_POINT ( 'NONE', #3831 ) ;
#3833 = CARTESIAN_POINT ( 'NONE', ( 23.000000, 10.000000, 14.000000 ) ) ;
#3834 = VERTEX_POINT ( 'NONE', #3833 ) ;
#3837 = DIRECTION ( 'NONE', ( 1.000000, 0.000000, 0.000000 ) ) ;
#3836 = VECTOR ( 'NONE', #3837, 1.0 ) ;
#3835 = LINE ( 'NONE', #3829, #3836 ) ;
#3838 = EDGE_CURVE ( 'NONE', #3830, #3832, #3835, .T. ) ;
#3839 = ORIENTED_EDGE ( 'NONE', *, *, #3838, .T. ) ;
#3842 = DIRECTION ( 'NONE', ( 1.000000, 0.000000, 0.000000 ) ) ;
#3841 = VECTOR ( 'NONE', #3842, 1.0 ) ;
#3840 = LINE ( 'NONE', #3831, #3841 ) ;
#3843 = EDGE_CURVE ( 'NONE', #3832, #3834, #3840, .T. ) ;
#3844 = ORIENTED_EDGE ( 'NONE', *, *, #3843, .T. ) ;
#3847 = DIRECTION ( 'NONE', ( 1.000000, 0.000000, 0.000000 ) ) ;
#3846 = VECTOR ( 'NONE', #3847, 1.0 ) ;
#3845 = LINE ( 'NONE', #3833, #3846 ) ;
#3848 = EDGE_CURVE ( 'NONE', #3834, #3830, #3845, .T. ) ;
#3849 = ORIENTED_EDGE ( 'NONE', *, *, #3848, .T. ) ;
#3850 = EDGE_LOOP ( 'NONE', ( #3839, #3844, #3849 ) ) ;
#3851 = FACE_OUTER_BOUND ( 'NONE', #3850, .T. ) ;
#3853 = CARTESIAN_POINT ( 'NONE', ( 18.000000, 10.000000, 14.000000 ) ) ;
#3854 = DIRECTION ( 'NONE', ( 0.000000, 0.000000, 1.000000 ) ) ;
#3855 = DIRECTION ( 'NONE', ( 1.000000, 0.000000, 0.000000 ) ) ;
#3852 = AXIS2_PLACEMENT_3D ( 'NONE', #3853, #3854, #3855 ) ;
#3856 = PLANE ( 'NONE', #3852 ) ;
#3857 = ADVANCED_FACE ( 'NONE', ( #3851 ), #3856, .T. ) ;
#3858 = CARTESIAN_POINT ( 'NONE', ( 18.000000, 22.000000, 14.000000 ) ) ;
#3859 = VERTEX_POINT ( 'NONE', #3858 ) ;
#3860 = CARTESIAN_POINT ( 'NONE', ( 23.000000, 22.000000, 14.000000 ) ) ;
#3861 = VERTEX_POINT ( 'NONE', #3860 ) ;
#3862 = CARTESIAN_POINT ( 'NONE', ( 22.619398, 22.000000, 15.913417 ) ) ;
#3863 = VERTEX_POINT ( 'NONE', #3862 ) ;
#3866 = DIRECTION ( 'NONE', ( 1.000000, 0.000000, 0.000000 ) ) ;
#3865 = VECTOR ( 'NONE', #3866, 1.0 ) ;
#3864 = LINE ( 'NONE', #3858, #3865 ) ;
#3867 = EDGE_CURVE ( 'NONE', #3859, #3861, #3864, .T. ) ;
#3868 = ORIENTED_EDGE ( 'NONE', *, *, #3867, .T. ) ;
#3871 = DIRECTION ( 'NONE', ( 1.000000, 0.000000, 0.000000 ) ) ;
#3870 = VECTOR ( 'NONE', #3871, 1.0 ) ;
#3869 = LINE ( 'NONE', #3860, #3870 ) ;
#3872 = EDGE_CURVE ( 'NONE', #3861, #3863, #3869, .T. ) ;
#3873 = ORIENTED_EDGE ( 'NONE', *, *, #3872, .T. ) ;
#3876 = DIRECTION ( 'NONE', ( 1.000000, 0.000000, 0.000000 ) ) ;
#3875 = VECTOR ( 'NONE', #3876, 1.0 ) ;
#3874 = LINE ( 'NONE', #3862, #3875 ) ;
#3877 = EDGE_CURVE ( 'NONE', #3863, #3859, #3874, .T. ) ;
#3878 = ORIENTED_EDGE ( 'NONE', *, *, #3877, .T. ) ;
#3879 = EDGE_LOOP ( 'NONE', ( #3868, #3873, #3878 ) ) ;
#3880 = FACE_OUTER_BOUND ( 'NONE', #3879, .T. ) ;
#3882 = CARTESIAN_POINT ( 'NONE', ( 18.000000, 22.000000, 14.000000 ) ) ;
#3883 = DIRECTION ( 'NONE', ( 0.000000, 0.000000, 1.000000 ) ) ;
#3884 = DIRECTION ( 'NONE', ( 1.000000, 0.000000, 0.000000 ) ) ;
#3881 = AXIS2_PLACEMENT_3D ( 'NONE', #3882, #3883, #3884 ) ;
#3885 = PLANE ( 'NONE', #3881 ) ;
#3886 = ADVANCED_FACE ( 'NONE', ( #3880 ), #3885, .T. ) ;
#3887 = CARTESIAN_POINT ( 'NONE', ( 18.000000, 10.000000, 14.000000 ) ) ;
#3888 = VERTEX_POINT ( 'NONE', #3887 ) ;
#3889 = CARTESIAN_POINT ( 'NONE', ( 21.535534, 10.000000, 17.535534 ) ) ;
#3890 = VERTEX_POINT ( 'NONE', #3889 ) ;
#3891 = CARTESIAN_POINT ( 'NONE', ( 22.619398, 10.000000, 15.913417 ) ) ;
#3892 = VERTEX_POINT ( 'NONE', #3891 ) ;
#3895 = DIRECTION ( 'NONE', ( 1.000000, 0.000000, 0.000000 ) ) ;
#3894 = VECTOR ( 'NONE', #3895, 1.0 ) ;
#3893 = LINE ( 'NONE', #3887, #3894 ) ;
#3896 = EDGE_CURVE ( 'NONE', #3888, #3890, #3893, .T. ) ;
#3897 = ORIENTED_EDGE ( 'NONE', *, *, #3896, .T. ) ;
#3900 = DIRECTION ( 'NONE', ( 1.000000, 0.000000, 0.000000 ) ) ;
#3899 = VECTOR ( 'NONE', #3900, 1.0 ) ;
#3898 = LINE ( 'NONE', #3889, #3899 ) ;
#3901 = EDGE_CURVE ( 'NONE', #3890, #3892, #3898, .T. ) ;
#3902 = ORIENTED_EDGE ( 'NONE', *, *, #3901, .T. ) ;
#3905 = DIRECTION ( 'NONE', ( 1.000000, 0.000000, 0.000000 ) ) ;
#3904 = VECTOR ( 'NONE', #3905, 1.0 ) ;
#3903 = LINE ( 'NONE', #3891, #3904 ) ;
#3906 = EDGE_CURVE ( 'NONE', #3892, #3888, #3903, .T. ) ;
#3907 = ORIENTED_EDGE ( 'NONE', *, *, #3906, .T. ) ;
#3908 = EDGE_LOOP ( 'NONE', ( #3897, #3902, #3907 ) ) ;
#3909 = FACE_OUTER_BOUND ( 'NONE', #3908, .T. ) ;
#3911 = CARTESIAN_POINT ( 'NONE', ( 18.000000, 10.000000, 14.000000 ) ) ;
#3912 = DIRECTION ( 'NONE', ( 0.000000, 0.000000, 1.000000 ) ) ;
#3913 = DIRECTION ( 'NONE', ( 1.000000, 0.000000, 0.000000 ) ) ;
#3910 = AXIS2_PLACEMENT_3D ( 'NONE', #3911, #3912, #3913 ) ;
#3914 = PLANE ( 'NONE', #3910 ) ;
#3915 = ADVANCED_FACE ( 'NONE', ( #3909 ), #3914, .T. ) ;
#3916 = CARTESIAN_POINT ( 'NONE', ( 18.000000, 22.000000, 14.000000 ) ) ;
#3917 = VERTEX_POINT ( 'NONE', #3916 ) ;
#3918 = CARTESIAN_POINT ( 'NONE', ( 22.619398, 22.000000, 15.913417 ) ) ;
#3919 = VERTEX_POINT ( 'NONE', #3918 ) ;
#3920 = CARTESIAN_POINT ( 'NONE', ( 21.535534, 22.000000, 17.535534 ) ) ;
#3921 = VERTEX_POINT ( 'NONE', #3920 ) ;
#3924 = DIRECTION ( 'NONE', ( 1.000000, 0.000000, 0.000000 ) ) ;
#3923 = VECTOR ( 'NONE', #3924, 1.0 ) ;
#3922 = LINE ( 'NONE', #3916, #3923 ) ;
#3925 = EDGE_CURVE ( 'NONE', #3917, #3919, #3922, .T. ) ;
#3926 = ORIENTED_EDGE ( 'NONE', *, *, #3925, .T. ) ;
#3929 = DIRECTION ( 'NONE', ( 1.000000, 0.000000, 0.000000 ) ) ;
#3928 = VECTOR ( 'NONE', #3929, 1.0 ) ;
#3927 = LINE ( 'NONE', #3918, #3928 ) ;
#3930 = EDGE_CURVE ( 'NONE', #3919, #3921, #3927, .T. ) ;
#3931 = ORIENTED_EDGE ( 'NONE', *, *, #3930, .T. ) ;
#3934 = DIRECTION ( 'NONE', ( 1.000000, 0.000000, 0.000000 ) ) ;
#3933 = VECTOR ( 'NONE', #3934, 1.0 ) ;
#3932 = LINE ( 'NONE', #3920, #3933 ) ;
#3935 = EDGE_CURVE ( 'NONE', #3921, #3917, #3932, .T. ) ;
#3936 = ORIENTED_EDGE ( 'NONE', *, *, #3935, .T. ) ;
#3937 = EDGE_LOOP ( 'NONE', ( #3926, #3931, #3936 ) ) ;
#3938 = FACE_OUTER_BOUND ( 'NONE', #3937, .T. ) ;
#3940 = CARTESIAN_POINT ( 'NONE', ( 18.000000, 22.000000, 14.000000 ) ) ;
#3941 = DIRECTION ( 'NONE', ( 0.000000, 0.000000, 1.000000 ) ) ;
#3942 = DIRECTION ( 'NONE', ( 1.000000, 0.000000, 0.000000 ) ) ;
#3939 = AXIS2_PLACEMENT_3D ( 'NONE', #3940, #3941, #3942 ) ;
#3943 = PLANE ( 'NONE', #3939 ) ;
#3944 = ADVANCED_FACE ( 'NONE', ( #3938 ), #3943, .T. ) ;
#3945 = CARTESIAN_POINT ( 'NONE', ( 18.000000, 10.000000, 14.000000 ) ) ;
#3946 = VERTEX_POINT ( 'NONE', #3945 ) ;
#3947 = CARTESIAN_POINT ( 'NONE', ( 19.913417, 10.000000, 18.619398 ) ) ;
#3948 = VERTEX_POINT ( 'NONE', #3947 ) ;
#3949 = CARTESIAN_POINT ( 'NONE', ( 21.535534, 10.000000, 17.535534 ) ) ;
#3950 = VERTEX_POINT ( 'NONE', #3949 ) ;
#3953 = DIRECTION ( 'NONE', ( 1.000000, 0.000000, 0.000000 ) ) ;
#3952 = VECTOR ( 'NONE', #3953, 1.0 ) ;
#3951 = LINE ( 'NONE', #3945, #3952 ) ;
#3954 = EDGE_CURVE ( 'NONE', #3946, #3948, #3951, .T. ) ;
#3955 = ORIENTED_EDGE ( 'NONE', *, *, #3954, .T. ) ;
#3958 = DIRECTION ( 'NONE', ( 1.000000, 0.000000, 0.000000 ) ) ;
#3957 = VECTOR ( 'NONE', #3958, 1.0 ) ;
#3956 = LINE ( 'NONE', #3947, #3957 ) ;
#3959 = EDGE_CURVE ( 'NONE', #3948, #3950, #3956, .T. ) ;
#3960 = ORIENTED_EDGE ( 'NONE', *, *, #3959, .T. ) ;
#3963 = DIRECTION ( 'NONE', ( 1.000000, 0.000000, 0.000000 ) ) ;
#3962 = VECTOR ( 'NONE', #3963, 1.0 ) ;
#3961 = LINE ( 'NONE', #3949, #3962 ) ;
#3964 = EDGE_CURVE ( 'NONE', #3950, #3946, #3961, .T. ) ;
#3965 = ORIENTED_EDGE ( 'NONE', *, *, #3964, .T. ) ;
#3966 = EDGE_LOOP ( 'NONE', ( #3955, #3960, #3965 ) ) ;
#3967 = FACE_OUTER_BOUND ( 'NONE', #3966, .T. ) ;
#3969 = CARTESIAN_POINT ( 'NONE', ( 18.000000, 10.000000, 14.000000 ) ) ;
#3970 = DIRECTION ( 'NONE', ( 0.000000, 0.000000, 1.000000 ) ) ;
#3971 = DIRECTION ( 'NONE', ( 1.000000, 0.000000, 0.000000 ) ) ;
#3968 = AXIS2_PLACEMENT_3D ( 'NONE', #3969, #3970, #3971 ) ;
#3972 = PLANE ( 'NONE', #3968 ) ;
#3973 = ADVANCED_FACE ( 'NONE', ( #3967 ), #3972, .T. ) ;
#3974 = CARTESIAN_POINT ( 'NONE', ( 18.000000, 22.000000, 14.000000 ) ) ;
#3975 = VERTEX_POINT ( 'NONE', #3974 ) ;
#3976 = CARTESIAN_POINT ( 'NONE', ( 21.535534, 22.000000, 17.535534 ) ) ;
#3977 = VERTEX_POINT ( 'NONE', #3976 ) ;
#3978 = CARTESIAN_POINT ( 'NONE', ( 19.913417, 22.000000, 18.619398 ) ) ;
#3979 = VERTEX_POINT ( 'NONE', #3978 ) ;
#3982 = DIRECTION ( 'NONE', ( 1.000000, 0.000000, 0.000000 ) ) ;
#3981 = VECTOR ( 'NONE', #3982, 1.0 ) ;
#3980 = LINE ( 'NONE', #3974, #3981 ) ;
#3983 = EDGE_CURVE ( 'NONE', #3975, #3977, #3980, .T. ) ;
#3984 = ORIENTED_EDGE ( 'NONE', *, *, #3983, .T. ) ;
#3987 = DIRECTION ( 'NONE', ( 1.000000, 0.000000, 0.000000 ) ) ;
#3986 = VECTOR ( 'NONE', #3987, 1.0 ) ;
#3985 = LINE ( 'NONE', #3976, #3986 ) ;
#3988 = EDGE_CURVE ( 'NONE', #3977, #3979, #3985, .T. ) ;
#3989 = ORIENTED_EDGE ( 'NONE', *, *, #3988, .T. ) ;
#3992 = DIRECTION ( 'NONE', ( 1.000000, 0.000000, 0.000000 ) ) ;
#3991 = VECTOR ( 'NONE', #3992, 1.0 ) ;
#3990 = LINE ( 'NONE', #3978, #3991 ) ;
#3993 = EDGE_CURVE ( 'NONE', #3979, #3975, #3990, .T. ) ;
#3994 = ORIENTED_EDGE ( 'NONE', *, *, #3993, .T. ) ;
#3995 = EDGE_LOOP ( 'NONE', ( #3984, #3989, #3994 ) ) ;
#3996 = FACE_OUTER_BOUND ( 'NONE', #3995, .T. ) ;
#3998 = CARTESIAN_POINT ( 'NONE', ( 18.000000, 22.000000, 14.000000 ) ) ;
#3999 = DIRECTION ( 'NONE', ( 0.000000, 0.000000, 1.000000 ) ) ;
#4000 = DIRECTION ( 'NONE', ( 1.000000, 0.000000, 0.000000 ) ) ;
#3997 = AXIS2_PLACEMENT_3D ( 'NONE', #3998, #3999, #4000 ) ;
#4001 = PLANE ( 'NONE', #3997 ) ;
#4002 = ADVANCED_FACE ( 'NONE', ( #3996 ), #4001, .T. ) ;
#4003 = CARTESIAN_POINT ( 'NONE', ( 18.000000, 10.000000, 14.000000 ) ) ;
#4004 = VERTEX_POINT ( 'NONE', #4003 ) ;
#4005 = CARTESIAN_POINT ( 'NONE', ( 18.000000, 10.000000, 19.000000 ) ) ;
#4006 = VERTEX_POINT ( 'NONE', #4005 ) ;
#4007 = CARTESIAN_POINT ( 'NONE', ( 19.913417, 10.000000, 18.619398 ) ) ;
#4008 = VERTEX_POINT ( 'NONE', #4007 ) ;
#4011 = DIRECTION ( 'NONE', ( 1.000000, 0.000000, 0.000000 ) ) ;
#4010 = VECTOR ( 'NONE', #4011, 1.0 ) ;
#4009 = LINE ( 'NONE', #4003, #4010 ) ;
#4012 = EDGE_CURVE ( 'NONE', #4004, #4006, #4009, .T. ) ;
#4013 = ORIENTED_EDGE ( 'NONE', *, *, #4012, .T. ) ;
#4016 = DIRECTION ( 'NONE', ( 1.000000, 0.000000, 0.000000 ) ) ;
#4015 = VECTOR ( 'NONE', #4016, 1.0 ) ;
#4014 = LINE ( 'NONE', #4005, #4015 ) ;
#4017 = EDGE_CURVE ( 'NONE', #4006, #4008, #4014, .T. ) ;
#4018 = ORIENTED_EDGE ( 'NONE', *, *, #4017, .T. ) ;
#4021 = DIRECTION ( 'NONE', ( 1.000000, 0.000000, 0.000000 ) ) ;
#4020 = VECTOR ( 'NONE', #4021, 1.0 ) ;
#4019 = LINE ( 'NONE', #4007, #4020 ) ;
#4022 = EDGE_CURVE ( 'NONE', #4008, #4004, #4019, .T. ) ;
#4023 = ORIENTED_EDGE ( 'NONE', *, *, #4022, .T. ) ;
#4024 = EDGE_LOOP ( 'NONE', ( #4013, #4018, #4023 ) ) ;
#4025 = FACE_OUTER_BOUND ( 'NONE', #4024, .T. ) ;
#4027 = CARTESIAN_POINT ( 'NONE', ( 18.000000, 10.000000, 14.000000 ) ) ;
#4028 = DIRECTION ( 'NONE', ( 0.000000, 0.000000, 1.000000 ) ) ;
#4029 = DIRECTION ( 'NONE', ( 1.000000, 0.000000, 0.000000 ) ) ;
#4026 = AXIS2_PLACEMENT_3D ( 'NONE', #4027, #4028, #4029 ) ;
#4030 = PLANE ( 'NONE', #4026 ) ;
#4031 = ADVANCED_FACE ( 'NONE', ( #4025 ), #4030, .T. ) ;
#4032 = CARTESIAN_POINT ( 'NONE', ( 18.000000, 22.000000, 14.000000 ) ) ;
#4033 = VERTEX_POINT ( 'NONE', #4032 ) ;
#4034 = CARTESIAN_POINT ( 'NONE', ( 19.913417, 22.000000, 18.619398 ) ) ;
#4035 = VERTEX_POINT ( 'NONE', #4034 ) ;
#4036 = CARTESIAN_POINT ( 'NONE', ( 18.000000, 22.000000, 19.000000 ) ) ;
#4037 = VERTEX_POINT ( 'NONE', #4036 ) ;
#4040 = DIRECTION ( 'NONE', ( 1.000000, 0.000000, 0.000000 ) ) ;
#4039 = VECTOR ( 'NONE', #4040, 1.0 ) ;
#4038 = LINE ( 'NONE', #4032, #4039 ) ;
#4041 = EDGE_CURVE ( 'NONE', #4033, #4035, #4038, .T. ) ;
#4042 = ORIENTED_EDGE ( 'NONE', *, *, #4041, .T. ) ;
#4045 = DIRECTION ( 'NONE', ( 1.000000, 0.000000, 0.000000 ) ) ;
#4044 = VECTOR ( 'NONE', #4045, 1.0 ) ;
#4043 = LINE ( 'NONE', #4034, #4044 ) ;
#4046 = EDGE_CURVE ( 'NONE', #4035, #4037, #4043, .T. ) ;
#4047 = ORIENTED_EDGE ( 'NONE', *, *, #4046, .T. ) ;
#4050 = DIRECTION ( 'NONE', ( 1.000000, 0.000000, 0.000000 ) ) ;
#4049 = VECTOR ( 'NONE', #4050, 1.0 ) ;
#4048 = LINE ( 'NONE', #4036, #4049 ) ;
#4051 = EDGE_CURVE ( 'NONE', #4037, #4033, #4048, .T. ) ;
#4052 = ORIENTED_EDGE ( 'NONE', *, *, #4051, .T. ) ;
#4053 = EDGE_LOOP ( 'NONE', ( #4042, #4047, #4052 ) ) ;
#4054 = FACE_OUTER_BOUND ( 'NONE', #4053, .T. ) ;
#4056 = CARTESIAN_POINT ( 'NONE', ( 18.000000, 22.000000, 14.000000 ) ) ;
#4057 = DIRECTION ( 'NONE', ( 0.000000, 0.000000, 1.000000 ) ) ;
#4058 = DIRECTION ( 'NONE', ( 1.000000, 0.000000, 0.000000 ) ) ;
#4055 = AXIS2_PLACEMENT_3D ( 'NONE', #4056, #4057, #4058 ) ;
#4059 = PLANE ( 'NONE', #4055 ) ;
#4060 = ADVANCED_FACE ( 'NONE', ( #4054 ), #4059, .T. ) ;
#4061 = CARTESIAN_POINT ( 'NONE', ( 18.000000, 10.000000, 14.000000 ) ) ;
#4062 = VERTEX_POINT ( 'NONE', #4061 ) ;
#4063 = CARTESIAN_POINT ( 'NONE', ( 16.086583, 10.000000, 18.619398 ) ) ;
#4064 = VERTEX_POINT ( 'NONE', #4063 ) ;
#4065 = CARTESIAN_POINT ( 'NONE', ( 18.000000, 10.000000, 19.000000 ) ) ;
#4066 = VERTEX_POINT ( 'NONE', #4065 ) ;
#4069 = DIRECTION ( 'NONE', ( 1.000000, 0.000000, 0.000000 ) ) ;
#4068 = VECTOR ( 'NONE', #4069, 1.0 ) ;
#4067 = LINE ( 'NONE', #4061, #4068 ) ;
#4070 = EDGE_CURVE ( 'NONE', #4062, #4064, #4067, .T. ) ;
#4071 = ORIENTED_EDGE ( 'NONE', *, *, #4070, .T. ) ;
#4074 = DIRECTION ( 'NONE', ( 1.000000, 0.000000, 0.000000 ) ) ;
#4073 = VECTOR ( 'NONE', #4074, 1.0 ) ;
#4072 = LINE ( 'NONE', #4063, #4073 ) ;
#4075 = EDGE_CURVE ( 'NONE', #4064, #4066, #4072, .T. ) ;
#4076 = ORIENTED_EDGE ( 'NONE', *, *, #4075, .T. ) ;
#4079 = DIRECTION ( 'NONE', ( 1.000000, 0.000000, 0.000000 ) ) ;
#4078 = VECTOR ( 'NONE', #4079, 1.0 ) ;
#4077 = LINE ( 'NONE', #4065, #4078 ) ;
#4080 = EDGE_CURVE ( 'NONE', #4066, #4062, #4077, .T. ) ;
#4081 = ORIENTED_EDGE ( 'NONE', *, *, #4080, .T. ) ;
#4082 = EDGE_LOOP ( 'NONE', ( #4071, #4076, #4081 ) ) ;
#4083 = FACE_OUTER_BOUND ( 'NONE', #4082, .T. ) ;
#4085 = CARTESIAN_POINT ( 'NONE', ( 18.000000, 10.000000, 14.000000 ) ) ;
#4086 = DIRECTION ( 'NONE', ( 0.000000, 0.000000, 1.000000 ) ) ;
#4087 = DIRECTION ( 'NONE', ( 1.000000, 0.000000, 0.000000 ) ) ;
#4084 = AXIS2_PLACEMENT_3D ( 'NONE', #4085, #4086, #4087 ) ;
#4088 = PLANE ( 'NONE', #4084 ) ;
#4089 = ADVANCED_FACE ( 'NONE', ( #4083 ), #4088, .T. ) ;
#4090 = CARTESIAN_POINT ( 'NONE', ( 18.000000, 22.000000, 14.000000 ) ) ;
#4091 = VERTEX_POINT ( 'NONE', #4090 ) ;
#4092 = CARTESIAN_POINT ( 'NONE', ( 18.000000, 22.000000, 19.000000 ) ) ;
#4093 = VERTEX_POINT ( 'NONE', #4092 ) ;
#4094 = CARTESIAN_POINT ( 'NONE', ( 16.086583, 22.000000, 18.619398 ) ) ;
#4095 = VERTEX_POINT ( 'NONE', #4094 ) ;
#4098 = DIRECTION ( 'NONE', ( 1.000000, 0.000000, 0.000000 ) ) ;
#4097 = VECTOR ( 'NONE', #4098, 1.0 ) ;
#4096 = LINE ( 'NONE', #4090, #4097 ) ;
#4099 = EDGE_CURVE ( 'NONE', #4091, #4093, #4096, .T. ) ;
#4100 = ORIENTED_EDGE ( 'NONE', *, *, #4099, .T. ) ;
#4103 = DIRECTION ( 'NONE', ( 1.000000, 0.000000, 0.000000 ) ) ;
#4102 = VECTOR ( 'NONE', #4103, 1.0 ) ;
#4101 = LINE ( 'NONE', #4092, #4102 ) ;
#4104 = EDGE_CURVE ( 'NONE', #4093, #4095, #4101, .T. ) ;
#4105 = ORIENTED_EDGE ( 'NONE', *, *, #4104, .T. ) ;
#4108 = DIRECTION ( 'NONE', ( 1.000000, 0.000000, 0.000000 ) ) ;
#4107 = VECTOR ( 'NONE', #4108, 1.0 ) ;
#4106 = LINE ( 'NONE', #4094, #4107 ) ;
#4109 = EDGE_CURVE ( 'NONE', #4095, #4091, #4106, .T. ) ;
#4110 = ORIENTED_EDGE ( 'NONE', *, *, #4109, .T. ) ;
#4111 = EDGE_LOOP ( 'NONE', ( #4100, #4105, #4110 ) ) ;
#4112 = FACE_OUTER_BOUND ( 'NONE', #4111, .T. ) ;
#4114 = CARTESIAN_POINT ( 'NONE', ( 18.000000, 22.000000, 14.000000 ) ) ;
#4115 = DIRECTION ( 'NONE', ( 0.000000, 0.000000, 1.000000 ) ) ;
#4116 = DIRECTION ( 'NONE', ( 1.000000, 0.000000, 0.000000 ) ) ;
#4113 = AXIS2_PLACEMENT_3D ( 'NONE', #4114, #4115, #4116 ) ;
#4117 = PLANE ( 'NONE', #4113 ) ;
#4118 = ADVANCED_FACE ( 'NONE', ( #4112 ), #4117, .T. ) ;
#4119 = CARTESIAN_POINT ( 'NONE', ( 18.000000, 10.000000, 14.000000 ) ) ;
#4120 = VERTEX_POINT ( 'NONE', #4119 ) ;
#4121 = CARTESIAN_POINT ( 'NONE', ( 14.464466, 10.000000, 17.535534 ) ) ;
#4122 = VERTEX_POINT ( 'NONE', #4121 ) ;
#4123 = CARTESIAN_POINT ( 'NONE', ( 16.086583, 10.000000, 18.619398 ) ) ;
#4124 = VERTEX_POINT ( 'NONE', #4123 ) ;
#4127 = DIRECTION ( 'NONE', ( 1.000000, 0.000000, 0.000000 ) ) ;
#4126 = VECTOR ( 'NONE', #4127, 1.0 ) ;
#4125 = LINE ( 'NONE', #4119, #4126 ) ;
#4128 = EDGE_CURVE ( 'NONE', #4120, #4122, #4125, .T. ) ;
#4129 = ORIENTED_EDGE ( 'NONE', *, *, #4128, .T. ) ;
#4132 = DIRECTION ( 'NONE', ( 1.000000, 0.000000, 0.000000 ) ) ;
#4131 = VECTOR ( 'NONE', #4132, 1.0 ) ;
#4130 = LINE ( 'NONE', #4121, #4131 ) ;
#4133 = EDGE_CURVE ( 'NONE', #4122, #4124, #4130, .T. ) ;
#4134 = ORIENTED_EDGE ( 'NONE', *, *, #4133, .T. ) ;
#4137 = DIRECTION ( 'NONE', ( 1.000000, 0.000000, 0.000000 ) ) ;
#4136 = VECTOR ( 'NONE', #4137, 1.0 ) ;
#4135 = LINE ( 'NONE', #4123, #4136 ) ;
#4138 = EDGE_CURVE ( 'NONE', #4124, #4120, #4135, .T. ) ;
#4139 = ORIENTED_EDGE ( 'NONE', *, *, #4138, .T. ) ;
#4140 = EDGE_LOOP ( 'NONE', ( #4129, #4134, #4139 ) ) ;
#4141 = FACE_OUTER_BOUND ( 'NONE', #4140, .T. ) ;
#4143 = CARTESIAN_POINT ( 'NONE', ( 18.000000, 10.000000, 14.000000 ) ) ;
#4144 = DIRECTION ( 'NONE', ( 0.000000, 0.000000, 1.000000 ) ) ;
#4145 = DIRECTION ( 'NONE', ( 1.000000, 0.000000, 0.000000 ) ) ;
#4142 = AXIS2_PLACEMENT_3D ( 'NONE', #4143, #4144, #4145 ) ;
#4146 = PLANE ( 'NONE', #4142 ) ;
#4147 = ADVANCED_FACE ( 'NONE', ( #4141 ), #4146, .T. ) ;
#4148 = CARTESIAN_POINT ( 'NONE', ( 18.000000, 22.000000, 14.000000 ) ) ;
#4149 = VERTEX_POINT ( 'NONE', #4148 ) ;
#4150 = CARTESIAN_POINT ( 'NONE', ( 16.086583, 22.000000, 18.619398 ) ) ;
#4151 = VERTEX_POINT ( 'NONE', #4150 ) ;
#4152 = CARTESIAN_POINT ( 'NONE', ( 14.464466, 22.000000, 17.535534 ) ) ;
#4153 = VERTEX_POINT ( 'NONE', #4152 ) ;
#4156 = DIRECTION ( 'NONE', ( 1.000000, 0.000000, 0.000000 ) ) ;
#4155 = VECTOR ( 'NONE', #4156, 1.0 ) ;
#4154 = LINE ( 'NONE', #4148, #4155 ) ;
#4157 = EDGE_CURVE ( 'NONE', #4149, #4151, #4154, .T. ) ;
#4158 = ORIENTED_EDGE ( 'NONE', *, *, #4157, .T. ) ;
#4161 = DIRECTION ( 'NONE', ( 1.000000, 0.000000, 0.000000 ) ) ;
#4160 = VECTOR ( 'NONE', #4161, 1.0 ) ;
#4159 = LINE ( 'NONE', #4150, #4160 ) ;
#4162 = EDGE_CURVE ( 'NONE', #4151, #4153, #4159, .T. ) ;
#4163 = ORIENTED_EDGE ( 'NONE', *, *, #4162, .T. ) ;
#4166 = DIRECTION ( 'NONE', ( 1.000000, 0.000000, 0.000000 ) ) ;
#4165 = VECTOR ( 'NONE', #4166, 1.0 ) ;
#4164 = LINE ( 'NONE', #4152, #4165 ) ;
#4167 = EDGE_CURVE ( 'NONE', #4153, #4149, #4164, .T. ) ;
#4168 = ORIENTED_EDGE ( 'NONE', *, *, #4167, .T. ) ;
#4169 = EDGE_LOOP ( 'NONE', ( #4158, #4163, #4168 ) ) ;
#4170 = FACE_OUTER_BOUND ( 'NONE', #4169, .T. ) ;
#4172 = CARTESIAN_POINT ( 'NONE', ( 18.000000, 22.000000, 14.000000 ) ) ;
#4173 = DIRECTION ( 'NONE', ( 0.000000, 0.000000, 1.000000 ) ) ;
#4174 = DIRECTION ( 'NONE', ( 1.000000, 0.000000, 0.000000 ) ) ;
#4171 = AXIS2_PLACEMENT_3D ( 'NONE', #4172, #4173, #4174 ) ;
#4175 = PLANE ( 'NONE', #4171 ) ;
#4176 = ADVANCED_FACE ( 'NONE', ( #4170 ), #4175, .T. ) ;
#4177 = CARTESIAN_POINT ( 'NONE', ( 18.000000, 10.000000, 14.000000 ) ) ;
#4178 = VERTEX_POINT ( 'NONE', #4177 ) ;
#4179 = CARTESIAN_POINT ( 'NONE', ( 13.380602, 10.000000, 15.913417 ) ) ;
#4180 = VERTEX_POINT ( 'NONE', #4179 ) ;
#4181 = CARTESIAN_POINT ( 'NONE', ( 14.464466, 10.000000, 17.535534 ) ) ;
#4182 = VERTEX_POINT ( 'NONE', #4181 ) ;
#4185 = DIRECTION ( 'NONE', ( 1.000000, 0.000000, 0.000000 ) ) ;
#4184 = VECTOR ( 'NONE', #4185, 1.0 ) ;
#4183 = LINE ( 'NONE', #4177, #4184 ) ;
#4186 = EDGE_CURVE ( 'NONE', #4178, #4180, #4183, .T. ) ;
#4187 = ORIENTED_EDGE ( 'NONE', *, *, #4186, .T. ) ;
#4190 = DIRECTION ( 'NONE', ( 1.000000, 0.000000, 0.000000 ) ) ;
#4189 = VECTOR ( 'NONE', #4190, 1.0 ) ;
#4188 = LINE ( 'NONE', #4179, #4189 ) ;
#4191 = EDGE_CURVE ( 'NONE', #4180, #4182, #4188, .T. ) ;
#4192 = ORIENTED_EDGE ( 'NONE', *, *, #4191, .T. ) ;
#4195 = DIRECTION ( 'NONE', ( 1.000000, 0.000000, 0.000000 ) ) ;
#4194 = VECTOR ( 'NONE', #4195, 1.0 ) ;
#4193 = LINE ( 'NONE', #4181, #4194 ) ;
#4196 = EDGE_CURVE ( 'NONE', #4182, #4178, #4193, .T. ) ;
#4197 = ORIENTED_EDGE ( 'NONE', *, *, #4196, .T. ) ;
#4198 = EDGE_LOOP ( 'NONE', ( #4187, #4192, #4197 ) ) ;
#4199 = FACE_OUTER_BOUND ( 'NONE', #4198, .T. ) ;
#4201 = CARTESIAN_POINT ( 'NONE', ( 18.000000, 10.000000, 14.000000 ) ) ;
#4202 = DIRECTION ( 'NONE', ( 0.000000, 0.000000, 1.000000 ) ) ;
#4203 = DIRECTION ( 'NONE', ( 1.000000, 0.000000, 0.000000 ) ) ;
#4200 = AXIS2_PLACEMENT_3D ( 'NONE', #4201, #4202, #4203 ) ;
#4204 = PLANE ( 'NONE', #4200 ) ;
#4205 = ADVANCED_FACE ( 'NONE', ( #4199 ), #4204, .T. ) ;
#4206 = CARTESIAN_POINT ( 'NONE', ( 18.000000, 22.000000, 14.000000 ) ) ;
#4207 = VERTEX_POINT ( 'NONE', #4206 ) ;
#4208 = CARTESIAN_POINT ( 'NONE', ( 14.464466, 22.000000, 17.535534 ) ) ;
#4209 = VERTEX_POINT ( 'NONE', #4208 ) ;
#4210 = CARTESIAN_POINT ( 'NONE', ( 13.380602, 22.000000, 15.913417 ) ) ;
#4211 = VERTEX_POINT ( 'NONE', #4210 ) ;
#4214 = DIRECTION ( 'NONE', ( 1.000000, 0.000000, 0.000000 ) ) ;
#4213 = VECTOR ( 'NONE', #4214, 1.0 ) ;
#4212 = LINE ( 'NONE', #4206, #4213 ) ;
#4215 = EDGE_CURVE ( 'NONE', #4207, #4209, #4212, .T. ) ;
#4216 = ORIENTED_EDGE ( 'NONE', *, *, #4215, .T. ) ;
#4219 = DIRECTION ( 'NONE', ( 1.000000, 0.000000, 0.000000 ) ) ;
#4218 = VECTOR ( 'NONE', #4219, 1.0 ) ;
#4217 = LINE ( 'NONE', #4208, #4218 ) ;
#4220 = EDGE_CURVE ( 'NONE', #4209, #4211, #4217, .T. ) ;
#4221 = ORIENTED_EDGE ( 'NONE', *, *, #4220, .T. ) ;
#4224 = DIRECTION ( 'NONE', ( 1.000000, 0.000000, 0.000000 ) ) ;
#4223 = VECTOR ( 'NONE', #4224, 1.0 ) ;
#4222 = LINE ( 'NONE', #4210, #4223 ) ;
#4225 = EDGE_CURVE ( 'NONE', #4211, #4207, #4222, .T. ) ;
#4226 = ORIENTED_EDGE ( 'NONE', *, *, #4225, .T. ) ;
#4227 = EDGE_LOOP ( 'NONE', ( #4216, #4221, #4226 ) ) ;
#4228 = FACE_OUTER_BOUND ( 'NONE', #4227, .T. ) ;
#4230 = CARTESIAN_POINT ( 'NONE', ( 18.000000, 22.000000, 14.000000 ) ) ;
#4231 = DIRECTION ( 'NONE', ( 0.000000, 0.000000, 1.000000 ) ) ;
#4232 = DIRECTION ( 'NONE', ( 1.000000, 0.000000, 0.000000 ) ) ;
#4229 = AXIS2_PLACEMENT_3D ( 'NONE', #4230, #4231, #4232 ) ;
#4233 = PLANE ( 'NONE', #4229 ) ;
#4234 = ADVANCED_FACE ( 'NONE', ( #4228 ), #4233, .T. ) ;
#4235 = CARTESIAN_POINT ( 'NONE', ( 18.000000, 10.000000, 14.000000 ) ) ;
#4236 = VERTEX_POINT ( 'NONE', #4235 ) ;
#4237 = CARTESIAN_POINT ( 'NONE', ( 13.000000, 10.000000, 14.000000 ) ) ;
#4238 = VERTEX_POINT ( 'NONE', #4237 ) ;
#4239 = CARTESIAN_POINT ( 'NONE', ( 13.380602, 10.000000, 15.913417 ) ) ;
#4240 = VERTEX_POINT ( 'NONE', #4239 ) ;
#4243 = DIRECTION ( 'NONE', ( 1.000000, 0.000000, 0.000000 ) ) ;
#4242 = VECTOR ( 'NONE', #4243, 1.0 ) ;
#4241 = LINE ( 'NONE', #4235, #4242 ) ;
#4244 = EDGE_CURVE ( 'NONE', #4236, #4238, #4241, .T. ) ;
#4245 = ORIENTED_EDGE ( 'NONE', *, *, #4244, .T. ) ;
#4248 = DIRECTION ( 'NONE', ( 1.000000, 0.000000, 0.000000 ) ) ;
#4247 = VECTOR ( 'NONE', #4248, 1.0 ) ;
#4246 = LINE ( 'NONE', #4237, #4247 ) ;
#4249 = EDGE_CURVE ( 'NONE', #4238, #4240, #4246, .T. ) ;
#4250 = ORIENTED_EDGE ( 'NONE', *, *, #4249, .T. ) ;
#4253 = DIRECTION ( 'NONE', ( 1.000000, 0.000000, 0.000000 ) ) ;
#4252 = VECTOR ( 'NONE', #4253, 1.0 ) ;
#4251 = LINE ( 'NONE', #4239, #4252 ) ;
#4254 = EDGE_CURVE ( 'NONE', #4240, #4236, #4251, .T. ) ;
#4255 = ORIENTED_EDGE ( 'NONE', *, *, #4254, .T. ) ;
#4256 = EDGE_LOOP ( 'NONE', ( #4245, #4250, #4255 ) ) ;
#4257 = FACE_OUTER_BOUND ( 'NONE', #4256, .T. ) ;
#4259 = CARTESIAN_POINT ( 'NONE', ( 18.000000, 10.000000, 14.000000 ) ) ;
#4260 = DIRECTION ( 'NONE', ( 0.000000, 0.000000, 1.000000 ) ) ;
#4261 = DIRECTION ( 'NONE', ( 1.000000, 0.000000, 0.000000 ) ) ;
#4258 = AXIS2_PLACEMENT_3D ( 'NONE', #4259, #4260, #4261 ) ;
#4262 = PLANE ( 'NONE', #4258 ) ;
#4263 = ADVANCED_FACE ( 'NONE', ( #4257 ), #4262, .T. ) ;
#4264 = CARTESIAN_POINT ( 'NONE', ( 18.000000, 22.000000, 14.000000 ) ) ;
#4265 = VERTEX_POINT ( 'NONE', #4264 ) ;
#4266 = CARTESIAN_POINT ( 'NONE', ( 13.380602, 22.000000, 15.913417 ) ) ;
#4267 = VERTEX_POINT ( 'NONE', #4266 ) ;
#4268 = CARTESIAN_POINT ( 'NONE', ( 13.000000, 22.000000, 14.000000 ) ) ;
#4269 = VERTEX_POINT ( 'NONE', #4268 ) ;
#4272 = DIRECTION ( 'NONE', ( 1.000000, 0.000000, 0.000000 ) ) ;
#4271 = VECTOR ( 'NONE', #4272, 1.0 ) ;
#4270 = LINE ( 'NONE', #4264, #4271 ) ;
#4273 = EDGE_CURVE ( 'NONE', #4265, #4267, #4270, .T. ) ;
#4274 = ORIENTED_EDGE ( 'NONE', *, *, #4273, .T. ) ;
#4277 = DIRECTION ( 'NONE', ( 1.000000, 0.000000, 0.000000 ) ) ;
#4276 = VECTOR ( 'NONE', #4277, 1.0 ) ;
#4275 = LINE ( 'NONE', #4266, #4276 ) ;
#4278 = EDGE_CURVE ( 'NONE', #4267, #4269, #4275, .T. ) ;
#4279 = ORIENTED_EDGE ( 'NONE', *, *, #4278, .T. ) ;
#4282 = DIRECTION ( 'NONE', ( 1.000000, 0.000000, 0.000000 ) ) ;
#4281 = VECTOR ( 'NONE', #4282, 1.0 ) ;
#4280 = LINE ( 'NONE', #4268, #4281 ) ;
#4283 = EDGE_CURVE ( 'NONE', #4269, #4265, #4280, .T. ) ;
#4284 = ORIENTED_EDGE ( 'NONE', *, *, #4283, .T. ) ;
#4285 = EDGE_LOOP ( 'NONE', ( #4274, #4279, #4284 ) ) ;
#4286 = FACE_OUTER_BOUND ( 'NONE', #4285, .T. ) ;
#4288 = CARTESIAN_POINT ( 'NONE', ( 18.000000, 22.000000, 14.000000 ) ) ;
#4289 = DIRECTION ( 'NONE', ( 0.000000, 0.000000, 1.000000 ) ) ;
#4290 = DIRECTION ( 'NONE', ( 1.000000, 0.000000, 0.000000 ) ) ;
#4287 = AXIS2_PLACEMENT_3D ( 'NONE', #4288, #4289, #4290 ) ;
#4291 = PLANE ( 'NONE', #4287 ) ;
#4292 = ADVANCED_FACE ( 'NONE', ( #4286 ), #4291, .T. ) ;
#4293 = CARTESIAN_POINT ( 'NONE', ( 18.000000, 10.000000, 14.000000 ) ) ;
#4294 = VERTEX_POINT ( 'NONE', #4293 ) ;
#4295 = CARTESIAN_POINT ( 'NONE', ( 13.380602, 10.000000, 12.086583 ) ) ;
#4296 = VERTEX_POINT ( 'NONE', #4295 ) ;
#4297 = CARTESIAN_POINT ( 'NONE', ( 13.000000, 10.000000, 14.000000 ) ) ;
#4298 = VERTEX_POINT ( 'NONE', #4297 ) ;
#4301 = DIRECTION ( 'NONE', ( 1.000000, 0.000000, 0.000000 ) ) ;
#4300 = VECTOR ( 'NONE', #4301, 1.0 ) ;
#4299 = LINE ( 'NONE', #4293, #4300 ) ;
#4302 = EDGE_CURVE ( 'NONE', #4294, #4296, #4299, .T. ) ;
#4303 = ORIENTED_EDGE ( 'NONE', *, *, #4302, .T. ) ;
#4306 = DIRECTION ( 'NONE', ( 1.000000, 0.000000, 0.000000 ) ) ;
#4305 = VECTOR ( 'NONE', #4306, 1.0 ) ;
#4304 = LINE ( 'NONE', #4295, #4305 ) ;
#4307 = EDGE_CURVE ( 'NONE', #4296, #4298, #4304, .T. ) ;
#4308 = ORIENTED_EDGE ( 'NONE', *, *, #4307, .T. ) ;
#4311 = DIRECTION ( 'NONE', ( 1.000000, 0.000000, 0.000000 ) ) ;
#4310 = VECTOR ( 'NONE', #4311, 1.0 ) ;
#4309 = LINE ( 'NONE', #4297, #4310 ) ;
#4312 = EDGE_CURVE ( 'NONE', #4298, #4294, #4309, .T. ) ;
#4313 = ORIENTED_EDGE ( 'NONE', *, *, #4312, .T. ) ;
#4314 = EDGE_LOOP ( 'NONE', ( #4303, #4308, #4313 ) ) ;
#4315 = FACE_OUTER_BOUND ( 'NONE', #4314, .T. ) ;
#4317 = CARTESIAN_POINT ( 'NONE', ( 18.000000, 10.000000, 14.000000 ) ) ;
#4318 = DIRECTION ( 'NONE', ( 0.000000, 0.000000, 1.000000 ) ) ;
#4319 = DIRECTION ( 'NONE', ( 1.000000, 0.000000, 0.000000 ) ) ;
#4316 = AXIS2_PLACEMENT_3D ( 'NONE', #4317, #4318, #4319 ) ;
#4320 = PLANE ( 'NONE', #4316 ) ;
#4321 = ADVANCED_FACE ( 'NONE', ( #4315 ), #4320, .T. ) ;
#4322 = CARTESIAN_POINT ( 'NONE', ( 18.000000, 22.000000, 14.000000 ) ) ;
#4323 = VERTEX_POINT ( 'NONE', #4322 ) ;
#4324 = CARTESIAN_POINT ( 'NONE', ( 13.000000, 22.000000, 14.000000 ) ) ;
#4325 = VERTEX_POINT ( 'NONE', #4324 ) ;
#4326 = CARTESIAN_POINT ( 'NONE', ( 13.380602, 22.000000, 12.086583 ) ) ;
#4327 = VERTEX_POINT ( 'NONE', #4326 ) ;
#4330 = DIRECTION ( 'NONE', ( 1.000000, 0.000000, 0.000000 ) ) ;
#4329 = VECTOR ( 'NONE', #4330, 1.0 ) ;
#4328 = LINE ( 'NONE', #4322, #4329 ) ;
#4331 = EDGE_CURVE ( 'NONE', #4323, #4325, #4328, .T. ) ;
#4332 = ORIENTED_EDGE ( 'NONE', *, *, #4331, .T. ) ;
#4335 = DIRECTION ( 'NONE', ( 1.000000, 0.000000, 0.000000 ) ) ;
#4334 = VECTOR ( 'NONE', #4335, 1.0 ) ;
#4333 = LINE ( 'NONE', #4324, #4334 ) ;
#4336 = EDGE_CURVE ( 'NONE', #4325, #4327, #4333, .T. ) ;
#4337 = ORIENTED_EDGE ( 'NONE', *, *, #4336, .T. ) ;
#4340 = DIRECTION ( 'NONE', ( 1.000000, 0.000000, 0.000000 ) ) ;
#4339 = VECTOR ( 'NONE', #4340, 1.0 ) ;
#4338 = LINE ( 'NONE', #4326, #4339 ) ;
#4341 = EDGE_CURVE ( 'NONE', #4327, #4323, #4338, .T. ) ;
#4342 = ORIENTED_EDGE ( 'NONE', *, *, #4341, .T. ) ;
#4343 = EDGE_LOOP ( 'NONE', ( #4332, #4337, #4342 ) ) ;
#4344 = FACE_OUTER_BOUND ( 'NONE', #4343, .T. ) ;
#4346 = CARTESIAN_POINT ( 'NONE', ( 18.000000, 22.000000, 14.000000 ) ) ;
#4347 = DIRECTION ( 'NONE', ( 0.000000, 0.000000, 1.000000 ) ) ;
#4348 = DIRECTION ( 'NONE', ( 1.000000, 0.000000, 0.000000 ) ) ;
#4345 = AXIS2_PLACEMENT_3D ( 'NONE', #4346, #4347, #4348 ) ;
#4349 = PLANE ( 'NONE', #4345 ) ;
#4350 = ADVANCED_FACE ( 'NONE', ( #4344 ), #4349, .T. ) ;
#4351 = CARTESIAN_POINT ( 'NONE', ( 18.000000, 10.000000, 14.000000 ) ) ;
#4352 = VERTEX_POINT ( 'NONE', #4351 ) ;
#4353 = CARTESIAN_POINT ( 'NONE', ( 14.464466, 10.000000, 10.464466 ) ) ;
#4354 = VERTEX_POINT ( 'NONE', #4353 ) ;
#4355 = CARTESIAN_POINT ( 'NONE', ( 13.380602, 10.000000, 12.086583 ) ) ;
#4356 = VERTEX_POINT ( 'NONE', #4355 ) ;
#4359 = DIRECTION ( 'NONE', ( 1.000000, 0.000000, 0.000000 ) ) ;
#4358 = VECTOR ( 'NONE', #4359, 1.0 ) ;
#4357 = LINE ( 'NONE', #4351, #4358 ) ;
#4360 = EDGE_CURVE ( 'NONE', #4352, #4354, #4357, .T. ) ;
#4361 = ORIENTED_EDGE ( 'NONE', *, *, #4360, .T. ) ;
#4364 = DIRECTION ( 'NONE', ( 1.000000, 0.000000, 0.000000 ) ) ;
#4363 = VECTOR ( 'NONE', #4364, 1.0 ) ;
#4362 = LINE ( 'NONE', #4353, #4363 ) ;
#4365 = EDGE_CURVE ( 'NONE', #4354, #4356, #4362, .T. ) ;
#4366 = ORIENTED_EDGE ( 'NONE', *, *, #4365, .T. ) ;
#4369 = DIRECTION ( 'NONE', ( 1.000000, 0.000000, 0.000000 ) ) ;
#4368 = VECTOR ( 'NONE', #4369, 1.0 ) ;
#4367 = LINE ( 'NONE', #4355, #4368 ) ;
#4370 = EDGE_CURVE ( 'NONE', #4356, #4352, #4367, .T. ) ;
#4371 = ORIENTED_EDGE ( 'NONE', *, *, #4370, .T. ) ;
#4372 = EDGE_LOOP ( 'NONE', ( #4361, #4366, #4371 ) ) ;
#4373 = FACE_OUTER_BOUND ( 'NONE', #4372, .T. ) ;
#4375 = CARTESIAN_POINT ( 'NONE', ( 18.000000, 10.000000, 14.000000 ) ) ;
#4376 = DIRECTION ( 'NONE', ( 0.000000, 0.000000, 1.000000 ) ) ;
#4377 = DIRECTION ( 'NONE', ( 1.000000, 0.000000, 0.000000 ) ) ;
#4374 = AXIS2_PLACEMENT_3D ( 'NONE', #4375, #4376, #4377 ) ;
#4378 = PLANE ( 'NONE', #4374 ) ;
#4379 = ADVANCED_FACE ( 'NONE', ( #4373 ), #4378, .T. ) ;
#4380 = CARTESIAN_POINT ( 'NONE', ( 18.000000, 22.000000, 14.000000 ) ) ;
#4381 = VERTEX_POINT ( 'NONE', #4380 ) ;
#4382 = CARTESIAN_POINT ( 'NONE', ( 13.380602, 22.000000, 12.086583 ) ) ;
#4383 = VERTEX_POINT ( 'NONE', #4382 ) ;
#4384 = CARTESIAN_POINT ( 'NONE', ( 14.464466, 22.000000, 10.464466 ) ) ;
#4385 = VERTEX_POINT ( 'NONE', #4384 ) ;
#4388 = DIRECTION ( 'NONE', ( 1.000000, 0.000000, 0.000000 ) ) ;
#4387 = VECTOR ( 'NONE', #4388, 1.0 ) ;
#4386 = LINE ( 'NONE', #4380, #4387 ) ;
#4389 = EDGE_CURVE ( 'NONE', #4381, #4383, #4386, .T. ) ;
#4390 = ORIENTED_EDGE ( 'NONE', *, *, #4389, .T. ) ;
#4393 = DIRECTION ( 'NONE', ( 1.000000, 0.000000, 0.000000 ) ) ;
#4392 = VECTOR ( 'NONE', #4393, 1.0 ) ;
#4391 = LINE ( 'NONE', #4382, #4392 ) ;
#4394 = EDGE_CURVE ( 'NONE', #4383, #4385, #4391, .T. ) ;
#4395 = ORIENTED_EDGE ( 'NONE', *, *, #4394, .T. ) ;
#4398 = DIRECTION ( 'NONE', ( 1.000000, 0.000000, 0.000000 ) ) ;
#4397 = VECTOR ( 'NONE', #4398, 1.0 ) ;
#4396 = LINE ( 'NONE', #4384, #4397 ) ;
#4399 = EDGE_CURVE ( 'NONE', #4385, #4381, #4396, .T. ) ;
#4400 = ORIENTED_EDGE ( 'NONE', *, *, #4399, .T. ) ;
#4401 = EDGE_LOOP ( 'NONE', ( #4390, #4395, #4400 ) ) ;
#4402 = FACE_OUTER_BOUND ( 'NONE', #4401, .T. ) ;
#4404 = CARTESIAN_POINT ( 'NONE', ( 18.000000, 22.000000, 14.000000 ) ) ;
#4405 = DIRECTION ( 'NONE', ( 0.000000, 0.000000, 1.000000 ) ) ;
#4406 = DIRECTION ( 'NONE', ( 1.000000, 0.000000, 0.000000 ) ) ;
#4403 = AXIS2_PLACEMENT_3D ( 'NONE', #4404, #4405, #4406 ) ;
#4407 = PLANE ( 'NONE', #4403 ) ;
#4408 = ADVANCED_FACE ( 'NONE', ( #4402 ), #4407, .T. ) ;
#4409 = CARTESIAN_POINT ( 'NONE', ( 18.000000, 10.000000, 14.000000 ) ) ;
#4410 = VERTEX_POINT ( 'NONE', #4409 ) ;
#4411 = CARTESIAN_POINT ( 'NONE', ( 16.086583, 10.000000, 9.380602 ) ) ;
#4412 = VERTEX_POINT ( 'NONE', #4411 ) ;
#4413 = CARTESIAN_POINT ( 'NONE', ( 14.464466, 10.000000, 10.464466 ) ) ;
#4414 = VERTEX_POINT ( 'NONE', #4413 ) ;
#4417 = DIRECTION ( 'NONE', ( 1.000000, 0.000000, 0.000000 ) ) ;
#4416 = VECTOR ( 'NONE', #4417, 1.0 ) ;
#4415 = LINE ( 'NONE', #4409, #4416 ) ;
#4418 = EDGE_CURVE ( 'NONE', #4410, #4412, #4415, .T. ) ;
#4419 = ORIENTED_EDGE ( 'NONE', *, *, #4418, .T. ) ;
#4422 = DIRECTION ( 'NONE', ( 1.000000, 0.000000, 0.000000 ) ) ;
#4421 = VECTOR ( 'NONE', #4422, 1.0 ) ;
#4420 = LINE ( 'NONE', #4411, #4421 ) ;
#4423 = EDGE_CURVE ( 'NONE', #4412, #4414, #4420, .T. ) ;
#4424 = ORIENTED_EDGE ( 'NONE', *, *, #4423, .T. ) ;
#4427 = DIRECTION ( 'NONE', ( 1.000000, 0.000000, 0.000000 ) ) ;
#4426 = VECTOR ( 'NONE', #4427, 1.0 ) ;
#4425 = LINE ( 'NONE', #4413, #4426 ) ;
#4428 = EDGE_CURVE ( 'NONE', #4414, #4410, #4425, .T. ) ;
#4429 = ORIENTED_EDGE ( 'NONE', *, *, #4428, .T. ) ;
#4430 = EDGE_LOOP ( 'NONE', ( #4419, #4424, #4429 ) ) ;
#4431 = FACE_OUTER_BOUND ( 'NONE', #4430, .T. ) ;
#4433 = CARTESIAN_POINT ( 'NONE', ( 18.000000, 10.000000, 14.000000 ) ) ;
#4434 = DIRECTION ( 'NONE', ( 0.000000, 0.000000, 1.000000 ) ) ;
#4435 = DIRECTION ( 'NONE', ( 1.000000, 0.000000, 0.000000 ) ) ;
#4432 = AXIS2_PLACEMENT_3D ( 'NONE', #4433, #4434, #4435 ) ;
#4436 = PLANE ( 'NONE', #4432 ) ;
#4437 = ADVANCED_FACE ( 'NONE', ( #4431 ), #4436, .T. ) ;
#4438 = CARTESIAN_POINT ( 'NONE', ( 18.000000, 22.000000, 14.000000 ) ) ;
#4439 = VERTEX_POINT ( 'NONE', #4438 ) ;
#4440 = CARTESIAN_POINT ( 'NONE', ( 14.464466, 22.000000, 10.464466 ) ) ;
#4441 = VERTEX_POINT ( 'NONE', #4440 ) ;
#4442 = CARTESIAN_POINT ( 'NONE', ( 16.086583, 22.000000, 9.380602 ) ) ;
#4443 = VERTEX_POINT ( 'NONE', #4442 ) ;
#4446 = DIRECTION ( 'NONE', ( 1.000000, 0.000000, 0.000000 ) ) ;
#4445 = VECTOR ( 'NONE', #4446, 1.0 ) ;
#4444 = LINE ( 'NONE', #4438, #4445 ) ;
#4447 = EDGE_CURVE ( 'NONE', #4439, #4441, #4444, .T. ) ;
#4448 = ORIENTED_EDGE ( 'NONE', *, *, #4447, .T. ) ;
#4451 = DIRECTION ( 'NONE', ( 1.000000, 0.000000, 0.000000 ) ) ;
#4450 = VECTOR ( 'NONE', #4451, 1.0 ) ;
#4449 = LINE ( 'NONE', #4440, #4450 ) ;
#4452 = EDGE_CURVE ( 'NONE', #4441, #4443, #4449, .T. ) ;
#4453 = ORIENTED_EDGE ( 'NONE', *, *, #4452, .T. ) ;
#4456 = DIRECTION ( 'NONE', ( 1.000000, 0.000000, 0.000000 ) ) ;
#4455 = VECTOR ( 'NONE', #4456, 1.0 ) ;
#4454 = LINE ( 'NONE', #4442, #4455 ) ;
#4457 = EDGE_CURVE ( 'NONE', #4443, #4439, #4454, .T. ) ;
#4458 = ORIENTED_EDGE ( 'NONE', *, *, #4457, .T. ) ;
#4459 = EDGE_LOOP ( 'NONE', ( #4448, #4453, #4458 ) ) ;
#4460 = FACE_OUTER_BOUND ( 'NONE', #4459, .T. ) ;
#4462 = CARTESIAN_POINT ( 'NONE', ( 18.000000, 22.000000, 14.000000 ) ) ;
#4463 = DIRECTION ( 'NONE', ( 0.000000, 0.000000, 1.000000 ) ) ;
#4464 = DIRECTION ( 'NONE', ( 1.000000, 0.000000, 0.000000 ) ) ;
#4461 = AXIS2_PLACEMENT_3D ( 'NONE', #4462, #4463, #4464 ) ;
#4465 = PLANE ( 'NONE', #4461 ) ;
#4466 = ADVANCED_FACE ( 'NONE', ( #4460 ), #4465, .T. ) ;
#4467 = CARTESIAN_POINT ( 'NONE', ( 18.000000, 10.000000, 14.000000 ) ) ;
#4468 = VERTEX_POINT ( 'NONE', #4467 ) ;
#4469 = CARTESIAN_POINT ( 'NONE', ( 18.000000, 10.000000, 9.000000 ) ) ;
#4470 = VERTEX_POINT ( 'NONE', #4469 ) ;
#4471 = CARTESIAN_POINT ( 'NONE', ( 16.086583, 10.000000, 9.380602 ) ) ;
#4472 = VERTEX_POINT ( 'NONE', #4471 ) ;
#4475 = DIRECTION ( 'NONE', ( 1.000000, 0.000000, 0.000000 ) ) ;
#4474 = VECTOR ( 'NONE', #4475, 1.0 ) ;
#4473 = LINE ( 'NONE', #4467, #4474 ) ;
#4476 = EDGE_CURVE ( 'NONE', #4468, #4470, #4473, .T. ) ;
#4477 = ORIENTED_EDGE ( 'NONE', *, *, #4476, .T. ) ;
#4480 = DIRECTION ( 'NONE', ( 1.000000, 0.000000, 0.000000 ) ) ;
#4479 = VECTOR ( 'NONE', #4480, 1.0 ) ;
#4478 = LINE ( 'NONE', #4469, #4479 ) ;
#4481 = EDGE_CURVE ( 'NONE', #4470, #4472, #4478, .T. ) ;
#4482 = ORIENTED_EDGE ( 'NONE', *, *, #4481, .T. ) ;
#4485 = DIRECTION ( 'NONE', ( 1.000000, 0.000000, 0.000000 ) ) ;
#4484 = VECTOR ( 'NONE', #4485, 1.0 ) ;
#4483 = LINE ( 'NONE', #4471, #4484 ) ;
#4486 = EDGE_CURVE ( 'NONE', #4472, #4468, #4483, .T. ) ;
#4487 = ORIENTED_EDGE ( 'NONE', *, *, #4486, .T. ) ;
#4488 = EDGE_LOOP ( 'NONE', ( #4477, #4482, #4487 ) ) ;
#4489 = FACE_OUTER_BOUND ( 'NONE', #4488, .T. ) ;
#4491 = CARTESIAN_POINT ( 'NONE', ( 18.000000, 10.000000, 14.000000 ) ) ;
#4492 = DIRECTION ( 'NONE', ( 0.000000, 0.000000, 1.000000 ) ) ;
#4493 = DIRECTION ( 'NONE', ( 1.000000, 0.000000, 0.000000 ) ) ;
#4490 = AXIS2_PLACEMENT_3D ( 'NONE', #4491, #4492, #4493 ) ;
#4494 = PLANE ( 'NONE', #4490 ) ;
#4495 = ADVANCED_FACE ( 'NONE', ( #4489 ), #4494, .T. ) ;
#4496 = CARTESIAN_POINT ( 'NONE', ( 18.000000, 22.000000, 14.000000 ) ) ;
#4497 = VERTEX_POINT ( 'NONE', #4496 ) ;
#4498 = CARTESIAN_POINT ( 'NONE', ( 16.086583, 22.000000, 9.380602 ) ) ;
#4499 = VERTEX_POINT ( 'NONE', #4498 ) ;
#4500 = CARTESIAN_POINT ( 'NONE', ( 18.000000, 22.000000, 9.000000 ) ) ;
#4501 = VERTEX_POINT ( 'NONE', #4500 ) ;
#4504 = DIRECTION ( 'NONE', ( 1.000000, 0.000000, 0.000000 ) ) ;
#4503 = VECTOR ( 'NONE', #4504, 1.0 ) ;
#4502 = LINE ( 'NONE', #4496, #4503 ) ;
#4505 = EDGE_CURVE ( 'NONE', #4497, #4499, #4502, .T. ) ;
#4506 = ORIENTED_EDGE ( 'NONE', *, *, #4505, .T. ) ;
#4509 = DIRECTION ( 'NONE', ( 1.000000, 0.000000, 0.000000 ) ) ;
#4508 = VECTOR ( 'NONE', #4509, 1.0 ) ;
#4507 = LINE ( 'NONE', #4498, #4508 ) ;
#4510 = EDGE_CURVE ( 'NONE', #4499, #4501, #4507, .T. ) ;
#4511 = ORIENTED_EDGE ( 'NONE', *, *, #4510, .T. ) ;
#4514 = DIRECTION ( 'NONE', ( 1.000000, 0.000000, 0.000000 ) ) ;
#4513 = VECTOR ( 'NONE', #4514, 1.0 ) ;
#4512 = LINE ( 'NONE', #4500, #4513 ) ;
#4515 = EDGE_CURVE ( 'NONE', #4501, #4497, #4512, .T. ) ;
#4516 = ORIENTED_EDGE ( 'NONE', *, *, #4515, .T. ) ;
#4517 = EDGE_LOOP ( 'NONE', ( #4506, #4511, #4516 ) ) ;
#4518 = FACE_OUTER_BOUND ( 'NONE', #4517, .T. ) ;
#4520 = CARTESIAN_POINT ( 'NONE', ( 18.000000, 22.000000, 14.000000 ) ) ;
#4521 = DIRECTION ( 'NONE', ( 0.000000, 0.000000, 1.000000 ) ) ;
#4522 = DIRECTION ( 'NONE', ( 1.000000, 0.000000, 0.000000 ) ) ;
#4519 = AXIS2_PLACEMENT_3D ( 'NONE', #4520, #4521, #4522 ) ;
#4523 = PLANE ( 'NONE', #4519 ) ;
#4524 = ADVANCED_FACE ( 'NONE', ( #4518 ), #4523, .T. ) ;
#4525 = CARTESIAN_POINT ( 'NONE', ( 18.000000, 10.000000, 14.000000 ) ) ;
#4526 = VERTEX_POINT ( 'NONE', #4525 ) ;
#4527 = CARTESIAN_POINT ( 'NONE', ( 19.913417, 10.000000, 9.380602 ) ) ;
#4528 = VERTEX_POINT ( 'NONE', #4527 ) ;
#4529 = CARTESIAN_POINT ( 'NONE', ( 18.000000, 10.000000, 9.000000 ) ) ;
#4530 = VERTEX_POINT ( 'NONE', #4529 ) ;
#4533 = DIRECTION ( 'NONE', ( 1.000000, 0.000000, 0.000000 ) ) ;
#4532 = VECTOR ( 'NONE', #4533, 1.0 ) ;
#4531 = LINE ( 'NONE', #4525, #4532 ) ;
#4534 = EDGE_CURVE ( 'NONE', #4526, #4528, #4531, .T. ) ;
#4535 = ORIENTED_EDGE ( 'NONE', *, *, #4534, .T. ) ;
#4538 = DIRECTION ( 'NONE', ( 1.000000, 0.000000, 0.000000 ) ) ;
#4537 = VECTOR ( 'NONE', #4538, 1.0 ) ;
#4536 = LINE ( 'NONE', #4527, #4537 ) ;
#4539 = EDGE_CURVE ( 'NONE', #4528, #4530, #4536, .T. ) ;
#4540 = ORIENTED_EDGE ( 'NONE', *, *, #4539, .T. ) ;
#4543 = DIRECTION ( 'NONE', ( 1.000000, 0.000000, 0.000000 ) ) ;
#4542 = VECTOR ( 'NONE', #4543, 1.0 ) ;
#4541 = LINE ( 'NONE', #4529, #4542 ) ;
#4544 = EDGE_CURVE ( 'NONE', #4530, #4526, #4541, .T. ) ;
#4545 = ORIENTED_EDGE ( 'NONE', *, *, #4544, .T. ) ;
#4546 = EDGE_LOOP ( 'NONE', ( #4535, #4540, #4545 ) ) ;
#4547 = FACE_OUTER_BOUND ( 'NONE', #4546, .T. ) ;
#4549 = CARTESIAN_POINT ( 'NONE', ( 18.000000, 10.000000, 14.000000 ) ) ;
#4550 = DIRECTION ( 'NONE', ( 0.000000, 0.000000, 1.000000 ) ) ;
#4551 = DIRECTION ( 'NONE', ( 1.000000, 0.000000, 0.000000 ) ) ;
#4548 = AXIS2_PLACEMENT_3D ( 'NONE', #4549, #4550, #4551 ) ;
#4552 = PLANE ( 'NONE', #4548 ) ;
#4553 = ADVANCED_FACE ( 'NONE', ( #4547 ), #4552, .T. ) ;
#4554 = CARTESIAN_POINT ( 'NONE', ( 18.000000, 22.000000, 14.000000 ) ) ;
#4555 = VERTEX_POINT ( 'NONE', #4554 ) ;
#4556 = CARTESIAN_POINT ( 'NONE', ( 18.000000, 22.000000, 9.000000 ) ) ;
#4557 = VERTEX_POINT ( 'NONE', #4556 ) ;
#4558 = CARTESIAN_POINT ( 'NONE', ( 19.913417, 22.000000, 9.380602 ) ) ;
#4559 = VERTEX_POINT ( 'NONE', #4558 ) ;
#4562 = DIRECTION ( 'NONE', ( 1.000000, 0.000000, 0.000000 ) ) ;
#4561 = VECTOR ( 'NONE', #4562, 1.0 ) ;
#4560 = LINE ( 'NONE', #4554, #4561 ) ;
#4563 = EDGE_CURVE ( 'NONE', #4555, #4557, #4560, .T. ) ;
#4564 = ORIENTED_EDGE ( 'NONE', *, *, #4563, .T. ) ;
#4567 = DIRECTION ( 'NONE', ( 1.000000, 0.000000, 0.000000 ) ) ;
#4566 = VECTOR ( 'NONE', #4567, 1.0 ) ;
#4565 = LINE ( 'NONE', #4556, #4566 ) ;
#4568 = EDGE_CURVE ( 'NONE', #4557, #4559, #4565, .T. ) ;
#4569 = ORIENTED_EDGE ( 'NONE', *, *, #4568, .T. ) ;
#4572 = DIRECTION ( 'NONE', ( 1.000000, 0.000000, 0.000000 ) ) ;
#4571 = VECTOR ( 'NONE', #4572, 1.0 ) ;
#4570 = LINE ( 'NONE', #4558, #4571 ) ;
#4573 = EDGE_CURVE ( 'NONE', #4559, #4555, #4570, .T. ) ;
#4574 = ORIENTED_EDGE ( 'NONE', *, *, #4573, .T. ) ;
#4575 = EDGE_LOOP ( 'NONE', ( #4564, #4569, #4574 ) ) ;
#4576 = FACE_OUTER_BOUND ( 'NONE', #4575, .T. ) ;
#4578 = CARTESIAN_POINT ( 'NONE', ( 18.000000, 22.000000, 14.000000 ) ) ;
#4579 = DIRECTION ( 'NONE', ( 0.000000, 0.000000, 1.000000 ) ) ;
#4580 = DIRECTION ( 'NONE', ( 1.000000, 0.000000, 0.000000 ) ) ;
#4577 = AXIS2_PLACEMENT_3D ( 'NONE', #4578, #4579, #4580 ) ;
#4581 = PLANE ( 'NONE', #4577 ) ;
#4582 = ADVANCED_FACE ( 'NONE', ( #4576 ), #4581, .T. ) ;
#4583 = CARTESIAN_POINT ( 'NONE', ( 18.000000, 10.000000, 14.000000 ) ) ;
#4584 = VERTEX_POINT ( 'NONE', #4583 ) ;
#4585 = CARTESIAN_POINT ( 'NONE', ( 21.535534, 10.000000, 10.464466 ) ) ;
#4586 = VERTEX_POINT ( 'NONE', #4585 ) ;
#4587 = CARTESIAN_POINT ( 'NONE', ( 19.913417, 10.000000, 9.380602 ) ) ;
#4588 = VERTEX_POINT ( 'NONE', #4587 ) ;
#4591 = DIRECTION ( 'NONE', ( 1.000000, 0.000000, 0.000000 ) ) ;
#4590 = VECTOR ( 'NONE', #4591, 1.0 ) ;
#4589 = LINE ( 'NONE', #4583, #4590 ) ;
#4592 = EDGE_CURVE ( 'NONE', #4584, #4586, #4589, .T. ) ;
#4593 = ORIENTED_EDGE ( 'NONE', *, *, #4592, .T. ) ;
#4596 = DIRECTION ( 'NONE', ( 1.000000, 0.000000, 0.000000 ) ) ;
#4595 = VECTOR ( 'NONE', #4596, 1.0 ) ;
#4594 = LINE ( 'NONE', #4585, #4595 ) ;
#4597 = EDGE_CURVE ( 'NONE', #4586, #4588, #4594, .T. ) ;
#4598 = ORIENTED_EDGE ( 'NONE', *, *, #4597, .T. ) ;
#4601 = DIRECTION ( 'NONE', ( 1.000000, 0.000000, 0.000000 ) ) ;
#4600 = VECTOR ( 'NONE', #4601, 1.0 ) ;
#4599 = LINE ( 'NONE', #4587, #4600 ) ;
#4602 = EDGE_CURVE ( 'NONE', #4588, #4584, #4599, .T. ) ;
#4603 = ORIENTED_EDGE ( 'NONE', *, *, #4602, .T. ) ;
#4604 = EDGE_LOOP ( 'NONE', ( #4593, #4598, #4603 ) ) ;
#4605 = FACE_OUTER_BOUND ( 'NONE', #4604, .T. ) ;
#4607 = CARTESIAN_POINT ( 'NONE', ( 18.000000, 10.000000, 14.000000 ) ) ;
#4608 = DIRECTION ( 'NONE', ( 0.000000, 0.000000, 1.000000 ) ) ;
#4609 = DIRECTION ( 'NONE', ( 1.000000, 0.000000, 0.000000 ) ) ;
#4606 = AXIS2_PLACEMENT_3D ( 'NONE', #4607, #4608, #4609 ) ;
#4610 = PLANE ( 'NONE', #4606 ) ;
#4611 = ADVANCED_FACE ( 'NONE', ( #4605 ), #4610, .T. ) ;
#4612 = CARTESIAN_POINT ( 'NONE', ( 18.000000, 22.000000, 14.000000 ) ) ;
#4613 = VERTEX_POINT ( 'NONE', #4612 ) ;
#4614 = CARTESIAN_POINT ( 'NONE', ( 19.913417, 22.000000, 9.380602 ) ) ;
#4615 = VERTEX_POINT ( 'NONE', #4614 ) ;
#4616 = CARTESIAN_POINT ( 'NONE', ( 21.535534, 22.000000, 10.464466 ) ) ;
#4617 = VERTEX_POINT ( 'NONE', #4616 ) ;
#4620 = DIRECTION ( 'NONE', ( 1.000000, 0.000000, 0.000000 ) ) ;
#4619 = VECTOR ( 'NONE', #4620, 1.0 ) ;
#4618 = LINE ( 'NONE', #4612, #4619 ) ;
#4621 = EDGE_CURVE ( 'NONE', #4613, #4615, #4618, .T. ) ;
#4622 = ORIENTED_EDGE ( 'NONE', *, *, #4621, .T. ) ;
#4625 = DIRECTION ( 'NONE', ( 1.000000, 0.000000, 0.000000 ) ) ;
#4624 = VECTOR ( 'NONE', #4625, 1.0 ) ;
#4623 = LINE ( 'NONE', #4614, #4624 ) ;
#4626 = EDGE_CURVE ( 'NONE', #4615, #4617, #4623, .T. ) ;
#4627 = ORIENTED_EDGE ( 'NONE', *, *, #4626, .T. ) ;
#4630 = DIRECTION ( 'NONE', ( 1.000000, 0.000000, 0.000000 ) ) ;
#4629 = VECTOR ( 'NONE', #4630, 1.0 ) ;
#4628 = LINE ( 'NONE', #4616, #4629 ) ;
#4631 = EDGE_CURVE ( 'NONE', #4617, #4613, #4628, .T. ) ;
#4632 = ORIENTED_EDGE ( 'NONE', *, *, #4631, .T. ) ;
#4633 = EDGE_LOOP ( 'NONE', ( #4622, #4627, #4632 ) ) ;
#4634 = FACE_OUTER_BOUND ( 'NONE', #4633, .T. ) ;
#4636 = CARTESIAN_POINT ( 'NONE', ( 18.000000, 22.000000, 14.000000 ) ) ;
#4637 = DIRECTION ( 'NONE', ( 0.000000, 0.000000, 1.000000 ) ) ;
#4638 = DIRECTION ( 'NONE', ( 1.000000, 0.000000, 0.000000 ) ) ;
#4635 = AXIS2_PLACEMENT_3D ( 'NONE', #4636, #4637, #4638 ) ;
#4639 = PLANE ( 'NONE', #4635 ) ;
#4640 = ADVANCED_FACE ( 'NONE', ( #4634 ), #4639, .T. ) ;
#4641 = CARTESIAN_POINT ( 'NONE', ( 18.000000, 10.000000, 14.000000 ) ) ;
#4642 = VERTEX_POINT ( 'NONE', #4641 ) ;
#4643 = CARTESIAN_POINT ( 'NONE', ( 22.619398, 10.000000, 12.086583 ) ) ;
#4644 = VERTEX_POINT ( 'NONE', #4643 ) ;
#4645 = CARTESIAN_POINT ( 'NONE', ( 21.535534, 10.000000, 10.464466 ) ) ;
#4646 = VERTEX_POINT ( 'NONE', #4645 ) ;
#4649 = DIRECTION ( 'NONE', ( 1.000000, 0.000000, 0.000000 ) ) ;
#4648 = VECTOR ( 'NONE', #4649, 1.0 ) ;
#4647 = LINE ( 'NONE', #4641, #4648 ) ;
#4650 = EDGE_CURVE ( 'NONE', #4642, #4644, #4647, .T. ) ;
#4651 = ORIENTED_EDGE ( 'NONE', *, *, #4650, .T. ) ;
#4654 = DIRECTION ( 'NONE', ( 1.000000, 0.000000, 0.000000 ) ) ;
#4653 = VECTOR ( 'NONE', #4654, 1.0 ) ;
#4652 = LINE ( 'NONE', #4643, #4653 ) ;
#4655 = EDGE_CURVE ( 'NONE', #4644, #4646, #4652, .T. ) ;
#4656 = ORIENTED_EDGE ( 'NONE', *, *, #4655, .T. ) ;
#4659 = DIRECTION ( 'NONE', ( 1.000000, 0.000000, 0.000000 ) ) ;
#4658 = VECTOR ( 'NONE', #4659, 1.0 ) ;
#4657 = LINE ( 'NONE', #4645, #4658 ) ;
#4660 = EDGE_CURVE ( 'NONE', #4646, #4642, #4657, .T. ) ;
#4661 = ORIENTED_EDGE ( 'NONE', *, *, #4660, .T. ) ;
#4662 = EDGE_LOOP ( 'NONE', ( #4651, #4656, #4661 ) ) ;
#4663 = FACE_OUTER_BOUND ( 'NONE', #4662, .T. ) ;
#4665 = CARTESIAN_POINT ( 'NONE', ( 18.000000, 10.000000, 14.000000 ) ) ;
#4666 = DIRECTION ( 'NONE', ( 0.000000, 0.000000, 1.000000 ) ) ;
#4667 = DIRECTION ( 'NONE', ( 1.000000, 0.000000, 0.000000 ) ) ;
#4664 = AXIS2_PLACEMENT_3D ( 'NONE', #4665, #4666, #4667 ) ;
#4668 = PLANE ( 'NONE', #4664 ) ;
#4669 = ADVANCED_FACE ( 'NONE', ( #4663 ), #4668, .T. ) ;
#4670 = CARTESIAN_POINT ( 'NONE', ( 18.000000, 22.000000, 14.000000 ) ) ;
#4671 = VERTEX_POINT ( 'NONE', #4670 ) ;
#4672 = CARTESIAN_POINT ( 'NONE', ( 21.535534, 22.000000, 10.464466 ) ) ;
#4673 = VERTEX_POINT ( 'NONE', #4672 ) ;
#4674 = CARTESIAN_POINT ( 'NONE', ( 22.619398, 22.000000, 12.086583 ) ) ;
#4675 = VERTEX_POINT ( 'NONE', #4674 ) ;
#4678 = DIRECTION ( 'NONE', ( 1.000000, 0.000000, 0.000000 ) ) ;
#4677 = VECTOR ( 'NONE', #4678, 1.0 ) ;
#4676 = LINE ( 'NONE', #4670, #4677 ) ;
#4679 = EDGE_CURVE ( 'NONE', #4671, #4673, #4676, .T. ) ;
#4680 = ORIENTED_EDGE ( 'NONE', *, *, #4679, .T. ) ;
#4683 = DIRECTION ( 'NONE', ( 1.000000, 0.000000, 0.000000 ) ) ;
#4682 = VECTOR ( 'NONE', #4683, 1.0 ) ;
#4681 = LINE ( 'NONE', #4672, #4682 ) ;
#4684 = EDGE_CURVE ( 'NONE', #4673, #4675, #4681, .T. ) ;
#4685 = ORIENTED_EDGE ( 'NONE', *, *, #4684, .T. ) ;
#4688 = DIRECTION ( 'NONE', ( 1.000000, 0.000000, 0.000000 ) ) ;
#4687 = VECTOR ( 'NONE', #4688, 1.0 ) ;
#4686 = LINE ( 'NONE', #4674, #4687 ) ;
#4689 = EDGE_CURVE ( 'NONE', #4675, #4671, #4686, .T. ) ;
#4690 = ORIENTED_EDGE ( 'NONE', *, *, #4689, .T. ) ;
#4691 = EDGE_LOOP ( 'NONE', ( #4680, #4685, #4690 ) ) ;
#4692 = FACE_OUTER_BOUND ( 'NONE', #4691, .T. ) ;
#4694 = CARTESIAN_POINT ( 'NONE', ( 18.000000, 22.000000, 14.000000 ) ) ;
#4695 = DIRECTION ( 'NONE', ( 0.000000, 0.000000, 1.000000 ) ) ;
#4696 = DIRECTION ( 'NONE', ( 1.000000, 0.000000, 0.000000 ) ) ;
#4693 = AXIS2_PLACEMENT_3D ( 'NONE', #4694, #4695, #4696 ) ;
#4697 = PLANE ( 'NONE', #4693 ) ;
#4698 = ADVANCED_FACE ( 'NONE', ( #4692 ), #4697, .T. ) ;
#4699 = CARTESIAN_POINT ( 'NONE', ( 18.000000, 10.000000, 14.000000 ) ) ;
#4700 = VERTEX_POINT ( 'NONE', #4699 ) ;
#4701 = CARTESIAN_POINT ( 'NONE', ( 23.000000, 10.000000, 14.000000 ) ) ;
#4702 = VERTEX_POINT ( 'NONE', #4701 ) ;
#4703 = CARTESIAN_POINT ( 'NONE', ( 22.619398, 10.000000, 12.086583 ) ) ;
#4704 = VERTEX_POINT ( 'NONE', #4703 ) ;
#4707 = DIRECTION ( 'NONE', ( 1.000000, 0.000000, 0.000000 ) ) ;
#4706 = VECTOR ( 'NONE', #4707, 1.0 ) ;
#4705 = LINE ( 'NONE', #4699, #4706 ) ;
#4708 = EDGE_CURVE ( 'NONE', #4700, #4702, #4705, .T. ) ;
#4709 = ORIENTED_EDGE ( 'NONE', *, *, #4708, .T. ) ;
#4712 = DIRECTION ( 'NONE', ( 1.000000, 0.000000, 0.000000 ) ) ;
#4711 = VECTOR ( 'NONE', #4712, 1.0 ) ;
#4710 = LINE ( 'NONE', #4701, #4711 ) ;
#4713 = EDGE_CURVE ( 'NONE', #4702, #4704, #4710, .T. ) ;
#4714 = ORIENTED_EDGE ( 'NONE', *, *, #4713, .T. ) ;
#4717 = DIRECTION ( 'NONE', ( 1.000000, 0.000000, 0.000000 ) ) ;
#4716 = VECTOR ( 'NONE', #4717, 1.0 ) ;
#4715 = LINE ( 'NONE', #4703, #4716 ) ;
#4718 = EDGE_CURVE ( 'NONE', #4704, #4700, #4715, .T. ) ;
#4719 = ORIENTED_EDGE ( 'NONE', *, *, #4718, .T. ) ;
#4720 = EDGE_LOOP ( 'NONE', ( #4709, #4714, #4719 ) ) ;
#4721 = FACE_OUTER_BOUND ( 'NONE', #4720, .T. ) ;
#4723 = CARTESIAN_POINT ( 'NONE', ( 18.000000, 10.000000, 14.000000 ) ) ;
#4724 = DIRECTION ( 'NONE', ( 0.000000, 0.000000, 1.000000 ) ) ;
#4725 = DIRECTION ( 'NONE', ( 1.000000, 0.000000, 0.000000 ) ) ;
#4722 = AXIS2_PLACEMENT_3D ( 'NONE', #4723, #4724, #4725 ) ;
#4726 = PLANE ( 'NONE', #4722 ) ;
#4727 = ADVANCED_FACE ( 'NONE', ( #4721 ), #4726, .T. ) ;
#4728 = CARTESIAN_POINT ( 'NONE', ( 18.000000, 22.000000, 14.000000 ) ) ;
#4729 = VERTEX_POINT ( 'NONE', #4728 ) ;
#4730 = CARTESIAN_POINT ( 'NONE', ( 22.619398, 22.000000, 12.086583 ) ) ;
#4731 = VERTEX_POINT ( 'NONE', #4730 ) ;
#4732 = CARTESIAN_POINT ( 'NONE', ( 23.000000, 22.000000, 14.000000 ) ) ;
#4733 = VERTEX_POINT ( 'NONE', #4732 ) ;
#4736 = DIRECTION ( 'NONE', ( 1.000000, 0.000000, 0.000000 ) ) ;
#4735 = VECTOR ( 'NONE', #4736, 1.0 ) ;
#4734 = LINE ( 'NONE', #4728, #4735 ) ;
#4737 = EDGE_CURVE ( 'NONE', #4729, #4731, #4734, .T. ) ;
#4738 = ORIENTED_EDGE ( 'NONE', *, *, #4737, .T. ) ;
#4741 = DIRECTION ( 'NONE', ( 1.000000, 0.000000, 0.000000 ) ) ;
#4740 = VECTOR ( 'NONE', #4741, 1.0 ) ;
#4739 = LINE ( 'NONE', #4730, #4740 ) ;
#4742 = EDGE_CURVE ( 'NONE', #4731, #4733, #4739, .T. ) ;
#4743 = ORIENTED_EDGE ( 'NONE', *, *, #4742, .T. ) ;
#4746 = DIRECTION ( 'NONE', ( 1.000000, 0.000000, 0.000000 ) ) ;
#4745 = VECTOR ( 'NONE', #4746, 1.0 ) ;
#4744 = LINE ( 'NONE', #4732, #4745 ) ;
#4747 = EDGE_CURVE ( 'NONE', #4733, #4729, #4744, .T. ) ;
#4748 = ORIENTED_EDGE ( 'NONE', *, *, #4747, .T. ) ;
#4749 = EDGE_LOOP ( 'NONE', ( #4738, #4743, #4748 ) ) ;
#4750 = FACE_OUTER_BOUND ( 'NONE', #4749, .T. ) ;
#4752 = CARTESIAN_POINT ( 'NONE', ( 18.000000, 22.000000, 14.000000 ) ) ;
#4753 = DIRECTION ( 'NONE', ( 0.000000, 0.000000, 1.000000 ) ) ;
#4754 = DIRECTION ( 'NONE', ( 1.000000, 0.000000, 0.000000 ) ) ;
#4751 = AXIS2_PLACEMENT_3D ( 'NONE', #4752, #4753, #4754 ) ;
#4755 = PLANE ( 'NONE', #4751 ) ;
#4756 = ADVANCED_FACE ( 'NONE', ( #4750 ), #4755, .T. ) ;
#4757 = CLOSED_SHELL ( 'bracket', ( #29, #58, #87, #116, #145, #174, #203, #232, #261, #290, #319, #348, #377, #406, #435, #464, #493, #522, #551, #580, #609, #638, #667, #696, #725, #754, #783, #812, #841, #870, #899, #928, #957, #986, #1015, #1044, #1073, #1102, #1131, #1160, #1189, #1218, #1247, #1276, #1305, #1334, #1363, #1392, #1421, #1450, #1479, #1508, #1537, #1566, #1595, #1624, #1653, #1682, #1711, #1740, #1769, #1798, #1827, #1856, #1885, #1914, #1943, #1972, #2001, #2030, #2059, #2088, #2117, #2146, #2175, #2204, #2233, #2262, #2291, #2320, #2349, #2378, #2407, #2436, #2465, #2494, #2523, #2552, #2581, #2610, #2639, #2668, #2697, #2726, #2755, #2784, #2813, #2842, #2871, #2900, #2929, #2958, #2987, #3016, #3045, #3074, #3103, #3132, #3161, #3190, #3219, #3248, #3277, #3306, #3335, #3364, #3393, #3422, #3451, #3480, #3509, #3538, #3567, #3596, #3625, #3654, #3683, #3712, #3741, #3770, #3799, #3828, #3857, #3886, #3915, #3944, #3973, #4002, #4031, #4060, #4089, #4118, #4147, #4176, #4205, #4234, #4263, #4292, #4321, #4350, #4379, #4408, #4437, #4466, #4495, #4524, #4553, #4582, #4611, #4640, #4669, #4698, #4727, #4756 ) ) ;
#4758 = MANIFOLD_SOLID_BREP ( 'bracket', #4757 ) ;
ENDSEC;
END-ISO-10303-21;
