solid gear
  facet normal -0.313542 0.000000 0.949574
    outer loop
      vertex 26.0000 0.0000 0.0000
      vertex 33.8998 0.0000 2.6084
      vertex 33.8998 10.0000 2.6084
    endloop
  endfacet
  facet normal -0.313542 0.000000 0.949574
    outer loop
      vertex 26.0000 0.0000 0.0000
      vertex 33.8998 10.0000 2.6084
      vertex 26.0000 10.0000 0.0000
    endloop
  endfacet
  facet normal -0.992115 0.000000 -0.125333
    outer loop
      vertex 33.8998 0.0000 2.6084
      vertex 33.4835 0.0000 5.9040
      vertex 33.4835 10.0000 5.9040
    endloop
  endfacet
  facet normal -0.992115 0.000000 -0.125333
    outer loop
      vertex 33.8998 0.0000 2.6084
      vertex 33.4835 10.0000 5.9040
      vertex 33.8998 10.0000 2.6084
    endloop
  endfacet
  facet normal -0.067542 0.000000 -0.997716
    outer loop
      vertex 33.4835 0.0000 5.9040
      vertex 25.1832 0.0000 6.4659
      vertex 25.1832 10.0000 6.4659
    endloop
  endfacet
  facet normal -0.067542 0.000000 -0.997716
    outer loop
      vertex 33.4835 0.0000 5.9040
      vertex 25.1832 10.0000 6.4659
      vertex 33.4835 10.0000 5.9040
    endloop
  endfacet
  facet normal -0.955278 0.000000 -0.295708
    outer loop
      vertex 25.1832 0.0000 6.4659
      vertex 24.4320 0.0000 8.8925
      vertex 24.4320 10.0000 8.8925
    endloop
  endfacet
  facet normal -0.955278 0.000000 -0.295708
    outer loop
      vertex 25.1832 0.0000 6.4659
      vertex 24.4320 10.0000 8.8925
      vertex 25.1832 10.0000 6.4659
    endloop
  endfacet
  facet normal -0.619406 0.000000 0.785071
    outer loop
      vertex 24.4320 0.0000 8.8925
      vertex 30.9632 0.0000 14.0456
      vertex 30.9632 10.0000 14.0456
    endloop
  endfacet
  facet normal -0.619406 0.000000 0.785071
    outer loop
      vertex 24.4320 0.0000 8.8925
      vertex 30.9632 10.0000 14.0456
      vertex 24.4320 10.0000 8.8925
    endloop
  endfacet
  facet normal -0.889416 0.000000 -0.457098
    outer loop
      vertex 30.9632 0.0000 14.0456
      vertex 29.4449 0.0000 17.0000
      vertex 29.4449 10.0000 17.0000
    endloop
  endfacet
  facet normal -0.889416 0.000000 -0.457098
    outer loop
      vertex 30.9632 0.0000 14.0456
      vertex 29.4449 10.0000 17.0000
      vertex 30.9632 10.0000 14.0456
    endloop
  endfacet
  facet normal 0.277771 0.000000 -0.960647
    outer loop
      vertex 29.4449 0.0000 17.0000
      vertex 21.4530 0.0000 14.6891
      vertex 21.4530 10.0000 14.6891
    endloop
  endfacet
  facet normal 0.277771 0.000000 -0.960647
    outer loop
      vertex 29.4449 0.0000 17.0000
      vertex 21.4530 10.0000 14.6891
      vertex 29.4449 10.0000 17.0000
    endloop
  endfacet
  facet normal -0.796530 0.000000 -0.604599
    outer loop
      vertex 21.4530 0.0000 14.6891
      vertex 19.9172 0.0000 16.7125
      vertex 19.9172 10.0000 16.7125
    endloop
  endfacet
  facet normal -0.796530 0.000000 -0.604599
    outer loop
      vertex 21.4530 0.0000 14.6891
      vertex 19.9172 10.0000 16.7125
      vertex 21.4530 10.0000 14.6891
    endloop
  endfacet
  facet normal -0.850562 0.000000 0.525876
    outer loop
      vertex 19.9172 0.0000 16.7125
      vertex 24.2921 0.0000 23.7886
      vertex 24.2921 10.0000 23.7886
    endloop
  endfacet
  facet normal -0.850562 0.000000 0.525876
    outer loop
      vertex 19.9172 0.0000 16.7125
      vertex 24.2921 10.0000 23.7886
      vertex 19.9172 10.0000 16.7125
    endloop
  endfacet
  facet normal -0.679441 0.000000 -0.733730
    outer loop
      vertex 24.2921 0.0000 23.7886
      vertex 21.8548 0.0000 26.0455
      vertex 21.8548 10.0000 26.0455
    endloop
  endfacet
  facet normal -0.679441 0.000000 -0.733730
    outer loop
      vertex 24.2921 0.0000 23.7886
      vertex 21.8548 10.0000 26.0455
      vertex 24.2921 10.0000 23.7886
    endloop
  endfacet
  facet normal 0.589580 0.000000 -0.807710
    outer loop
      vertex 21.8548 0.0000 26.0455
      vertex 15.1352 0.0000 21.1406
      vertex 15.1352 10.0000 21.1406
    endloop
  endfacet
  facet normal 0.589580 0.000000 -0.807710
    outer loop
      vertex 21.8548 0.0000 26.0455
      vertex 15.1352 10.0000 21.1406
      vertex 21.8548 10.0000 26.0455
    endloop
  endfacet
  facet normal -0.541708 0.000000 -0.840567
    outer loop
      vertex 15.1352 0.0000 21.1406
      vertex 13.0000 0.0000 22.5167
      vertex 13.0000 10.0000 22.5167
    endloop
  endfacet
  facet normal -0.541708 0.000000 -0.840567
    outer loop
      vertex 15.1352 0.0000 21.1406
      vertex 13.0000 10.0000 22.5167
      vertex 15.1352 10.0000 21.1406
    endloop
  endfacet
  facet normal -0.979126 0.000000 0.203252
    outer loop
      vertex 13.0000 0.0000 22.5167
      vertex 14.6909 0.0000 30.6623
      vertex 14.6909 10.0000 30.6623
    endloop
  endfacet
  facet normal -0.979126 0.000000 0.203252
    outer loop
      vertex 13.0000 0.0000 22.5167
      vertex 14.6909 10.0000 30.6623
      vertex 13.0000 10.0000 22.5167
    endloop
  endfacet
  facet normal -0.387516 0.000000 -0.921863
    outer loop
      vertex 14.6909 0.0000 30.6623
      vertex 11.6287 0.0000 31.9495
      vertex 11.6287 10.0000 31.9495
    endloop
  endfacet
  facet normal -0.387516 0.000000 -0.921863
    outer loop
      vertex 14.6909 0.0000 30.6623
      vertex 11.6287 10.0000 31.9495
      vertex 14.6909 10.0000 30.6623
    endloop
  endfacet
  facet normal 0.830277 0.000000 -0.557351
    outer loop
      vertex 11.6287 0.0000 31.9495
      vertex 6.9919 0.0000 25.0422
      vertex 6.9919 10.0000 25.0422
    endloop
  endfacet
  facet normal 0.830277 0.000000 -0.557351
    outer loop
      vertex 11.6287 0.0000 31.9495
      vertex 6.9919 10.0000 25.0422
      vertex 11.6287 10.0000 31.9495
    endloop
  endfacet
  facet normal -0.221548 0.000000 -0.975149
    outer loop
      vertex 6.9919 0.0000 25.0422
      vertex 4.5149 0.0000 25.6050
      vertex 4.5149 10.0000 25.6050
    endloop
  endfacet
  facet normal -0.221548 0.000000 -0.975149
    outer loop
      vertex 6.9919 0.0000 25.0422
      vertex 4.5149 10.0000 25.6050
      vertex 6.9919 10.0000 25.0422
    endloop
  endfacet
  facet normal -0.989594 0.000000 -0.143886
    outer loop
      vertex 4.5149 0.0000 25.6050
      vertex 3.3178 0.0000 33.8377
      vertex 3.3178 10.0000 33.8377
    endloop
  endfacet
  facet normal -0.989594 0.000000 -0.143886
    outer loop
      vertex 4.5149 0.0000 25.6050
      vertex 3.3178 10.0000 33.8377
      vertex 4.5149 10.0000 25.6050
    endloop
  endfacet
  facet normal -0.048850 0.000000 -0.998806
    outer loop
      vertex 3.3178 0.0000 33.8377
      vertex 0.0000 0.0000 34.0000
      vertex 0.0000 10.0000 34.0000
    endloop
  endfacet
  facet normal -0.048850 0.000000 -0.998806
    outer loop
      vertex 3.3178 0.0000 33.8377
      vertex 0.0000 10.0000 34.0000
      vertex 3.3178 10.0000 33.8377
    endloop
  endfacet
  facet normal 0.970830 0.000000 -0.239767
    outer loop
      vertex 0.0000 0.0000 34.0000
      vertex -1.9947 0.0000 25.9234
      vertex -1.9947 10.0000 25.9234
    endloop
  endfacet
  facet normal 0.970830 0.000000 -0.239767
    outer loop
      vertex 0.0000 0.0000 34.0000
      vertex -1.9947 10.0000 25.9234
      vertex 0.0000 10.0000 34.0000
    endloop
  endfacet
  facet normal 0.125333 0.000000 -0.992115
    outer loop
      vertex -1.9947 0.0000 25.9234
      vertex -4.5149 0.0000 25.6050
      vertex -4.5149 10.0000 25.6050
    endloop
  endfacet
  facet normal 0.125333 0.000000 -0.992115
    outer loop
      vertex -1.9947 0.0000 25.9234
      vertex -4.5149 10.0000 25.6050
      vertex -1.9947 10.0000 25.9234
    endloop
  endfacet
  facet normal -0.880702 0.000000 -0.473670
    outer loop
      vertex -4.5149 0.0000 25.6050
      vertex -8.4555 0.0000 32.9318
      vertex -8.4555 10.0000 32.9318
    endloop
  endfacet
  facet normal -0.880702 0.000000 -0.473670
    outer loop
      vertex -4.5149 0.0000 25.6050
      vertex -8.4555 10.0000 32.9318
      vertex -4.5149 10.0000 25.6050
    endloop
  endfacet
  facet normal 0.295708 0.000000 -0.955278
    outer loop
      vertex -8.4555 0.0000 32.9318
      vertex -11.6287 0.0000 31.9495
      vertex -11.6287 10.0000 31.9495
    endloop
  endfacet
  facet normal 0.295708 0.000000 -0.955278
    outer loop
      vertex -8.4555 0.0000 32.9318
      vertex -11.6287 10.0000 31.9495
      vertex -8.4555 10.0000 32.9318
    endloop
  endfacet
  facet normal 0.994287 0.000000 0.106736
    outer loop
      vertex -11.6287 0.0000 31.9495
      vertex -10.7407 0.0000 23.6778
      vertex -10.7407 10.0000 23.6778
    endloop
  endfacet
  facet normal 0.994287 0.000000 0.106736
    outer loop
      vertex -11.6287 0.0000 31.9495
      vertex -10.7407 10.0000 23.6778
      vertex -11.6287 10.0000 31.9495
    endloop
  endfacet
  facet normal 0.457098 0.000000 -0.889416
    outer loop
      vertex -10.7407 0.0000 23.6778
      vertex -13.0000 0.0000 22.5167
      vertex -13.0000 10.0000 22.5167
    endloop
  endfacet
  facet normal 0.457098 0.000000 -0.889416
    outer loop
      vertex -10.7407 0.0000 23.6778
      vertex -13.0000 10.0000 22.5167
      vertex -10.7407 10.0000 23.6778
    endloop
  endfacet
  facet normal -0.665585 0.000000 -0.746322
    outer loop
      vertex -13.0000 0.0000 22.5167
      vertex -19.2089 0.0000 28.0539
      vertex -19.2089 10.0000 28.0539
    endloop
  endfacet
  facet normal -0.665585 0.000000 -0.746322
    outer loop
      vertex -13.0000 0.0000 22.5167
      vertex -19.2089 10.0000 28.0539
      vertex -13.0000 10.0000 22.5167
    endloop
  endfacet
  facet normal 0.604599 0.000000 -0.796530
    outer loop
      vertex -19.2089 0.0000 28.0539
      vertex -21.8548 0.0000 26.0455
      vertex -21.8548 10.0000 26.0455
    endloop
  endfacet
  facet normal 0.604599 0.000000 -0.796530
    outer loop
      vertex -19.2089 0.0000 28.0539
      vertex -21.8548 10.0000 26.0455
      vertex -19.2089 10.0000 28.0539
    endloop
  endfacet
  facet normal 0.897819 0.000000 0.440365
    outer loop
      vertex -21.8548 0.0000 26.0455
      vertex -18.1912 0.0000 18.5763
      vertex -18.1912 10.0000 18.5763
    endloop
  endfacet
  facet normal 0.897819 0.000000 0.440365
    outer loop
      vertex -21.8548 0.0000 26.0455
      vertex -18.1912 10.0000 18.5763
      vertex -21.8548 10.0000 26.0455
    endloop
  endfacet
  facet normal 0.733730 0.000000 -0.679441
    outer loop
      vertex -18.1912 0.0000 18.5763
      vertex -19.9172 0.0000 16.7125
      vertex -19.9172 10.0000 16.7125
    endloop
  endfacet
  facet normal 0.733730 0.000000 -0.679441
    outer loop
      vertex -18.1912 0.0000 18.5763
      vertex -19.9172 10.0000 16.7125
      vertex -18.1912 10.0000 18.5763
    endloop
  endfacet
  facet normal -0.370188 0.000000 -0.928957
    outer loop
      vertex -19.9172 0.0000 16.7125
      vertex -27.6454 0.0000 19.7922
      vertex -27.6454 10.0000 19.7922
    endloop
  endfacet
  facet normal -0.370188 0.000000 -0.928957
    outer loop
      vertex -19.9172 0.0000 16.7125
      vertex -27.6454 10.0000 19.7922
      vertex -19.9172 10.0000 16.7125
    endloop
  endfacet
  facet normal 0.840567 0.000000 -0.541708
    outer loop
      vertex -27.6454 0.0000 19.7922
      vertex -29.4449 0.0000 17.0000
      vertex -29.4449 10.0000 17.0000
    endloop
  endfacet
  facet normal 0.840567 0.000000 -0.541708
    outer loop
      vertex -27.6454 0.0000 19.7922
      vertex -29.4449 10.0000 17.0000
      vertex -27.6454 10.0000 19.7922
    endloop
  endfacet
  facet normal 0.693060 0.000000 0.720880
    outer loop
      vertex -29.4449 0.0000 17.0000
      vertex -23.4476 0.0000 11.2342
      vertex -23.4476 10.0000 11.2342
    endloop
  endfacet
  facet normal 0.693060 0.000000 0.720880
    outer loop
      vertex -29.4449 0.0000 17.0000
      vertex -23.4476 10.0000 11.2342
      vertex -29.4449 10.0000 17.0000
    endloop
  endfacet
  facet normal 0.921863 0.000000 -0.387516
    outer loop
      vertex -23.4476 0.0000 11.2342
      vertex -24.4320 0.0000 8.8925
      vertex -24.4320 10.0000 8.8925
    endloop
  endfacet
  facet normal 0.921863 0.000000 -0.387516
    outer loop
      vertex -23.4476 0.0000 11.2342
      vertex -24.4320 10.0000 8.8925
      vertex -23.4476 10.0000 11.2342
    endloop
  endfacet
  facet normal -0.030141 0.000000 -0.999546
    outer loop
      vertex -24.4320 0.0000 8.8925
      vertex -32.7475 0.0000 9.1433
      vertex -32.7475 10.0000 9.1433
    endloop
  endfacet
  facet normal -0.030141 0.000000 -0.999546
    outer loop
      vertex -24.4320 0.0000 8.8925
      vertex -32.7475 10.0000 9.1433
      vertex -24.4320 10.0000 8.8925
    endloop
  endfacet
  facet normal 0.975149 0.000000 -0.221548
    outer loop
      vertex -32.7475 0.0000 9.1433
      vertex -33.4835 0.0000 5.9040
      vertex -33.4835 10.0000 5.9040
    endloop
  endfacet
  facet normal 0.975149 0.000000 -0.221548
    outer loop
      vertex -32.7475 0.0000 9.1433
      vertex -33.4835 10.0000 5.9040
      vertex -32.7475 10.0000 9.1433
    endloop
  endfacet
  facet normal 0.404707 0.000000 0.914446
    outer loop
      vertex -33.4835 0.0000 5.9040
      vertex -25.8759 0.0000 2.5372
      vertex -25.8759 10.0000 2.5372
    endloop
  endfacet
  facet normal 0.404707 0.000000 0.914446
    outer loop
      vertex -33.4835 0.0000 5.9040
      vertex -25.8759 10.0000 2.5372
      vertex -33.4835 10.0000 5.9040
    endloop
  endfacet
  facet normal 0.998806 0.000000 -0.048850
    outer loop
      vertex -25.8759 0.0000 2.5372
      vertex -26.0000 0.0000 0.0000
      vertex -26.0000 10.0000 0.0000
    endloop
  endfacet
  facet normal 0.998806 0.000000 -0.048850
    outer loop
      vertex -25.8759 0.0000 2.5372
      vertex -26.0000 10.0000 0.0000
      vertex -25.8759 10.0000 2.5372
    endloop
  endfacet
  facet normal 0.313542 0.000000 -0.949574
    outer loop
      vertex -26.0000 0.0000 0.0000
      vertex -33.8998 0.0000 -2.6084
      vertex -33.8998 10.0000 -2.6084
    endloop
  endfacet
  facet normal 0.313542 0.000000 -0.949574
    outer loop
      vertex -26.0000 0.0000 0.0000
      vertex -33.8998 10.0000 -2.6084
      vertex -26.0000 10.0000 0.0000
    endloop
  endfacet
  facet normal 0.992115 0.000000 0.125333
    outer loop
      vertex -33.8998 0.0000 -2.6084
      vertex -33.4835 0.0000 -5.9040
      vertex -33.4835 10.0000 -5.9040
    endloop
  endfacet
  facet normal 0.992115 0.000000 0.125333
    outer loop
      vertex -33.8998 0.0000 -2.6084
      vertex -33.4835 10.0000 -5.9040
      vertex -33.8998 10.0000 -2.6084
    endloop
  endfacet
  facet normal 0.067542 0.000000 0.997716
    outer loop
      vertex -33.4835 0.0000 -5.9040
      vertex -25.1832 0.0000 -6.4659
      vertex -25.1832 10.0000 -6.4659
    endloop
  endfacet
  facet normal 0.067542 0.000000 0.997716
    outer loop
      vertex -33.4835 0.0000 -5.9040
      vertex -25.1832 10.0000 -6.4659
      vertex -33.4835 10.0000 -5.9040
    endloop
  endfacet
  facet normal 0.955278 0.000000 0.295708
    outer loop
      vertex -25.1832 0.0000 -6.4659
      vertex -24.4320 0.0000 -8.8925
      vertex -24.4320 10.0000 -8.8925
    endloop
  endfacet
  facet normal 0.955278 0.000000 0.295708
    outer loop
      vertex -25.1832 0.0000 -6.4659
      vertex -24.4320 10.0000 -8.8925
      vertex -25.1832 10.0000 -6.4659
    endloop
  endfacet
  facet normal 0.619406 0.000000 -0.785071
    outer loop
      vertex -24.4320 0.0000 -8.8925
      vertex -30.9632 0.0000 -14.0456
      vertex -30.9632 10.0000 -14.0456
    endloop
  endfacet
  facet normal 0.619406 0.000000 -0.785071
    outer loop
      vertex -24.4320 0.0000 -8.8925
      vertex -30.9632 10.0000 -14.0456
      vertex -24.4320 10.0000 -8.8925
    endloop
  endfacet
  facet normal 0.889416 0.000000 0.457098
    outer loop
      vertex -30.9632 0.0000 -14.0456
      vertex -29.4449 0.0000 -17.0000
      vertex -29.4449 10.0000 -17.0000
    endloop
  endfacet
  facet normal 0.889416 0.000000 0.457098
    outer loop
      vertex -30.9632 0.0000 -14.0456
      vertex -29.4449 10.0000 -17.0000
      vertex -30.9632 10.0000 -14.0456
    endloop
  endfacet
  facet normal -0.277771 0.000000 0.960647
    outer loop
      vertex -29.4449 0.0000 -17.0000
      vertex -21.4530 0.0000 -14.6891
      vertex -21.4530 10.0000 -14.6891
    endloop
  endfacet
  facet normal -0.277771 0.000000 0.960647
    outer loop
      vertex -29.4449 0.0000 -17.0000
      vertex -21.4530 10.0000 -14.6891
      vertex -29.4449 10.0000 -17.0000
    endloop
  endfacet
  facet normal 0.796530 0.000000 0.604599
    outer loop
      vertex -21.4530 0.0000 -14.6891
      vertex -19.9172 0.0000 -16.7125
      vertex -19.9172 10.0000 -16.7125
    endloop
  endfacet
  facet normal 0.796530 0.000000 0.604599
    outer loop
      vertex -21.4530 0.0000 -14.6891
      vertex -19.9172 10.0000 -16.7125
      vertex -21.4530 10.0000 -14.6891
    endloop
  endfacet
  facet normal 0.850562 0.000000 -0.525876
    outer loop
      vertex -19.9172 0.0000 -16.7125
      vertex -24.2921 0.0000 -23.7886
      vertex -24.2921 10.0000 -23.7886
    endloop
  endfacet
  facet normal 0.850562 0.000000 -0.525876
    outer loop
      vertex -19.9172 0.0000 -16.7125
      vertex -24.2921 10.0000 -23.7886
      vertex -19.9172 10.0000 -16.7125
    endloop
  endfacet
  facet normal 0.679441 0.000000 0.733730
    outer loop
      vertex -24.2921 0.0000 -23.7886
      vertex -21.8548 0.0000 -26.0455
      vertex -21.8548 10.0000 -26.0455
    endloop
  endfacet
  facet normal 0.679441 0.000000 0.733730
    outer loop
      vertex -24.2921 0.0000 -23.7886
      vertex -21.8548 10.0000 -26.0455
      vertex -24.2921 10.0000 -23.7886
    endloop
  endfacet
  facet normal -0.589580 0.000000 0.807710
    outer loop
      vertex -21.8548 0.0000 -26.0455
      vertex -15.1352 0.0000 -21.1406
      vertex -15.1352 10.0000 -21.1406
    endloop
  endfacet
  facet normal -0.589580 0.000000 0.807710
    outer loop
      vertex -21.8548 0.0000 -26.0455
      vertex -15.1352 10.0000 -21.1406
      vertex -21.8548 10.0000 -26.0455
    endloop
  endfacet
  facet normal 0.541708 0.000000 0.840567
    outer loop
      vertex -15.1352 0.0000 -21.1406
      vertex -13.0000 0.0000 -22.5167
      vertex -13.0000 10.0000 -22.5167
    endloop
  endfacet
  facet normal 0.541708 0.000000 0.840567
    outer loop
      vertex -15.1352 0.0000 -21.1406
      vertex -13.0000 10.0000 -22.5167
      vertex -15.1352 10.0000 -21.1406
    endloop
  endfacet
  facet normal 0.979126 0.000000 -0.203252
    outer loop
      vertex -13.0000 0.0000 -22.5167
      vertex -14.6909 0.0000 -30.6623
      vertex -14.6909 10.0000 -30.6623
    endloop
  endfacet
  facet normal 0.979126 0.000000 -0.203252
    outer loop
      vertex -13.0000 0.0000 -22.5167
      vertex -14.6909 10.0000 -30.6623
      vertex -13.0000 10.0000 -22.5167
    endloop
  endfacet
  facet normal 0.387516 0.000000 0.921863
    outer loop
      vertex -14.6909 0.0000 -30.6623
      vertex -11.6287 0.0000 -31.9495
      vertex -11.6287 10.0000 -31.9495
    endloop
  endfacet
  facet normal 0.387516 0.000000 0.921863
    outer loop
      vertex -14.6909 0.0000 -30.6623
      vertex -11.6287 10.0000 -31.9495
      vertex -14.6909 10.0000 -30.6623
    endloop
  endfacet
  facet normal -0.830277 0.000000 0.557351
    outer loop
      vertex -11.6287 0.0000 -31.9495
      vertex -6.9919 0.0000 -25.0422
      vertex -6.9919 10.0000 -25.0422
    endloop
  endfacet
  facet normal -0.830277 0.000000 0.557351
    outer loop
      vertex -11.6287 0.0000 -31.9495
      vertex -6.9919 10.0000 -25.0422
      vertex -11.6287 10.0000 -31.9495
    endloop
  endfacet
  facet normal 0.221548 0.000000 0.975149
    outer loop
      vertex -6.9919 0.0000 -25.0422
      vertex -4.5149 0.0000 -25.6050
      vertex -4.5149 10.0000 -25.6050
    endloop
  endfacet
  facet normal 0.221548 0.000000 0.975149
    outer loop
      vertex -6.9919 0.0000 -25.0422
      vertex -4.5149 10.0000 -25.6050
      vertex -6.9919 10.0000 -25.0422
    endloop
  endfacet
  facet normal 0.989594 0.000000 0.143886
    outer loop
      vertex -4.5149 0.0000 -25.6050
      vertex -3.3178 0.0000 -33.8377
      vertex -3.3178 10.0000 -33.8377
    endloop
  endfacet
  facet normal 0.989594 0.000000 0.143886
    outer loop
      vertex -4.5149 0.0000 -25.6050
      vertex -3.3178 10.0000 -33.8377
      vertex -4.5149 10.0000 -25.6050
    endloop
  endfacet
  facet normal 0.048850 0.000000 0.998806
    outer loop
      vertex -3.3178 0.0000 -33.8377
      vertex -0.0000 0.0000 -34.0000
      vertex -0.0000 10.0000 -34.0000
    endloop
  endfacet
  facet normal 0.048850 0.000000 0.998806
    outer loop
      vertex -3.3178 0.0000 -33.8377
      vertex -0.0000 10.0000 -34.0000
      vertex -3.3178 10.0000 -33.8377
    endloop
  endfacet
  facet normal -0.970830 0.000000 0.239767
    outer loop
      vertex -0.0000 0.0000 -34.0000
      vertex 1.9947 0.0000 -25.9234
      vertex 1.9947 10.0000 -25.9234
    endloop
  endfacet
  facet normal -0.970830 0.000000 0.239767
    outer loop
      vertex -0.0000 0.0000 -34.0000
      vertex 1.9947 10.0000 -25.9234
      vertex -0.0000 10.0000 -34.0000
    endloop
  endfacet
  facet normal -0.125333 0.000000 0.992115
    outer loop
      vertex 1.9947 0.0000 -25.9234
      vertex 4.5149 0.0000 -25.6050
      vertex 4.5149 10.0000 -25.6050
    endloop
  endfacet
  facet normal -0.125333 0.000000 0.992115
    outer loop
      vertex 1.9947 0.0000 -25.9234
      vertex 4.5149 10.0000 -25.6050
      vertex 1.9947 10.0000 -25.9234
    endloop
  endfacet
  facet normal 0.880702 0.000000 0.473670
    outer loop
      vertex 4.5149 0.0000 -25.6050
      vertex 8.4555 0.0000 -32.9318
      vertex 8.4555 10.0000 -32.9318
    endloop
  endfacet
  facet normal 0.880702 0.000000 0.473670
    outer loop
      vertex 4.5149 0.0000 -25.6050
      vertex 8.4555 10.0000 -32.9318
      vertex 4.5149 10.0000 -25.6050
    endloop
  endfacet
  facet normal -0.295708 0.000000 0.955278
    outer loop
      vertex 8.4555 0.0000 -32.9318
      vertex 11.6287 0.0000 -31.9495
      vertex 11.6287 10.0000 -31.9495
    endloop
  endfacet
  facet normal -0.295708 0.000000 0.955278
    outer loop
      vertex 8.4555 0.0000 -32.9318
      vertex 11.6287 10.0000 -31.9495
      vertex 8.4555 10.0000 -32.9318
    endloop
  endfacet
  facet normal -0.994287 0.000000 -0.106736
    outer loop
      vertex 11.6287 0.0000 -31.9495
      vertex 10.7407 0.0000 -23.6778
      vertex 10.7407 10.0000 -23.6778
    endloop
  endfacet
  facet normal -0.994287 0.000000 -0.106736
    outer loop
      vertex 11.6287 0.0000 -31.9495
      vertex 10.7407 10.0000 -23.6778
      vertex 11.6287 10.0000 -31.9495
    endloop
  endfacet
  facet normal -0.457098 0.000000 0.889416
    outer loop
      vertex 10.7407 0.0000 -23.6778
      vertex 13.0000 0.0000 -22.5167
      vertex 13.0000 10.0000 -22.5167
    endloop
  endfacet
  facet normal -0.457098 0.000000 0.889416
    outer loop
      vertex 10.7407 0.0000 -23.6778
      vertex 13.0000 10.0000 -22.5167
      vertex 10.7407 10.0000 -23.6778
    endloop
  endfacet
  facet normal 0.665585 0.000000 0.746322
    outer loop
      vertex 13.0000 0.0000 -22.5167
      vertex 19.2089 0.0000 -28.0539
      vertex 19.2089 10.0000 -28.0539
    endloop
  endfacet
  facet normal 0.665585 0.000000 0.746322
    outer loop
      vertex 13.0000 0.0000 -22.5167
      vertex 19.2089 10.0000 -28.0539
      vertex 13.0000 10.0000 -22.5167
    endloop
  endfacet
  facet normal -0.604599 0.000000 0.796530
    outer loop
      vertex 19.2089 0.0000 -28.0539
      vertex 21.8548 0.0000 -26.0455
      vertex 21.8548 10.0000 -26.0455
    endloop
  endfacet
  facet normal -0.604599 0.000000 0.796530
    outer loop
      vertex 19.2089 0.0000 -28.0539
      vertex 21.8548 10.0000 -26.0455
      vertex 19.2089 10.0000 -28.0539
    endloop
  endfacet
  facet normal -0.897819 0.000000 -0.440365
    outer loop
      vertex 21.8548 0.0000 -26.0455
      vertex 18.1912 0.0000 -18.5763
      vertex 18.1912 10.0000 -18.5763
    endloop
  endfacet
  facet normal -0.897819 0.000000 -0.440365
    outer loop
      vertex 21.8548 0.0000 -26.0455
      vertex 18.1912 10.0000 -18.5763
      vertex 21.8548 10.0000 -26.0455
    endloop
  endfacet
  facet normal -0.733730 0.000000 0.679441
    outer loop
      vertex 18.1912 0.0000 -18.5763
      vertex 19.9172 0.0000 -16.7125
      vertex 19.9172 10.0000 -16.7125
    endloop
  endfacet
  facet normal -0.733730 0.000000 0.679441
    outer loop
      vertex 18.1912 0.0000 -18.5763
      vertex 19.9172 10.0000 -16.7125
      vertex 18.1912 10.0000 -18.5763
    endloop
  endfacet
  facet normal 0.370188 0.000000 0.928957
    outer loop
      vertex 19.9172 0.0000 -16.7125
      vertex 27.6454 0.0000 -19.7922
      vertex 27.6454 10.0000 -19.7922
    endloop
  endfacet
  facet normal 0.370188 0.000000 0.928957
    outer loop
      vertex 19.9172 0.0000 -16.7125
      vertex 27.6454 10.0000 -19.7922
      vertex 19.9172 10.0000 -16.7125
    endloop
  endfacet
  facet normal -0.840567 0.000000 0.541708
    outer loop
      vertex 27.6454 0.0000 -19.7922
      vertex 29.4449 0.0000 -17.0000
      vertex 29.4449 10.0000 -17.0000
    endloop
  endfacet
  facet normal -0.840567 0.000000 0.541708
    outer loop
      vertex 27.6454 0.0000 -19.7922
      vertex 29.4449 10.0000 -17.0000
      vertex 27.6454 10.0000 -19.7922
    endloop
  endfacet
  facet normal -0.693060 0.000000 -0.720880
    outer loop
      vertex 29.4449 0.0000 -17.0000
      vertex 23.4476 0.0000 -11.2342
      vertex 23.4476 10.0000 -11.2342
    endloop
  endfacet
  facet normal -0.693060 0.000000 -0.720880
    outer loop
      vertex 29.4449 0.0000 -17.0000
      vertex 23.4476 10.0000 -11.2342
      vertex 29.4449 10.0000 -17.0000
    endloop
  endfacet
  facet normal -0.921863 0.000000 0.387516
    outer loop
      vertex 23.4476 0.0000 -11.2342
      vertex 24.4320 0.0000 -8.8925
      vertex 24.4320 10.0000 -8.8925
    endloop
  endfacet
  facet normal -0.921863 0.000000 0.387516
    outer loop
      vertex 23.4476 0.0000 -11.2342
      vertex 24.4320 10.0000 -8.8925
      vertex 23.4476 10.0000 -11.2342
    endloop
  endfacet
  facet normal 0.030141 0.000000 0.999546
    outer loop
      vertex 24.4320 0.0000 -8.8925
      vertex 32.7475 0.0000 -9.1433
      vertex 32.7475 10.0000 -9.1433
    endloop
  endfacet
  facet normal 0.030141 0.000000 0.999546
    outer loop
      vertex 24.4320 0.0000 -8.8925
      vertex 32.7475 10.0000 -9.1433
      vertex 24.4320 10.0000 -8.8925
    endloop
  endfacet
  facet normal -0.975149 0.000000 0.221548
    outer loop
      vertex 32.7475 0.0000 -9.1433
      vertex 33.4835 0.0000 -5.9040
      vertex 33.4835 10.0000 -5.9040
    endloop
  endfacet
  facet normal -0.975149 0.000000 0.221548
    outer loop
      vertex 32.7475 0.0000 -9.1433
      vertex 33.4835 10.0000 -5.9040
      vertex 32.7475 10.0000 -9.1433
    endloop
  endfacet
  facet normal -0.404707 0.000000 -0.914446
    outer loop
      vertex 33.4835 0.0000 -5.9040
      vertex 25.8759 0.0000 -2.5372
      vertex 25.8759 10.0000 -2.5372
    endloop
  endfacet
  facet normal -0.404707 0.000000 -0.914446
    outer loop
      vertex 33.4835 0.0000 -5.9040
      vertex 25.8759 10.0000 -2.5372
      vertex 33.4835 10.0000 -5.9040
    endloop
  endfacet
  facet normal -0.998806 0.000000 0.048850
    outer loop
      vertex 25.8759 0.0000 -2.5372
      vertex 26.0000 0.0000 0.0000
      vertex 26.0000 10.0000 0.0000
    endloop
  endfacet
  facet normal -0.998806 0.000000 0.048850
    outer loop
      vertex 25.8759 0.0000 -2.5372
      vertex 26.0000 10.0000 0.0000
      vertex 25.8759 10.0000 -2.5372
    endloop
  endfacet
  facet normal 0.999048 0.000000 0.043619
    outer loop
      vertex 8.0000 10.0000 0.0000
      vertex 7.9696 10.0000 0.6972
      vertex 7.9696 0.0000 0.6972
    endloop
  endfacet
  facet normal 0.999048 0.000000 0.043619
    outer loop
      vertex 8.0000 10.0000 0.0000
      vertex 7.9696 0.0000 0.6972
      vertex 8.0000 0.0000 0.0000
    endloop
  endfacet
  facet normal 0.991445 0.000000 0.130526
    outer loop
      vertex 7.9696 10.0000 0.6972
      vertex 7.8785 10.0000 1.3892
      vertex 7.8785 0.0000 1.3892
    endloop
  endfacet
  facet normal 0.991445 0.000000 0.130526
    outer loop
      vertex 7.9696 10.0000 0.6972
      vertex 7.8785 0.0000 1.3892
      vertex 7.9696 0.0000 0.6972
    endloop
  endfacet
  facet normal 0.976296 0.000000 0.216440
    outer loop
      vertex 7.8785 10.0000 1.3892
      vertex 7.7274 10.0000 2.0706
      vertex 7.7274 0.0000 2.0706
    endloop
  endfacet
  facet normal 0.976296 0.000000 0.216440
    outer loop
      vertex 7.8785 10.0000 1.3892
      vertex 7.7274 0.0000 2.0706
      vertex 7.8785 0.0000 1.3892
    endloop
  endfacet
  facet normal 0.953717 0.000000 0.300706
    outer loop
      vertex 7.7274 10.0000 2.0706
      vertex 7.5175 10.0000 2.7362
      vertex 7.5175 0.0000 2.7362
    endloop
  endfacet
  facet normal 0.953717 0.000000 0.300706
    outer loop
      vertex 7.7274 10.0000 2.0706
      vertex 7.5175 0.0000 2.7362
      vertex 7.7274 0.0000 2.0706
    endloop
  endfacet
  facet normal 0.923880 0.000000 0.382683
    outer loop
      vertex 7.5175 10.0000 2.7362
      vertex 7.2505 10.0000 3.3809
      vertex 7.2505 0.0000 3.3809
    endloop
  endfacet
  facet normal 0.923880 0.000000 0.382683
    outer loop
      vertex 7.5175 10.0000 2.7362
      vertex 7.2505 0.0000 3.3809
      vertex 7.5175 0.0000 2.7362
    endloop
  endfacet
  facet normal 0.887011 0.000000 0.461749
    outer loop
      vertex 7.2505 10.0000 3.3809
      vertex 6.9282 10.0000 4.0000
      vertex 6.9282 0.0000 4.0000
    endloop
  endfacet
  facet normal 0.887011 0.000000 0.461749
    outer loop
      vertex 7.2505 10.0000 3.3809
      vertex 6.9282 0.0000 4.0000
      vertex 7.2505 0.0000 3.3809
    endloop
  endfacet
  facet normal 0.843391 0.000000 0.537300
    outer loop
      vertex 6.9282 10.0000 4.0000
      vertex 6.5532 10.0000 4.5886
      vertex 6.5532 0.0000 4.5886
    endloop
  endfacet
  facet normal 0.843391 0.000000 0.537300
    outer loop
      vertex 6.9282 10.0000 4.0000
      vertex 6.5532 0.0000 4.5886
      vertex 6.9282 0.0000 4.0000
    endloop
  endfacet
  facet normal 0.793353 0.000000 0.608761
    outer loop
      vertex 6.5532 10.0000 4.5886
      vertex 6.1284 10.0000 5.1423
      vertex 6.1284 0.0000 5.1423
    endloop
  endfacet
  facet normal 0.793353 0.000000 0.608761
    outer loop
      vertex 6.5532 10.0000 4.5886
      vertex 6.1284 0.0000 5.1423
      vertex 6.5532 0.0000 4.5886
    endloop
  endfacet
  facet normal 0.737277 0.000000 0.675590
    outer loop
      vertex 6.1284 10.0000 5.1423
      vertex 5.6569 10.0000 5.6569
      vertex 5.6569 0.0000 5.6569
    endloop
  endfacet
  facet normal 0.737277 0.000000 0.675590
    outer loop
      vertex 6.1284 10.0000 5.1423
      vertex 5.6569 0.0000 5.6569
      vertex 6.1284 0.0000 5.1423
    endloop
  endfacet
  facet normal 0.675590 0.000000 0.737277
    outer loop
      vertex 5.6569 10.0000 5.6569
      vertex 5.1423 10.0000 6.1284
      vertex 5.1423 0.0000 6.1284
    endloop
  endfacet
  facet normal 0.675590 0.000000 0.737277
    outer loop
      vertex 5.6569 10.0000 5.6569
      vertex 5.1423 0.0000 6.1284
      vertex 5.6569 0.0000 5.6569
    endloop
  endfacet
  facet normal 0.608761 0.000000 0.793353
    outer loop
      vertex 5.1423 10.0000 6.1284
      vertex 4.5886 10.0000 6.5532
      vertex 4.5886 0.0000 6.5532
    endloop
  endfacet
  facet normal 0.608761 0.000000 0.793353
    outer loop
      vertex 5.1423 10.0000 6.1284
      vertex 4.5886 0.0000 6.5532
      vertex 5.1423 0.0000 6.1284
    endloop
  endfacet
  facet normal 0.537300 0.000000 0.843391
    outer loop
      vertex 4.5886 10.0000 6.5532
      vertex 4.0000 10.0000 6.9282
      vertex 4.0000 0.0000 6.9282
    endloop
  endfacet
  facet normal 0.537300 0.000000 0.843391
    outer loop
      vertex 4.5886 10.0000 6.5532
      vertex 4.0000 0.0000 6.9282
      vertex 4.5886 0.0000 6.5532
    endloop
  endfacet
  facet normal 0.461749 0.000000 0.887011
    outer loop
      vertex 4.0000 10.0000 6.9282
      vertex 3.3809 10.0000 7.2505
      vertex 3.3809 0.0000 7.2505
    endloop
  endfacet
  facet normal 0.461749 0.000000 0.887011
    outer loop
      vertex 4.0000 10.0000 6.9282
      vertex 3.3809 0.0000 7.2505
      vertex 4.0000 0.0000 6.9282
    endloop
  endfacet
  facet normal 0.382683 0.000000 0.923880
    outer loop
      vertex 3.3809 10.0000 7.2505
      vertex 2.7362 10.0000 7.5175
      vertex 2.7362 0.0000 7.5175
    endloop
  endfacet
  facet normal 0.382683 0.000000 0.923880
    outer loop
      vertex 3.3809 10.0000 7.2505
      vertex 2.7362 0.0000 7.5175
      vertex 3.3809 0.0000 7.2505
    endloop
  endfacet
  facet normal 0.300706 0.000000 0.953717
    outer loop
      vertex 2.7362 10.0000 7.5175
      vertex 2.0706 10.0000 7.7274
      vertex 2.0706 0.0000 7.7274
    endloop
  endfacet
  facet normal 0.300706 0.000000 0.953717
    outer loop
      vertex 2.7362 10.0000 7.5175
      vertex 2.0706 0.0000 7.7274
      vertex 2.7362 0.0000 7.5175
    endloop
  endfacet
  facet normal 0.216440 0.000000 0.976296
    outer loop
      vertex 2.0706 10.0000 7.7274
      vertex 1.3892 10.0000 7.8785
      vertex 1.3892 0.0000 7.8785
    endloop
  endfacet
  facet normal 0.216440 0.000000 0.976296
    outer loop
      vertex 2.0706 10.0000 7.7274
      vertex 1.3892 0.0000 7.8785
      vertex 2.0706 0.0000 7.7274
    endloop
  endfacet
  facet normal 0.130526 0.000000 0.991445
    outer loop
      vertex 1.3892 10.0000 7.8785
      vertex 0.6972 10.0000 7.9696
      vertex 0.6972 0.0000 7.9696
    endloop
  endfacet
  facet normal 0.130526 0.000000 0.991445
    outer loop
      vertex 1.3892 10.0000 7.8785
      vertex 0.6972 0.0000 7.9696
      vertex 1.3892 0.0000 7.8785
    endloop
  endfacet
  facet normal 0.043619 0.000000 0.999048
    outer loop
      vertex 0.6972 10.0000 7.9696
      vertex 0.0000 10.0000 8.0000
      vertex 0.0000 0.0000 8.0000
    endloop
  endfacet
  facet normal 0.043619 0.000000 0.999048
    outer loop
      vertex 0.6972 10.0000 7.9696
      vertex 0.0000 0.0000 8.0000
      vertex 0.6972 0.0000 7.9696
    endloop
  endfacet
  facet normal -0.043619 0.000000 0.999048
    outer loop
      vertex 0.0000 10.0000 8.0000
      vertex -0.6972 10.0000 7.9696
      vertex -0.6972 0.0000 7.9696
    endloop
  endfacet
  facet normal -0.043619 0.000000 0.999048
    outer loop
      vertex 0.0000 10.0000 8.0000
      vertex -0.6972 0.0000 7.9696
      vertex 0.0000 0.0000 8.0000
    endloop
  endfacet
  facet normal -0.130526 0.000000 0.991445
    outer loop
      vertex -0.6972 10.0000 7.9696
      vertex -1.3892 10.0000 7.8785
      vertex -1.3892 0.0000 7.8785
    endloop
  endfacet
  facet normal -0.130526 0.000000 0.991445
    outer loop
      vertex -0.6972 10.0000 7.9696
      vertex -1.3892 0.0000 7.8785
      vertex -0.6972 0.0000 7.9696
    endloop
  endfacet
  facet normal -0.216440 0.000000 0.976296
    outer loop
      vertex -1.3892 10.0000 7.8785
      vertex -2.0706 10.0000 7.7274
      vertex -2.0706 0.0000 7.7274
    endloop
  endfacet
  facet normal -0.216440 0.000000 0.976296
    outer loop
      vertex -1.3892 10.0000 7.8785
      vertex -2.0706 0.0000 7.7274
      vertex -1.3892 0.0000 7.8785
    endloop
  endfacet
  facet normal -0.300706 0.000000 0.953717
    outer loop
      vertex -2.0706 10.0000 7.7274
      vertex -2.7362 10.0000 7.5175
      vertex -2.7362 0.0000 7.5175
    endloop
  endfacet
  facet normal -0.300706 0.000000 0.953717
    outer loop
      vertex -2.0706 10.0000 7.7274
      vertex -2.7362 0.0000 7.5175
      vertex -2.0706 0.0000 7.7274
    endloop
  endfacet
  facet normal -0.382683 0.000000 0.923880
    outer loop
      vertex -2.7362 10.0000 7.5175
      vertex -3.3809 10.0000 7.2505
      vertex -3.3809 0.0000 7.2505
    endloop
  endfacet
  facet normal -0.382683 0.000000 0.923880
    outer loop
      vertex -2.7362 10.0000 7.5175
      vertex -3.3809 0.0000 7.2505
      vertex -2.7362 0.0000 7.5175
    endloop
  endfacet
  facet normal -0.461749 0.000000 0.887011
    outer loop
      vertex -3.3809 10.0000 7.2505
      vertex -4.0000 10.0000 6.9282
      vertex -4.0000 0.0000 6.9282
    endloop
  endfacet
  facet normal -0.461749 0.000000 0.887011
    outer loop
      vertex -3.3809 10.0000 7.2505
      vertex -4.0000 0.0000 6.9282
      vertex -3.3809 0.0000 7.2505
    endloop
  endfacet
  facet normal -0.537300 0.000000 0.843391
    outer loop
      vertex -4.0000 10.0000 6.9282
      vertex -4.5886 10.0000 6.5532
      vertex -4.5886 0.0000 6.5532
    endloop
  endfacet
  facet normal -0.537300 0.000000 0.843391
    outer loop
      vertex -4.0000 10.0000 6.9282
      vertex -4.5886 0.0000 6.5532
      vertex -4.0000 0.0000 6.9282
    endloop
  endfacet
  facet normal -0.608761 0.000000 0.793353
    outer loop
      vertex -4.5886 10.0000 6.5532
      vertex -5.1423 10.0000 6.1284
      vertex -5.1423 0.0000 6.1284
    endloop
  endfacet
  facet normal -0.608761 0.000000 0.793353
    outer loop
      vertex -4.5886 10.0000 6.5532
      vertex -5.1423 0.0000 6.1284
      vertex -4.5886 0.0000 6.5532
    endloop
  endfacet
  facet normal -0.675590 0.000000 0.737277
    outer loop
      vertex -5.1423 10.0000 6.1284
      vertex -5.6569 10.0000 5.6569
      vertex -5.6569 0.0000 5.6569
    endloop
  endfacet
  facet normal -0.675590 0.000000 0.737277
    outer loop
      vertex -5.1423 10.0000 6.1284
      vertex -5.6569 0.0000 5.6569
      vertex -5.1423 0.0000 6.1284
    endloop
  endfacet
  facet normal -0.737277 0.000000 0.675590
    outer loop
      vertex -5.6569 10.0000 5.6569
      vertex -6.1284 10.0000 5.1423
      vertex -6.1284 0.0000 5.1423
    endloop
  endfacet
  facet normal -0.737277 0.000000 0.675590
    outer loop
      vertex -5.6569 10.0000 5.6569
      vertex -6.1284 0.0000 5.1423
      vertex -5.6569 0.0000 5.6569
    endloop
  endfacet
  facet normal -0.793353 0.000000 0.608761
    outer loop
      vertex -6.1284 10.0000 5.1423
      vertex -6.5532 10.0000 4.5886
      vertex -6.5532 0.0000 4.5886
    endloop
  endfacet
  facet normal -0.793353 0.000000 0.608761
    outer loop
      vertex -6.1284 10.0000 5.1423
      vertex -6.5532 0.0000 4.5886
      vertex -6.1284 0.0000 5.1423
    endloop
  endfacet
  facet normal -0.843391 0.000000 0.537300
    outer loop
      vertex -6.5532 10.0000 4.5886
      vertex -6.9282 10.0000 4.0000
      vertex -6.9282 0.0000 4.0000
    endloop
  endfacet
  facet normal -0.843391 0.000000 0.537300
    outer loop
      vertex -6.5532 10.0000 4.5886
      vertex -6.9282 0.0000 4.0000
      vertex -6.5532 0.0000 4.5886
    endloop
  endfacet
  facet normal -0.887011 0.000000 0.461749
    outer loop
      vertex -6.9282 10.0000 4.0000
      vertex -7.2505 10.0000 3.3809
      vertex -7.2505 0.0000 3.3809
    endloop
  endfacet
  facet normal -0.887011 0.000000 0.461749
    outer loop
      vertex -6.9282 10.0000 4.0000
      vertex -7.2505 0.0000 3.3809
      vertex -6.9282 0.0000 4.0000
    endloop
  endfacet
  facet normal -0.923880 0.000000 0.382683
    outer loop
      vertex -7.2505 10.0000 3.3809
      vertex -7.5175 10.0000 2.7362
      vertex -7.5175 0.0000 2.7362
    endloop
  endfacet
  facet normal -0.923880 0.000000 0.382683
    outer loop
      vertex -7.2505 10.0000 3.3809
      vertex -7.5175 0.0000 2.7362
      vertex -7.2505 0.0000 3.3809
    endloop
  endfacet
  facet normal -0.953717 0.000000 0.300706
    outer loop
      vertex -7.5175 10.0000 2.7362
      vertex -7.7274 10.0000 2.0706
      vertex -7.7274 0.0000 2.0706
    endloop
  endfacet
  facet normal -0.953717 0.000000 0.300706
    outer loop
      vertex -7.5175 10.0000 2.7362
      vertex -7.7274 0.0000 2.0706
      vertex -7.5175 0.0000 2.7362
    endloop
  endfacet
  facet normal -0.976296 0.000000 0.216440
    outer loop
      vertex -7.7274 10.0000 2.0706
      vertex -7.8785 10.0000 1.3892
      vertex -7.8785 0.0000 1.3892
    endloop
  endfacet
  facet normal -0.976296 0.000000 0.216440
    outer loop
      vertex -7.7274 10.0000 2.0706
      vertex -7.8785 0.0000 1.3892
      vertex -7.7274 0.0000 2.0706
    endloop
  endfacet
  facet normal -0.991445 0.000000 0.130526
    outer loop
      vertex -7.8785 10.0000 1.3892
      vertex -7.9696 10.0000 0.6972
      vertex -7.9696 0.0000 0.6972
    endloop
  endfacet
  facet normal -0.991445 0.000000 0.130526
    outer loop
      vertex -7.8785 10.0000 1.3892
      vertex -7.9696 0.0000 0.6972
      vertex -7.8785 0.0000 1.3892
    endloop
  endfacet
  facet normal -0.999048 0.000000 0.043619
    outer loop
      vertex -7.9696 10.0000 0.6972
      vertex -8.0000 10.0000 0.0000
      vertex -8.0000 0.0000 0.0000
    endloop
  endfacet
  facet normal -0.999048 0.000000 0.043619
    outer loop
      vertex -7.9696 10.0000 0.6972
      vertex -8.0000 0.0000 0.0000
      vertex -7.9696 0.0000 0.6972
    endloop
  endfacet
  facet normal -0.999048 0.000000 -0.043619
    outer loop
      vertex -8.0000 10.0000 0.0000
      vertex -7.9696 10.0000 -0.6972
      vertex -7.9696 0.0000 -0.6972
    endloop
  endfacet
  facet normal -0.999048 0.000000 -0.043619
    outer loop
      vertex -8.0000 10.0000 0.0000
      vertex -7.9696 0.0000 -0.6972
      vertex -8.0000 0.0000 0.0000
    endloop
  endfacet
  facet normal -0.991445 0.000000 -0.130526
    outer loop
      vertex -7.9696 10.0000 -0.6972
      vertex -7.8785 10.0000 -1.3892
      vertex -7.8785 0.0000 -1.3892
    endloop
  endfacet
  facet normal -0.991445 0.000000 -0.130526
    outer loop
      vertex -7.9696 10.0000 -0.6972
      vertex -7.8785 0.0000 -1.3892
      vertex -7.9696 0.0000 -0.6972
    endloop
  endfacet
  facet normal -0.976296 0.000000 -0.216440
    outer loop
      vertex -7.8785 10.0000 -1.3892
      vertex -7.7274 10.0000 -2.0706
      vertex -7.7274 0.0000 -2.0706
    endloop
  endfacet
  facet normal -0.976296 0.000000 -0.216440
    outer loop
      vertex -7.8785 10.0000 -1.3892
      vertex -7.7274 0.0000 -2.0706
      vertex -7.8785 0.0000 -1.3892
    endloop
  endfacet
  facet normal -0.953717 0.000000 -0.300706
    outer loop
      vertex -7.7274 10.0000 -2.0706
      vertex -7.5175 10.0000 -2.7362
      vertex -7.5175 0.0000 -2.7362
    endloop
  endfacet
  facet normal -0.953717 0.000000 -0.300706
    outer loop
      vertex -7.7274 10.0000 -2.0706
      vertex -7.5175 0.0000 -2.7362
      vertex -7.7274 0.0000 -2.0706
    endloop
  endfacet
  facet normal -0.923880 0.000000 -0.382683
    outer loop
      vertex -7.5175 10.0000 -2.7362
      vertex -7.2505 10.0000 -3.3809
      vertex -7.2505 0.0000 -3.3809
    endloop
  endfacet
  facet normal -0.923880 0.000000 -0.382683
    outer loop
      vertex -7.5175 10.0000 -2.7362
      vertex -7.2505 0.0000 -3.3809
      vertex -7.5175 0.0000 -2.7362
    endloop
  endfacet
  facet normal -0.887011 0.000000 -0.461749
    outer loop
      vertex -7.2505 10.0000 -3.3809
      vertex -6.9282 10.0000 -4.0000
      vertex -6.9282 0.0000 -4.0000
    endloop
  endfacet
  facet normal -0.887011 0.000000 -0.461749
    outer loop
      vertex -7.2505 10.0000 -3.3809
      vertex -6.9282 0.0000 -4.0000
      vertex -7.2505 0.0000 -3.3809
    endloop
  endfacet
  facet normal -0.843391 0.000000 -0.537300
    outer loop
      vertex -6.9282 10.0000 -4.0000
      vertex -6.5532 10.0000 -4.5886
      vertex -6.5532 0.0000 -4.5886
    endloop
  endfacet
  facet normal -0.843391 0.000000 -0.537300
    outer loop
      vertex -6.9282 10.0000 -4.0000
      vertex -6.5532 0.0000 -4.5886
      vertex -6.9282 0.0000 -4.0000
    endloop
  endfacet
  facet normal -0.793353 0.000000 -0.608761
    outer loop
      vertex -6.5532 10.0000 -4.5886
      vertex -6.1284 10.0000 -5.1423
      vertex -6.1284 0.0000 -5.1423
    endloop
  endfacet
  facet normal -0.793353 0.000000 -0.608761
    outer loop
      vertex -6.5532 10.0000 -4.5886
      vertex -6.1284 0.0000 -5.1423
      vertex -6.5532 0.0000 -4.5886
    endloop
  endfacet
  facet normal -0.737277 0.000000 -0.675590
    outer loop
      vertex -6.1284 10.0000 -5.1423
      vertex -5.6569 10.0000 -5.6569
      vertex -5.6569 0.0000 -5.6569
    endloop
  endfacet
  facet normal -0.737277 0.000000 -0.675590
    outer loop
      vertex -6.1284 10.0000 -5.1423
      vertex -5.6569 0.0000 -5.6569
      vertex -6.1284 0.0000 -5.1423
    endloop
  endfacet
  facet normal -0.675590 0.000000 -0.737277
    outer loop
      vertex -5.6569 10.0000 -5.6569
      vertex -5.1423 10.0000 -6.1284
      vertex -5.1423 0.0000 -6.1284
    endloop
  endfacet
  facet normal -0.675590 0.000000 -0.737277
    outer loop
      vertex -5.6569 10.0000 -5.6569
      vertex -5.1423 0.0000 -6.1284
      vertex -5.6569 0.0000 -5.6569
    endloop
  endfacet
  facet normal -0.608761 0.000000 -0.793353
    outer loop
      vertex -5.1423 10.0000 -6.1284
      vertex -4.5886 10.0000 -6.5532
      vertex -4.5886 0.0000 -6.5532
    endloop
  endfacet
  facet normal -0.608761 0.000000 -0.793353
    outer loop
      vertex -5.1423 10.0000 -6.1284
      vertex -4.5886 0.0000 -6.5532
      vertex -5.1423 0.0000 -6.1284
    endloop
  endfacet
  facet normal -0.537300 0.000000 -0.843391
    outer loop
      vertex -4.5886 10.0000 -6.5532
      vertex -4.0000 10.0000 -6.9282
      vertex -4.0000 0.0000 -6.9282
    endloop
  endfacet
  facet normal -0.537300 0.000000 -0.843391
    outer loop
      vertex -4.5886 10.0000 -6.5532
      vertex -4.0000 0.0000 -6.9282
      vertex -4.5886 0.0000 -6.5532
    endloop
  endfacet
  facet normal -0.461749 0.000000 -0.887011
    outer loop
      vertex -4.0000 10.0000 -6.9282
      vertex -3.3809 10.0000 -7.2505
      vertex -3.3809 0.0000 -7.2505
    endloop
  endfacet
  facet normal -0.461749 0.000000 -0.887011
    outer loop
      vertex -4.0000 10.0000 -6.9282
      vertex -3.3809 0.0000 -7.2505
      vertex -4.0000 0.0000 -6.9282
    endloop
  endfacet
  facet normal -0.382683 0.000000 -0.923880
    outer loop
      vertex -3.3809 10.0000 -7.2505
      vertex -2.7362 10.0000 -7.5175
      vertex -2.7362 0.0000 -7.5175
    endloop
  endfacet
  facet normal -0.382683 0.000000 -0.923880
    outer loop
      vertex -3.3809 10.0000 -7.2505
      vertex -2.7362 0.0000 -7.5175
      vertex -3.3809 0.0000 -7.2505
    endloop
  endfacet
  facet normal -0.300706 0.000000 -0.953717
    outer loop
      vertex -2.7362 10.0000 -7.5175
      vertex -2.0706 10.0000 -7.7274
      vertex -2.0706 0.0000 -7.7274
    endloop
  endfacet
  facet normal -0.300706 0.000000 -0.953717
    outer loop
      vertex -2.7362 10.0000 -7.5175
      vertex -2.0706 0.0000 -7.7274
      vertex -2.7362 0.0000 -7.5175
    endloop
  endfacet
  facet normal -0.216440 0.000000 -0.976296
    outer loop
      vertex -2.0706 10.0000 -7.7274
      vertex -1.3892 10.0000 -7.8785
      vertex -1.3892 0.0000 -7.8785
    endloop
  endfacet
  facet normal -0.216440 0.000000 -0.976296
    outer loop
      vertex -2.0706 10.0000 -7.7274
      vertex -1.3892 0.0000 -7.8785
      vertex -2.0706 0.0000 -7.7274
    endloop
  endfacet
  facet normal -0.130526 0.000000 -0.991445
    outer loop
      vertex -1.3892 10.0000 -7.8785
      vertex -0.6972 10.0000 -7.9696
      vertex -0.6972 0.0000 -7.9696
    endloop
  endfacet
  facet normal -0.130526 0.000000 -0.991445
    outer loop
      vertex -1.3892 10.0000 -7.8785
      vertex -0.6972 0.0000 -7.9696
      vertex -1.3892 0.0000 -7.8785
    endloop
  endfacet
  facet normal -0.043619 0.000000 -0.999048
    outer loop
      vertex -0.6972 10.0000 -7.9696
      vertex -0.0000 10.0000 -8.0000
      vertex -0.0000 0.0000 -8.0000
    endloop
  endfacet
  facet normal -0.043619 0.000000 -0.999048
    outer loop
      vertex -0.6972 10.0000 -7.9696
      vertex -0.0000 0.0000 -8.0000
      vertex -0.6972 0.0000 -7.9696
    endloop
  endfacet
  facet normal 0.043619 0.000000 -0.999048
    outer loop
      vertex -0.0000 10.0000 -8.0000
      vertex 0.6972 10.0000 -7.9696
      vertex 0.6972 0.0000 -7.9696
    endloop
  endfacet
  facet normal 0.043619 0.000000 -0.999048
    outer loop
      vertex -0.0000 10.0000 -8.0000
      vertex 0.6972 0.0000 -7.9696
      vertex -0.0000 0.0000 -8.0000
    endloop
  endfacet
  facet normal 0.130526 0.000000 -0.991445
    outer loop
      vertex 0.6972 10.0000 -7.9696
      vertex 1.3892 10.0000 -7.8785
      vertex 1.3892 0.0000 -7.8785
    endloop
  endfacet
  facet normal 0.130526 0.000000 -0.991445
    outer loop
      vertex 0.6972 10.0000 -7.9696
      vertex 1.3892 0.0000 -7.8785
      vertex 0.6972 0.0000 -7.9696
    endloop
  endfacet
  facet normal 0.216440 0.000000 -0.976296
    outer loop
      vertex 1.3892 10.0000 -7.8785
      vertex 2.0706 10.0000 -7.7274
      vertex 2.0706 0.0000 -7.7274
    endloop
  endfacet
  facet normal 0.216440 0.000000 -0.976296
    outer loop
      vertex 1.3892 10.0000 -7.8785
      vertex 2.0706 0.0000 -7.7274
      vertex 1.3892 0.0000 -7.8785
    endloop
  endfacet
  facet normal 0.300706 0.000000 -0.953717
    outer loop
      vertex 2.0706 10.0000 -7.7274
      vertex 2.7362 10.0000 -7.5175
      vertex 2.7362 0.0000 -7.5175
    endloop
  endfacet
  facet normal 0.300706 0.000000 -0.953717
    outer loop
      vertex 2.0706 10.0000 -7.7274
      vertex 2.7362 0.0000 -7.5175
      vertex 2.0706 0.0000 -7.7274
    endloop
  endfacet
  facet normal 0.382683 0.000000 -0.923880
    outer loop
      vertex 2.7362 10.0000 -7.5175
      vertex 3.3809 10.0000 -7.2505
      vertex 3.3809 0.0000 -7.2505
    endloop
  endfacet
  facet normal 0.382683 0.000000 -0.923880
    outer loop
      vertex 2.7362 10.0000 -7.5175
      vertex 3.3809 0.0000 -7.2505
      vertex 2.7362 0.0000 -7.5175
    endloop
  endfacet
  facet normal 0.461749 0.000000 -0.887011
    outer loop
      vertex 3.3809 10.0000 -7.2505
      vertex 4.0000 10.0000 -6.9282
      vertex 4.0000 0.0000 -6.9282
    endloop
  endfacet
  facet normal 0.461749 0.000000 -0.887011
    outer loop
      vertex 3.3809 10.0000 -7.2505
      vertex 4.0000 0.0000 -6.9282
      vertex 3.3809 0.0000 -7.2505
    endloop
  endfacet
  facet normal 0.537300 0.000000 -0.843391
    outer loop
      vertex 4.0000 10.0000 -6.9282
      vertex 4.5886 10.0000 -6.5532
      vertex 4.5886 0.0000 -6.5532
    endloop
  endfacet
  facet normal 0.537300 0.000000 -0.843391
    outer loop
      vertex 4.0000 10.0000 -6.9282
      vertex 4.5886 0.0000 -6.5532
      vertex 4.0000 0.0000 -6.9282
    endloop
  endfacet
  facet normal 0.608761 0.000000 -0.793353
    outer loop
      vertex 4.5886 10.0000 -6.5532
      vertex 5.1423 10.0000 -6.1284
      vertex 5.1423 0.0000 -6.1284
    endloop
  endfacet
  facet normal 0.608761 0.000000 -0.793353
    outer loop
      vertex 4.5886 10.0000 -6.5532
      vertex 5.1423 0.0000 -6.1284
      vertex 4.5886 0.0000 -6.5532
    endloop
  endfacet
  facet normal 0.675590 0.000000 -0.737277
    outer loop
      vertex 5.1423 10.0000 -6.1284
      vertex 5.6569 10.0000 -5.6569
      vertex 5.6569 0.0000 -5.6569
    endloop
  endfacet
  facet normal 0.675590 0.000000 -0.737277
    outer loop
      vertex 5.1423 10.0000 -6.1284
      vertex 5.6569 0.0000 -5.6569
      vertex 5.1423 0.0000 -6.1284
    endloop
  endfacet
  facet normal 0.737277 0.000000 -0.675590
    outer loop
      vertex 5.6569 10.0000 -5.6569
      vertex 6.1284 10.0000 -5.1423
      vertex 6.1284 0.0000 -5.1423
    endloop
  endfacet
  facet normal 0.737277 0.000000 -0.675590
    outer loop
      vertex 5.6569 10.0000 -5.6569
      vertex 6.1284 0.0000 -5.1423
      vertex 5.6569 0.0000 -5.6569
    endloop
  endfacet
  facet normal 0.793353 0.000000 -0.608761
    outer loop
      vertex 6.1284 10.0000 -5.1423
      vertex 6.5532 10.0000 -4.5886
      vertex 6.5532 0.0000 -4.5886
    endloop
  endfacet
  facet normal 0.793353 0.000000 -0.608761
    outer loop
      vertex 6.1284 10.0000 -5.1423
      vertex 6.5532 0.0000 -4.5886
      vertex 6.1284 0.0000 -5.1423
    endloop
  endfacet
  facet normal 0.843391 0.000000 -0.537300
    outer loop
      vertex 6.5532 10.0000 -4.5886
      vertex 6.9282 10.0000 -4.0000
      vertex 6.9282 0.0000 -4.0000
    endloop
  endfacet
  facet normal 0.843391 0.000000 -0.537300
    outer loop
      vertex 6.5532 10.0000 -4.5886
      vertex 6.9282 0.0000 -4.0000
      vertex 6.5532 0.0000 -4.5886
    endloop
  endfacet
  facet normal 0.887011 0.000000 -0.461749
    outer loop
      vertex 6.9282 10.0000 -4.0000
      vertex 7.2505 10.0000 -3.3809
      vertex 7.2505 0.0000 -3.3809
    endloop
  endfacet
  facet normal 0.887011 0.000000 -0.461749
    outer loop
      vertex 6.9282 10.0000 -4.0000
      vertex 7.2505 0.0000 -3.3809
      vertex 6.9282 0.0000 -4.0000
    endloop
  endfacet
  facet normal 0.923880 0.000000 -0.382683
    outer loop
      vertex 7.2505 10.0000 -3.3809
      vertex 7.5175 10.0000 -2.7362
      vertex 7.5175 0.0000 -2.7362
    endloop
  endfacet
  facet normal 0.923880 0.000000 -0.382683
    outer loop
      vertex 7.2505 10.0000 -3.3809
      vertex 7.5175 0.0000 -2.7362
      vertex 7.2505 0.0000 -3.3809
    endloop
  endfacet
  facet normal 0.953717 0.000000 -0.300706
    outer loop
      vertex 7.5175 10.0000 -2.7362
      vertex 7.7274 10.0000 -2.0706
      vertex 7.7274 0.0000 -2.0706
    endloop
  endfacet
  facet normal 0.953717 0.000000 -0.300706
    outer loop
      vertex 7.5175 10.0000 -2.7362
      vertex 7.7274 0.0000 -2.0706
      vertex 7.5175 0.0000 -2.7362
    endloop
  endfacet
  facet normal 0.976296 0.000000 -0.216440
    outer loop
      vertex 7.7274 10.0000 -2.0706
      vertex 7.8785 10.0000 -1.3892
      vertex 7.8785 0.0000 -1.3892
    endloop
  endfacet
  facet normal 0.976296 0.000000 -0.216440
    outer loop
      vertex 7.7274 10.0000 -2.0706
      vertex 7.8785 0.0000 -1.3892
      vertex 7.7274 0.0000 -2.0706
    endloop
  endfacet
  facet normal 0.991445 0.000000 -0.130526
    outer loop
      vertex 7.8785 10.0000 -1.3892
      vertex 7.9696 10.0000 -0.6972
      vertex 7.9696 0.0000 -0.6972
    endloop
  endfacet
  facet normal 0.991445 0.000000 -0.130526
    outer loop
      vertex 7.8785 10.0000 -1.3892
      vertex 7.9696 0.0000 -0.6972
      vertex 7.8785 0.0000 -1.3892
    endloop
  endfacet
  facet normal 0.999048 0.000000 -0.043619
    outer loop
      vertex 7.9696 10.0000 -0.6972
      vertex 8.0000 10.0000 0.0000
      vertex 8.0000 0.0000 0.0000
    endloop
  endfacet
  facet normal 0.999048 0.000000 -0.043619
    outer loop
      vertex 7.9696 10.0000 -0.6972
      vertex 8.0000 0.0000 0.0000
      vertex 7.9696 0.0000 -0.6972
    endloop
  endfacet
  facet normal 0.000000 1.000000 0.000000
    outer loop
      vertex 8.0000 0.0000 0.0000
      vertex 33.8998 0.0000 2.6084
      vertex 26.0000 0.0000 0.0000
    endloop
  endfacet
  facet normal 0.000000 1.000000 0.000000
    outer loop
      vertex 8.0000 0.0000 0.0000
      vertex 7.9696 0.0000 0.6972
      vertex 33.8998 0.0000 2.6084
    endloop
  endfacet
  facet normal 0.000000 1.000000 0.000000
    outer loop
      vertex 7.9696 0.0000 0.6972
      vertex 33.4835 0.0000 5.9040
      vertex 33.8998 0.0000 2.6084
    endloop
  endfacet
  facet normal 0.000000 1.000000 0.000000
    outer loop
      vertex 7.9696 0.0000 0.6972
      vertex 7.8785 0.0000 1.3892
      vertex 33.4835 0.0000 5.9040
    endloop
  endfacet
  facet normal 0.000000 1.000000 0.000000
    outer loop
      vertex 7.8785 0.0000 1.3892
      vertex 25.1832 0.0000 6.4659
      vertex 33.4835 0.0000 5.9040
    endloop
  endfacet
  facet normal 0.000000 1.000000 0.000000
    outer loop
      vertex 7.8785 0.0000 1.3892
      vertex 7.7274 0.0000 2.0706
      vertex 25.1832 0.0000 6.4659
    endloop
  endfacet
  facet normal 0.000000 1.000000 0.000000
    outer loop
      vertex 7.7274 0.0000 2.0706
      vertex 24.4320 0.0000 8.8925
      vertex 25.1832 0.0000 6.4659
    endloop
  endfacet
  facet normal 0.000000 1.000000 0.000000
    outer loop
      vertex 7.7274 0.0000 2.0706
      vertex 7.5175 0.0000 2.7362
      vertex 24.4320 0.0000 8.8925
    endloop
  endfacet
  facet normal 0.000000 1.000000 0.000000
    outer loop
      vertex 7.5175 0.0000 2.7362
      vertex 30.9632 0.0000 14.0456
      vertex 24.4320 0.0000 8.8925
    endloop
  endfacet
  facet normal 0.000000 1.000000 0.000000
    outer loop
      vertex 7.5175 0.0000 2.7362
      vertex 7.2505 0.0000 3.3809
      vertex 30.9632 0.0000 14.0456
    endloop
  endfacet
  facet normal 0.000000 1.000000 0.000000
    outer loop
      vertex 7.2505 0.0000 3.3809
      vertex 29.4449 0.0000 17.0000
      vertex 30.9632 0.0000 14.0456
    endloop
  endfacet
  facet normal 0.000000 1.000000 0.000000
    outer loop
      vertex 7.2505 0.0000 3.3809
      vertex 6.9282 0.0000 4.0000
      vertex 29.4449 0.0000 17.0000
    endloop
  endfacet
  facet normal 0.000000 1.000000 0.000000
    outer loop
      vertex 6.9282 0.0000 4.0000
      vertex 21.4530 0.0000 14.6891
      vertex 29.4449 0.0000 17.0000
    endloop
  endfacet
  facet normal 0.000000 1.000000 0.000000
    outer loop
      vertex 6.9282 0.0000 4.0000
      vertex 6.5532 0.0000 4.5886
      vertex 21.4530 0.0000 14.6891
    endloop
  endfacet
  facet normal 0.000000 1.000000 0.000000
    outer loop
      vertex 6.5532 0.0000 4.5886
      vertex 19.9172 0.0000 16.7125
      vertex 21.4530 0.0000 14.6891
    endloop
  endfacet
  facet normal 0.000000 1.000000 0.000000
    outer loop
      vertex 6.5532 0.0000 4.5886
      vertex 6.1284 0.0000 5.1423
      vertex 19.9172 0.0000 16.7125
    endloop
  endfacet
  facet normal 0.000000 1.000000 0.000000
    outer loop
      vertex 6.1284 0.0000 5.1423
      vertex 24.2921 0.0000 23.7886
      vertex 19.9172 0.0000 16.7125
    endloop
  endfacet
  facet normal 0.000000 1.000000 0.000000
    outer loop
      vertex 6.1284 0.0000 5.1423
      vertex 5.6569 0.0000 5.6569
      vertex 24.2921 0.0000 23.7886
    endloop
  endfacet
  facet normal 0.000000 1.000000 0.000000
    outer loop
      vertex 5.6569 0.0000 5.6569
      vertex 21.8548 0.0000 26.0455
      vertex 24.2921 0.0000 23.7886
    endloop
  endfacet
  facet normal 0.000000 1.000000 0.000000
    outer loop
      vertex 5.6569 0.0000 5.6569
      vertex 5.1423 0.0000 6.1284
      vertex 21.8548 0.0000 26.0455
    endloop
  endfacet
  facet normal 0.000000 1.000000 0.000000
    outer loop
      vertex 5.1423 0.0000 6.1284
      vertex 15.1352 0.0000 21.1406
      vertex 21.8548 0.0000 26.0455
    endloop
  endfacet
  facet normal 0.000000 1.000000 0.000000
    outer loop
      vertex 5.1423 0.0000 6.1284
      vertex 4.5886 0.0000 6.5532
      vertex 15.1352 0.0000 21.1406
    endloop
  endfacet
  facet normal 0.000000 1.000000 0.000000
    outer loop
      vertex 4.5886 0.0000 6.5532
      vertex 13.0000 0.0000 22.5167
      vertex 15.1352 0.0000 21.1406
    endloop
  endfacet
  facet normal 0.000000 1.000000 0.000000
    outer loop
      vertex 4.5886 0.0000 6.5532
      vertex 4.0000 0.0000 6.9282
      vertex 13.0000 0.0000 22.5167
    endloop
  endfacet
  facet normal 0.000000 1.000000 0.000000
    outer loop
      vertex 4.0000 0.0000 6.9282
      vertex 14.6909 0.0000 30.6623
      vertex 13.0000 0.0000 22.5167
    endloop
  endfacet
  facet normal 0.000000 1.000000 0.000000
    outer loop
      vertex 4.0000 0.0000 6.9282
      vertex 3.3809 0.0000 7.2505
      vertex 14.6909 0.0000 30.6623
    endloop
  endfacet
  facet normal 0.000000 1.000000 0.000000
    outer loop
      vertex 3.3809 0.0000 7.2505
      vertex 11.6287 0.0000 31.9495
      vertex 14.6909 0.0000 30.6623
    endloop
  endfacet
  facet normal 0.000000 1.000000 0.000000
    outer loop
      vertex 3.3809 0.0000 7.2505
      vertex 2.7362 0.0000 7.5175
      vertex 11.6287 0.0000 31.9495
    endloop
  endfacet
  facet normal 0.000000 1.000000 0.000000
    outer loop
      vertex 2.7362 0.0000 7.5175
      vertex 6.9919 0.0000 25.0422
      vertex 11.6287 0.0000 31.9495
    endloop
  endfacet
  facet normal 0.000000 1.000000 0.000000
    outer loop
      vertex 2.7362 0.0000 7.5175
      vertex 2.0706 0.0000 7.7274
      vertex 6.9919 0.0000 25.0422
    endloop
  endfacet
  facet normal 0.000000 1.000000 0.000000
    outer loop
      vertex 2.0706 0.0000 7.7274
      vertex 4.5149 0.0000 25.6050
      vertex 6.9919 0.0000 25.0422
    endloop
  endfacet
  facet normal 0.000000 1.000000 0.000000
    outer loop
      vertex 2.0706 0.0000 7.7274
      vertex 1.3892 0.0000 7.8785
      vertex 4.5149 0.0000 25.6050
    endloop
  endfacet
  facet normal 0.000000 1.000000 0.000000
    outer loop
      vertex 1.3892 0.0000 7.8785
      vertex 3.3178 0.0000 33.8377
      vertex 4.5149 0.0000 25.6050
    endloop
  endfacet
  facet normal 0.000000 1.000000 0.000000
    outer loop
      vertex 1.3892 0.0000 7.8785
      vertex 0.6972 0.0000 7.9696
      vertex 3.3178 0.0000 33.8377
    endloop
  endfacet
  facet normal 0.000000 1.000000 0.000000
    outer loop
      vertex 0.6972 0.0000 7.9696
      vertex 0.0000 0.0000 34.0000
      vertex 3.3178 0.0000 33.8377
    endloop
  endfacet
  facet normal 0.000000 1.000000 0.000000
    outer loop
      vertex 0.6972 0.0000 7.9696
      vertex 0.0000 0.0000 8.0000
      vertex 0.0000 0.0000 34.0000
    endloop
  endfacet
  facet normal 0.000000 1.000000 0.000000
    outer loop
      vertex 0.0000 0.0000 8.0000
      vertex -1.9947 0.0000 25.9234
      vertex 0.0000 0.0000 34.0000
    endloop
  endfacet
  facet normal 0.000000 1.000000 0.000000
    outer loop
      vertex 0.0000 0.0000 8.0000
      vertex -0.6972 0.0000 7.9696
      vertex -1.9947 0.0000 25.9234
    endloop
  endfacet
  facet normal 0.000000 1.000000 0.000000
    outer loop
      vertex -0.6972 0.0000 7.9696
      vertex -4.5149 0.0000 25.6050
      vertex -1.9947 0.0000 25.9234
    endloop
  endfacet
  facet normal 0.000000 1.000000 0.000000
    outer loop
      vertex -0.6972 0.0000 7.9696
      vertex -1.3892 0.0000 7.8785
      vertex -4.5149 0.0000 25.6050
    endloop
  endfacet
  facet normal 0.000000 1.000000 0.000000
    outer loop
      vertex -1.3892 0.0000 7.8785
      vertex -8.4555 0.0000 32.9318
      vertex -4.5149 0.0000 25.6050
    endloop
  endfacet
  facet normal 0.000000 1.000000 0.000000
    outer loop
      vertex -1.3892 0.0000 7.8785
      vertex -2.0706 0.0000 7.7274
      vertex -8.4555 0.0000 32.9318
    endloop
  endfacet
  facet normal 0.000000 1.000000 0.000000
    outer loop
      vertex -2.0706 0.0000 7.7274
      vertex -11.6287 0.0000 31.9495
      vertex -8.4555 0.0000 32.9318
    endloop
  endfacet
  facet normal 0.000000 1.000000 0.000000
    outer loop
      vertex -2.0706 0.0000 7.7274
      vertex -2.7362 0.0000 7.5175
      vertex -11.6287 0.0000 31.9495
    endloop
  endfacet
  facet normal 0.000000 1.000000 0.000000
    outer loop
      vertex -2.7362 0.0000 7.5175
      vertex -10.7407 0.0000 23.6778
      vertex -11.6287 0.0000 31.9495
    endloop
  endfacet
  facet normal 0.000000 1.000000 0.000000
    outer loop
      vertex -2.7362 0.0000 7.5175
      vertex -3.3809 0.0000 7.2505
      vertex -10.7407 0.0000 23.6778
    endloop
  endfacet
  facet normal 0.000000 1.000000 0.000000
    outer loop
      vertex -3.3809 0.0000 7.2505
      vertex -13.0000 0.0000 22.5167
      vertex -10.7407 0.0000 23.6778
    endloop
  endfacet
  facet normal 0.000000 1.000000 0.000000
    outer loop
      vertex -3.3809 0.0000 7.2505
      vertex -4.0000 0.0000 6.9282
      vertex -13.0000 0.0000 22.5167
    endloop
  endfacet
  facet normal 0.000000 1.000000 0.000000
    outer loop
      vertex -4.0000 0.0000 6.9282
      vertex -19.2089 0.0000 28.0539
      vertex -13.0000 0.0000 22.5167
    endloop
  endfacet
  facet normal 0.000000 1.000000 0.000000
    outer loop
      vertex -4.0000 0.0000 6.9282
      vertex -4.5886 0.0000 6.5532
      vertex -19.2089 0.0000 28.0539
    endloop
  endfacet
  facet normal 0.000000 1.000000 0.000000
    outer loop
      vertex -4.5886 0.0000 6.5532
      vertex -21.8548 0.0000 26.0455
      vertex -19.2089 0.0000 28.0539
    endloop
  endfacet
  facet normal 0.000000 1.000000 0.000000
    outer loop
      vertex -4.5886 0.0000 6.5532
      vertex -5.1423 0.0000 6.1284
      vertex -21.8548 0.0000 26.0455
    endloop
  endfacet
  facet normal 0.000000 1.000000 0.000000
    outer loop
      vertex -5.1423 0.0000 6.1284
      vertex -18.1912 0.0000 18.5763
      vertex -21.8548 0.0000 26.0455
    endloop
  endfacet
  facet normal 0.000000 1.000000 0.000000
    outer loop
      vertex -5.1423 0.0000 6.1284
      vertex -5.6569 0.0000 5.6569
      vertex -18.1912 0.0000 18.5763
    endloop
  endfacet
  facet normal 0.000000 1.000000 0.000000
    outer loop
      vertex -5.6569 0.0000 5.6569
      vertex -19.9172 0.0000 16.7125
      vertex -18.1912 0.0000 18.5763
    endloop
  endfacet
  facet normal 0.000000 1.000000 0.000000
    outer loop
      vertex -5.6569 0.0000 5.6569
      vertex -6.1284 0.0000 5.1423
      vertex -19.9172 0.0000 16.7125
    endloop
  endfacet
  facet normal 0.000000 1.000000 0.000000
    outer loop
      vertex -6.1284 0.0000 5.1423
      vertex -27.6454 0.0000 19.7922
      vertex -19.9172 0.0000 16.7125
    endloop
  endfacet
  facet normal 0.000000 1.000000 0.000000
    outer loop
      vertex -6.1284 0.0000 5.1423
      vertex -6.5532 0.0000 4.5886
      vertex -27.6454 0.0000 19.7922
    endloop
  endfacet
  facet normal 0.000000 1.000000 0.000000
    outer loop
      vertex -6.5532 0.0000 4.5886
      vertex -29.4449 0.0000 17.0000
      vertex -27.6454 0.0000 19.7922
    endloop
  endfacet
  facet normal 0.000000 1.000000 0.000000
    outer loop
      vertex -6.5532 0.0000 4.5886
      vertex -6.9282 0.0000 4.0000
      vertex -29.4449 0.0000 17.0000
    endloop
  endfacet
  facet normal 0.000000 1.000000 0.000000
    outer loop
      vertex -6.9282 0.0000 4.0000
      vertex -23.4476 0.0000 11.2342
      vertex -29.4449 0.0000 17.0000
    endloop
  endfacet
  facet normal 0.000000 1.000000 0.000000
    outer loop
      vertex -6.9282 0.0000 4.0000
      vertex -7.2505 0.0000 3.3809
      vertex -23.4476 0.0000 11.2342
    endloop
  endfacet
  facet normal 0.000000 1.000000 0.000000
    outer loop
      vertex -7.2505 0.0000 3.3809
      vertex -24.4320 0.0000 8.8925
      vertex -23.4476 0.0000 11.2342
    endloop
  endfacet
  facet normal 0.000000 1.000000 0.000000
    outer loop
      vertex -7.2505 0.0000 3.3809
      vertex -7.5175 0.0000 2.7362
      vertex -24.4320 0.0000 8.8925
    endloop
  endfacet
  facet normal 0.000000 1.000000 0.000000
    outer loop
      vertex -7.5175 0.0000 2.7362
      vertex -32.7475 0.0000 9.1433
      vertex -24.4320 0.0000 8.8925
    endloop
  endfacet
  facet normal 0.000000 1.000000 0.000000
    outer loop
      vertex -7.5175 0.0000 2.7362
      vertex -7.7274 0.0000 2.0706
      vertex -32.7475 0.0000 9.1433
    endloop
  endfacet
  facet normal 0.000000 1.000000 0.000000
    outer loop
      vertex -7.7274 0.0000 2.0706
      vertex -33.4835 0.0000 5.9040
      vertex -32.7475 0.0000 9.1433
    endloop
  endfacet
  facet normal 0.000000 1.000000 0.000000
    outer loop
      vertex -7.7274 0.0000 2.0706
      vertex -7.8785 0.0000 1.3892
      vertex -33.4835 0.0000 5.9040
    endloop
  endfacet
  facet normal 0.000000 1.000000 0.000000
    outer loop
      vertex -7.8785 0.0000 1.3892
      vertex -25.8759 0.0000 2.5372
      vertex -33.4835 0.0000 5.9040
    endloop
  endfacet
  facet normal 0.000000 1.000000 0.000000
    outer loop
      vertex -7.8785 0.0000 1.3892
      vertex -7.9696 0.0000 0.6972
      vertex -25.8759 0.0000 2.5372
    endloop
  endfacet
  facet normal 0.000000 1.000000 0.000000
    outer loop
      vertex -7.9696 0.0000 0.6972
      vertex -26.0000 0.0000 0.0000
      vertex -25.8759 0.0000 2.5372
    endloop
  endfacet
  facet normal 0.000000 1.000000 0.000000
    outer loop
      vertex -7.9696 0.0000 0.6972
      vertex -8.0000 0.0000 0.0000
      vertex -26.0000 0.0000 0.0000
    endloop
  endfacet
  facet normal 0.000000 1.000000 0.000000
    outer loop
      vertex -8.0000 0.0000 0.0000
      vertex -33.8998 0.0000 -2.6084
      vertex -26.0000 0.0000 0.0000
    endloop
  endfacet
  facet normal 0.000000 1.000000 0.000000
    outer loop
      vertex -8.0000 0.0000 0.0000
      vertex -7.9696 0.0000 -0.6972
      vertex -33.8998 0.0000 -2.6084
    endloop
  endfacet
  facet normal 0.000000 1.000000 0.000000
    outer loop
      vertex -7.9696 0.0000 -0.6972
      vertex -33.4835 0.0000 -5.9040
      vertex -33.8998 0.0000 -2.6084
    endloop
  endfacet
  facet normal 0.000000 1.000000 0.000000
    outer loop
      vertex -7.9696 0.0000 -0.6972
      vertex -7.8785 0.0000 -1.3892
      vertex -33.4835 0.0000 -5.9040
    endloop
  endfacet
  facet normal 0.000000 1.000000 0.000000
    outer loop
      vertex -7.8785 0.0000 -1.3892
      vertex -25.1832 0.0000 -6.4659
      vertex -33.4835 0.0000 -5.9040
    endloop
  endfacet
  facet normal 0.000000 1.000000 0.000000
    outer loop
      vertex -7.8785 0.0000 -1.3892
      vertex -7.7274 0.0000 -2.0706
      vertex -25.1832 0.0000 -6.4659
    endloop
  endfacet
  facet normal 0.000000 1.000000 0.000000
    outer loop
      vertex -7.7274 0.0000 -2.0706
      vertex -24.4320 0.0000 -8.8925
      vertex -25.1832 0.0000 -6.4659
    endloop
  endfacet
  facet normal 0.000000 1.000000 0.000000
    outer loop
      vertex -7.7274 0.0000 -2.0706
      vertex -7.5175 0.0000 -2.7362
      vertex -24.4320 0.0000 -8.8925
    endloop
  endfacet
  facet normal 0.000000 1.000000 0.000000
    outer loop
      vertex -7.5175 0.0000 -2.7362
      vertex -30.9632 0.0000 -14.0456
      vertex -24.4320 0.0000 -8.8925
    endloop
  endfacet
  facet normal 0.000000 1.000000 0.000000
    outer loop
      vertex -7.5175 0.0000 -2.7362
      vertex -7.2505 0.0000 -3.3809
      vertex -30.9632 0.0000 -14.0456
    endloop
  endfacet
  facet normal 0.000000 1.000000 0.000000
    outer loop
      vertex -7.2505 0.0000 -3.3809
      vertex -29.4449 0.0000 -17.0000
      vertex -30.9632 0.0000 -14.0456
    endloop
  endfacet
  facet normal 0.000000 1.000000 0.000000
    outer loop
      vertex -7.2505 0.0000 -3.3809
      vertex -6.9282 0.0000 -4.0000
      vertex -29.4449 0.0000 -17.0000
    endloop
  endfacet
  facet normal 0.000000 1.000000 0.000000
    outer loop
      vertex -6.9282 0.0000 -4.0000
      vertex -21.4530 0.0000 -14.6891
      vertex -29.4449 0.0000 -17.0000
    endloop
  endfacet
  facet normal 0.000000 1.000000 0.000000
    outer loop
      vertex -6.9282 0.0000 -4.0000
      vertex -6.5532 0.0000 -4.5886
      vertex -21.4530 0.0000 -14.6891
    endloop
  endfacet
  facet normal 0.000000 1.000000 0.000000
    outer loop
      vertex -6.5532 0.0000 -4.5886
      vertex -19.9172 0.0000 -16.7125
      vertex -21.4530 0.0000 -14.6891
    endloop
  endfacet
  facet normal 0.000000 1.000000 0.000000
    outer loop
      vertex -6.5532 0.0000 -4.5886
      vertex -6.1284 0.0000 -5.1423
      vertex -19.9172 0.0000 -16.7125
    endloop
  endfacet
  facet normal 0.000000 1.000000 0.000000
    outer loop
      vertex -6.1284 0.0000 -5.1423
      vertex -24.2921 0.0000 -23.7886
      vertex -19.9172 0.0000 -16.7125
    endloop
  endfacet
  facet normal 0.000000 1.000000 0.000000
    outer loop
      vertex -6.1284 0.0000 -5.1423
      vertex -5.6569 0.0000 -5.6569
      vertex -24.2921 0.0000 -23.7886
    endloop
  endfacet
  facet normal 0.000000 1.000000 0.000000
    outer loop
      vertex -5.6569 0.0000 -5.6569
      vertex -21.8548 0.0000 -26.0455
      vertex -24.2921 0.0000 -23.7886
    endloop
  endfacet
  facet normal 0.000000 1.000000 0.000000
    outer loop
      vertex -5.6569 0.0000 -5.6569
      vertex -5.1423 0.0000 -6.1284
      vertex -21.8548 0.0000 -26.0455
    endloop
  endfacet
  facet normal 0.000000 1.000000 0.000000
    outer loop
      vertex -5.1423 0.0000 -6.1284
      vertex -15.1352 0.0000 -21.1406
      vertex -21.8548 0.0000 -26.0455
    endloop
  endfacet
  facet normal 0.000000 1.000000 0.000000
    outer loop
      vertex -5.1423 0.0000 -6.1284
      vertex -4.5886 0.0000 -6.5532
      vertex -15.1352 0.0000 -21.1406
    endloop
  endfacet
  facet normal 0.000000 1.000000 0.000000
    outer loop
      vertex -4.5886 0.0000 -6.5532
      vertex -13.0000 0.0000 -22.5167
      vertex -15.1352 0.0000 -21.1406
    endloop
  endfacet
  facet normal 0.000000 1.000000 0.000000
    outer loop
      vertex -4.5886 0.0000 -6.5532
      vertex -4.0000 0.0000 -6.9282
      vertex -13.0000 0.0000 -22.5167
    endloop
  endfacet
  facet normal 0.000000 1.000000 0.000000
    outer loop
      vertex -4.0000 0.0000 -6.9282
      vertex -14.6909 0.0000 -30.6623
      vertex -13.0000 0.0000 -22.5167
    endloop
  endfacet
  facet normal 0.000000 1.000000 0.000000
    outer loop
      vertex -4.0000 0.0000 -6.9282
      vertex -3.3809 0.0000 -7.2505
      vertex -14.6909 0.0000 -30.6623
    endloop
  endfacet
  facet normal 0.000000 1.000000 0.000000
    outer loop
      vertex -3.3809 0.0000 -7.2505
      vertex -11.6287 0.0000 -31.9495
      vertex -14.6909 0.0000 -30.6623
    endloop
  endfacet
  facet normal 0.000000 1.000000 0.000000
    outer loop
      vertex -3.3809 0.0000 -7.2505
      vertex -2.7362 0.0000 -7.5175
      vertex -11.6287 0.0000 -31.9495
    endloop
  endfacet
  facet normal 0.000000 1.000000 0.000000
    outer loop
      vertex -2.7362 0.0000 -7.5175
      vertex -6.9919 0.0000 -25.0422
      vertex -11.6287 0.0000 -31.9495
    endloop
  endfacet
  facet normal 0.000000 1.000000 0.000000
    outer loop
      vertex -2.7362 0.0000 -7.5175
      vertex -2.0706 0.0000 -7.7274
      vertex -6.9919 0.0000 -25.0422
    endloop
  endfacet
  facet normal 0.000000 1.000000 0.000000
    outer loop
      vertex -2.0706 0.0000 -7.7274
      vertex -4.5149 0.0000 -25.6050
      vertex -6.9919 0.0000 -25.0422
    endloop
  endfacet
  facet normal 0.000000 1.000000 0.000000
    outer loop
      vertex -2.0706 0.0000 -7.7274
      vertex -1.3892 0.0000 -7.8785
      vertex -4.5149 0.0000 -25.6050
    endloop
  endfacet
  facet normal 0.000000 1.000000 0.000000
    outer loop
      vertex -1.3892 0.0000 -7.8785
      vertex -3.3178 0.0000 -33.8377
      vertex -4.5149 0.0000 -25.6050
    endloop
  endfacet
  facet normal 0.000000 1.000000 0.000000
    outer loop
      vertex -1.3892 0.0000 -7.8785
      vertex -0.6972 0.0000 -7.9696
      vertex -3.3178 0.0000 -33.8377
    endloop
  endfacet
  facet normal 0.000000 1.000000 0.000000
    outer loop
      vertex -0.6972 0.0000 -7.9696
      vertex -0.0000 0.0000 -34.0000
      vertex -3.3178 0.0000 -33.8377
    endloop
  endfacet
  facet normal 0.000000 1.000000 0.000000
    outer loop
      vertex -0.6972 0.0000 -7.9696
      vertex -0.0000 0.0000 -8.0000
      vertex -0.0000 0.0000 -34.0000
    endloop
  endfacet
  facet normal 0.000000 1.000000 0.000000
    outer loop
      vertex -0.0000 0.0000 -8.0000
      vertex 1.9947 0.0000 -25.9234
      vertex -0.0000 0.0000 -34.0000
    endloop
  endfacet
  facet normal 0.000000 1.000000 0.000000
    outer loop
      vertex -0.0000 0.0000 -8.0000
      vertex 0.6972 0.0000 -7.9696
      vertex 1.9947 0.0000 -25.9234
    endloop
  endfacet
  facet normal 0.000000 1.000000 0.000000
    outer loop
      vertex 0.6972 0.0000 -7.9696
      vertex 4.5149 0.0000 -25.6050
      vertex 1.9947 0.0000 -25.9234
    endloop
  endfacet
  facet normal 0.000000 1.000000 0.000000
    outer loop
      vertex 0.6972 0.0000 -7.9696
      vertex 1.3892 0.0000 -7.8785
      vertex 4.5149 0.0000 -25.6050
    endloop
  endfacet
  facet normal 0.000000 1.000000 0.000000
    outer loop
      vertex 1.3892 0.0000 -7.8785
      vertex 8.4555 0.0000 -32.9318
      vertex 4.5149 0.0000 -25.6050
    endloop
  endfacet
  facet normal 0.000000 1.000000 0.000000
    outer loop
      vertex 1.3892 0.0000 -7.8785
      vertex 2.0706 0.0000 -7.7274
      vertex 8.4555 0.0000 -32.9318
    endloop
  endfacet
  facet normal 0.000000 1.000000 0.000000
    outer loop
      vertex 2.0706 0.0000 -7.7274
      vertex 11.6287 0.0000 -31.9495
      vertex 8.4555 0.0000 -32.9318
    endloop
  endfacet
  facet normal 0.000000 1.000000 0.000000
    outer loop
      vertex 2.0706 0.0000 -7.7274
      vertex 2.7362 0.0000 -7.5175
      vertex 11.6287 0.0000 -31.9495
    endloop
  endfacet
  facet normal 0.000000 1.000000 0.000000
    outer loop
      vertex 2.7362 0.0000 -7.5175
      vertex 10.7407 0.0000 -23.6778
      vertex 11.6287 0.0000 -31.9495
    endloop
  endfacet
  facet normal 0.000000 1.000000 0.000000
    outer loop
      vertex 2.7362 0.0000 -7.5175
      vertex 3.3809 0.0000 -7.2505
      vertex 10.7407 0.0000 -23.6778
    endloop
  endfacet
  facet normal 0.000000 1.000000 0.000000
    outer loop
      vertex 3.3809 0.0000 -7.2505
      vertex 13.0000 0.0000 -22.5167
      vertex 10.7407 0.0000 -23.6778
    endloop
  endfacet
  facet normal 0.000000 1.000000 0.000000
    outer loop
      vertex 3.3809 0.0000 -7.2505
      vertex 4.0000 0.0000 -6.9282
      vertex 13.0000 0.0000 -22.5167
    endloop
  endfacet
  facet normal 0.000000 1.000000 0.000000
    outer loop
      vertex 4.0000 0.0000 -6.9282
      vertex 19.2089 0.0000 -28.0539
      vertex 13.0000 0.0000 -22.5167
    endloop
  endfacet
  facet normal 0.000000 1.000000 0.000000
    outer loop
      vertex 4.0000 0.0000 -6.9282
      vertex 4.5886 0.0000 -6.5532
      vertex 19.2089 0.0000 -28.0539
    endloop
  endfacet
  facet normal 0.000000 1.000000 0.000000
    outer loop
      vertex 4.5886 0.0000 -6.5532
      vertex 21.8548 0.0000 -26.0455
      vertex 19.2089 0.0000 -28.0539
    endloop
  endfacet
  facet normal 0.000000 1.000000 0.000000
    outer loop
      vertex 4.5886 0.0000 -6.5532
      vertex 5.1423 0.0000 -6.1284
      vertex 21.8548 0.0000 -26.0455
    endloop
  endfacet
  facet normal 0.000000 1.000000 0.000000
    outer loop
      vertex 5.1423 0.0000 -6.1284
      vertex 18.1912 0.0000 -18.5763
      vertex 21.8548 0.0000 -26.0455
    endloop
  endfacet
  facet normal 0.000000 1.000000 0.000000
    outer loop
      vertex 5.1423 0.0000 -6.1284
      vertex 5.6569 0.0000 -5.6569
      vertex 18.1912 0.0000 -18.5763
    endloop
  endfacet
  facet normal 0.000000 1.000000 0.000000
    outer loop
      vertex 5.6569 0.0000 -5.6569
      vertex 19.9172 0.0000 -16.7125
      vertex 18.1912 0.0000 -18.5763
    endloop
  endfacet
  facet normal 0.000000 1.000000 0.000000
    outer loop
      vertex 5.6569 0.0000 -5.6569
      vertex 6.1284 0.0000 -5.1423
      vertex 19.9172 0.0000 -16.7125
    endloop
  endfacet
  facet normal 0.000000 1.000000 0.000000
    outer loop
      vertex 6.1284 0.0000 -5.1423
      vertex 27.6454 0.0000 -19.7922
      vertex 19.9172 0.0000 -16.7125
    endloop
  endfacet
  facet normal 0.000000 1.000000 0.000000
    outer loop
      vertex 6.1284 0.0000 -5.1423
      vertex 6.5532 0.0000 -4.5886
      vertex 27.6454 0.0000 -19.7922
    endloop
  endfacet
  facet normal 0.000000 1.000000 0.000000
    outer loop
      vertex 6.5532 0.0000 -4.5886
      vertex 29.4449 0.0000 -17.0000
      vertex 27.6454 0.0000 -19.7922
    endloop
  endfacet
  facet normal 0.000000 1.000000 0.000000
    outer loop
      vertex 6.5532 0.0000 -4.5886
      vertex 6.9282 0.0000 -4.0000
      vertex 29.4449 0.0000 -17.0000
    endloop
  endfacet
  facet normal 0.000000 1.000000 0.000000
    outer loop
      vertex 6.9282 0.0000 -4.0000
      vertex 23.4476 0.0000 -11.2342
      vertex 29.4449 0.0000 -17.0000
    endloop
  endfacet
  facet normal 0.000000 1.000000 0.000000
    outer loop
      vertex 6.9282 0.0000 -4.0000
      vertex 7.2505 0.0000 -3.3809
      vertex 23.4476 0.0000 -11.2342
    endloop
  endfacet
  facet normal 0.000000 1.000000 0.000000
    outer loop
      vertex 7.2505 0.0000 -3.3809
      vertex 24.4320 0.0000 -8.8925
      vertex 23.4476 0.0000 -11.2342
    endloop
  endfacet
  facet normal 0.000000 1.000000 0.000000
    outer loop
      vertex 7.2505 0.0000 -3.3809
      vertex 7.5175 0.0000 -2.7362
      vertex 24.4320 0.0000 -8.8925
    endloop
  endfacet
  facet normal 0.000000 1.000000 0.000000
    outer loop
      vertex 7.5175 0.0000 -2.7362
      vertex 32.7475 0.0000 -9.1433
      vertex 24.4320 0.0000 -8.8925
    endloop
  endfacet
  facet normal 0.000000 1.000000 0.000000
    outer loop
      vertex 7.5175 0.0000 -2.7362
      vertex 7.7274 0.0000 -2.0706
      vertex 32.7475 0.0000 -9.1433
    endloop
  endfacet
  facet normal 0.000000 1.000000 0.000000
    outer loop
      vertex 7.7274 0.0000 -2.0706
      vertex 33.4835 0.0000 -5.9040
      vertex 32.7475 0.0000 -9.1433
    endloop
  endfacet
  facet normal 0.000000 1.000000 0.000000
    outer loop
      vertex 7.7274 0.0000 -2.0706
      vertex 7.8785 0.0000 -1.3892
      vertex 33.4835 0.0000 -5.9040
    endloop
  endfacet
  facet normal 0.000000 1.000000 0.000000
    outer loop
      vertex 7.8785 0.0000 -1.3892
      vertex 25.8759 0.0000 -2.5372
      vertex 33.4835 0.0000 -5.9040
    endloop
  endfacet
  facet normal 0.000000 1.000000 0.000000
    outer loop
      vertex 7.8785 0.0000 -1.3892
      vertex 7.9696 0.0000 -0.6972
      vertex 25.8759 0.0000 -2.5372
    endloop
  endfacet
  facet normal 0.000000 1.000000 0.000000
    outer loop
      vertex 7.9696 0.0000 -0.6972
      vertex 26.0000 0.0000 0.0000
      vertex 25.8759 0.0000 -2.5372
    endloop
  endfacet
  facet normal 0.000000 1.000000 0.000000
    outer loop
      vertex 7.9696 0.0000 -0.6972
      vertex 8.0000 0.0000 0.0000
      vertex 26.0000 0.0000 0.0000
    endloop
  endfacet
  facet normal 0.000000 -1.000000 0.000000
    outer loop
      vertex 8.0000 10.0000 0.0000
      vertex 26.0000 10.0000 0.0000
      vertex 33.8998 10.0000 2.6084
    endloop
  endfacet
  facet normal 0.000000 -1.000000 0.000000
    outer loop
      vertex 8.0000 10.0000 0.0000
      vertex 33.8998 10.0000 2.6084
      vertex 7.9696 10.0000 0.6972
    endloop
  endfacet
  facet normal 0.000000 -1.000000 0.000000
    outer loop
      vertex 7.9696 10.0000 0.6972
      vertex 33.8998 10.0000 2.6084
      vertex 33.4835 10.0000 5.9040
    endloop
  endfacet
  facet normal 0.000000 -1.000000 0.000000
    outer loop
      vertex 7.9696 10.0000 0.6972
      vertex 33.4835 10.0000 5.9040
      vertex 7.8785 10.0000 1.3892
    endloop
  endfacet
  facet normal 0.000000 -1.000000 0.000000
    outer loop
      vertex 7.8785 10.0000 1.3892
      vertex 33.4835 10.0000 5.9040
      vertex 25.1832 10.0000 6.4659
    endloop
  endfacet
  facet normal 0.000000 -1.000000 0.000000
    outer loop
      vertex 7.8785 10.0000 1.3892
      vertex 25.1832 10.0000 6.4659
      vertex 7.7274 10.0000 2.0706
    endloop
  endfacet
  facet normal 0.000000 -1.000000 0.000000
    outer loop
      vertex 7.7274 10.0000 2.0706
      vertex 25.1832 10.0000 6.4659
      vertex 24.4320 10.0000 8.8925
    endloop
  endfacet
  facet normal 0.000000 -1.000000 0.000000
    outer loop
      vertex 7.7274 10.0000 2.0706
      vertex 24.4320 10.0000 8.8925
      vertex 7.5175 10.0000 2.7362
    endloop
  endfacet
  facet normal 0.000000 -1.000000 0.000000
    outer loop
      vertex 7.5175 10.0000 2.7362
      vertex 24.4320 10.0000 8.8925
      vertex 30.9632 10.0000 14.0456
    endloop
  endfacet
  facet normal 0.000000 -1.000000 0.000000
    outer loop
      vertex 7.5175 10.0000 2.7362
      vertex 30.9632 10.0000 14.0456
      vertex 7.2505 10.0000 3.3809
    endloop
  endfacet
  facet normal 0.000000 -1.000000 0.000000
    outer loop
      vertex 7.2505 10.0000 3.3809
      vertex 30.9632 10.0000 14.0456
      vertex 29.4449 10.0000 17.0000
    endloop
  endfacet
  facet normal 0.000000 -1.000000 0.000000
    outer loop
      vertex 7.2505 10.0000 3.3809
      vertex 29.4449 10.0000 17.0000
      vertex 6.9282 10.0000 4.0000
    endloop
  endfacet
  facet normal 0.000000 -1.000000 0.000000
    outer loop
      vertex 6.9282 10.0000 4.0000
      vertex 29.4449 10.0000 17.0000
      vertex 21.4530 10.0000 14.6891
    endloop
  endfacet
  facet normal 0.000000 -1.000000 0.000000
    outer loop
      vertex 6.9282 10.0000 4.0000
      vertex 21.4530 10.0000 14.6891
      vertex 6.5532 10.0000 4.5886
    endloop
  endfacet
  facet normal 0.000000 -1.000000 0.000000
    outer loop
      vertex 6.5532 10.0000 4.5886
      vertex 21.4530 10.0000 14.6891
      vertex 19.9172 10.0000 16.7125
    endloop
  endfacet
  facet normal 0.000000 -1.000000 0.000000
    outer loop
      vertex 6.5532 10.0000 4.5886
      vertex 19.9172 10.0000 16.7125
      vertex 6.1284 10.0000 5.1423
    endloop
  endfacet
  facet normal 0.000000 -1.000000 0.000000
    outer loop
      vertex 6.1284 10.0000 5.1423
      vertex 19.9172 10.0000 16.7125
      vertex 24.2921 10.0000 23.7886
    endloop
  endfacet
  facet normal 0.000000 -1.000000 0.000000
    outer loop
      vertex 6.1284 10.0000 5.1423
      vertex 24.2921 10.0000 23.7886
      vertex 5.6569 10.0000 5.6569
    endloop
  endfacet
  facet normal 0.000000 -1.000000 0.000000
    outer loop
      vertex 5.6569 10.0000 5.6569
      vertex 24.2921 10.0000 23.7886
      vertex 21.8548 10.0000 26.0455
    endloop
  endfacet
  facet normal 0.000000 -1.000000 0.000000
    outer loop
      vertex 5.6569 10.0000 5.6569
      vertex 21.8548 10.0000 26.0455
      vertex 5.1423 10.0000 6.1284
    endloop
  endfacet
  facet normal 0.000000 -1.000000 0.000000
    outer loop
      vertex 5.1423 10.0000 6.1284
      vertex 21.8548 10.0000 26.0455
      vertex 15.1352 10.0000 21.1406
    endloop
  endfacet
  facet normal 0.000000 -1.000000 0.000000
    outer loop
      vertex 5.1423 10.0000 6.1284
      vertex 15.1352 10.0000 21.1406
      vertex 4.5886 10.0000 6.5532
    endloop
  endfacet
  facet normal 0.000000 -1.000000 0.000000
    outer loop
      vertex 4.5886 10.0000 6.5532
      vertex 15.1352 10.0000 21.1406
      vertex 13.0000 10.0000 22.5167
    endloop
  endfacet
  facet normal 0.000000 -1.000000 0.000000
    outer loop
      vertex 4.5886 10.0000 6.5532
      vertex 13.0000 10.0000 22.5167
      vertex 4.0000 10.0000 6.9282
    endloop
  endfacet
  facet normal 0.000000 -1.000000 0.000000
    outer loop
      vertex 4.0000 10.0000 6.9282
      vertex 13.0000 10.0000 22.5167
      vertex 14.6909 10.0000 30.6623
    endloop
  endfacet
  facet normal 0.000000 -1.000000 0.000000
    outer loop
      vertex 4.0000 10.0000 6.9282
      vertex 14.6909 10.0000 30.6623
      vertex 3.3809 10.0000 7.2505
    endloop
  endfacet
  facet normal 0.000000 -1.000000 0.000000
    outer loop
      vertex 3.3809 10.0000 7.2505
      vertex 14.6909 10.0000 30.6623
      vertex 11.6287 10.0000 31.9495
    endloop
  endfacet
  facet normal 0.000000 -1.000000 0.000000
    outer loop
      vertex 3.3809 10.0000 7.2505
      vertex 11.6287 10.0000 31.9495
      vertex 2.7362 10.0000 7.5175
    endloop
  endfacet
  facet normal 0.000000 -1.000000 0.000000
    outer loop
      vertex 2.7362 10.0000 7.5175
      vertex 11.6287 10.0000 31.9495
      vertex 6.9919 10.0000 25.0422
    endloop
  endfacet
  facet normal 0.000000 -1.000000 0.000000
    outer loop
      vertex 2.7362 10.0000 7.5175
      vertex 6.9919 10.0000 25.0422
      vertex 2.0706 10.0000 7.7274
    endloop
  endfacet
  facet normal 0.000000 -1.000000 0.000000
    outer loop
      vertex 2.0706 10.0000 7.7274
      vertex 6.9919 10.0000 25.0422
      vertex 4.5149 10.0000 25.6050
    endloop
  endfacet
  facet normal 0.000000 -1.000000 0.000000
    outer loop
      vertex 2.0706 10.0000 7.7274
      vertex 4.5149 10.0000 25.6050
      vertex 1.3892 10.0000 7.8785
    endloop
  endfacet
  facet normal 0.000000 -1.000000 0.000000
    outer loop
      vertex 1.3892 10.0000 7.8785
      vertex 4.5149 10.0000 25.6050
      vertex 3.3178 10.0000 33.8377
    endloop
  endfacet
  facet normal 0.000000 -1.000000 0.000000
    outer loop
      vertex 1.3892 10.0000 7.8785
      vertex 3.3178 10.0000 33.8377
      vertex 0.6972 10.0000 7.9696
    endloop
  endfacet
  facet normal 0.000000 -1.000000 0.000000
    outer loop
      vertex 0.6972 10.0000 7.9696
      vertex 3.3178 10.0000 33.8377
      vertex 0.0000 10.0000 34.0000
    endloop
  endfacet
  facet normal 0.000000 -1.000000 0.000000
    outer loop
      vertex 0.6972 10.0000 7.9696
      vertex 0.0000 10.0000 34.0000
      vertex 0.0000 10.0000 8.0000
    endloop
  endfacet
  facet normal 0.000000 -1.000000 0.000000
    outer loop
      vertex 0.0000 10.0000 8.0000
      vertex 0.0000 10.0000 34.0000
      vertex -1.9947 10.0000 25.9234
    endloop
  endfacet
  facet normal 0.000000 -1.000000 0.000000
    outer loop
      vertex 0.0000 10.0000 8.0000
      vertex -1.9947 10.0000 25.9234
      vertex -0.6972 10.0000 7.9696
    endloop
  endfacet
  facet normal 0.000000 -1.000000 0.000000
    outer loop
      vertex -0.6972 10.0000 7.9696
      vertex -1.9947 10.0000 25.9234
      vertex -4.5149 10.0000 25.6050
    endloop
  endfacet
  facet normal 0.000000 -1.000000 0.000000
    outer loop
      vertex -0.6972 10.0000 7.9696
      vertex -4.5149 10.0000 25.6050
      vertex -1.3892 10.0000 7.8785
    endloop
  endfacet
  facet normal 0.000000 -1.000000 0.000000
    outer loop
      vertex -1.3892 10.0000 7.8785
      vertex -4.5149 10.0000 25.6050
      vertex -8.4555 10.0000 32.9318
    endloop
  endfacet
  facet normal 0.000000 -1.000000 0.000000
    outer loop
      vertex -1.3892 10.0000 7.8785
      vertex -8.4555 10.0000 32.9318
      vertex -2.0706 10.0000 7.7274
    endloop
  endfacet
  facet normal 0.000000 -1.000000 0.000000
    outer loop
      vertex -2.0706 10.0000 7.7274
      vertex -8.4555 10.0000 32.9318
      vertex -11.6287 10.0000 31.9495
    endloop
  endfacet
  facet normal 0.000000 -1.000000 0.000000
    outer loop
      vertex -2.0706 10.0000 7.7274
      vertex -11.6287 10.0000 31.9495
      vertex -2.7362 10.0000 7.5175
    endloop
  endfacet
  facet normal 0.000000 -1.000000 0.000000
    outer loop
      vertex -2.7362 10.0000 7.5175
      vertex -11.6287 10.0000 31.9495
      vertex -10.7407 10.0000 23.6778
    endloop
  endfacet
  facet normal 0.000000 -1.000000 0.000000
    outer loop
      vertex -2.7362 10.0000 7.5175
      vertex -10.7407 10.0000 23.6778
      vertex -3.3809 10.0000 7.2505
    endloop
  endfacet
  facet normal 0.000000 -1.000000 0.000000
    outer loop
      vertex -3.3809 10.0000 7.2505
      vertex -10.7407 10.0000 23.6778
      vertex -13.0000 10.0000 22.5167
    endloop
  endfacet
  facet normal 0.000000 -1.000000 0.000000
    outer loop
      vertex -3.3809 10.0000 7.2505
      vertex -13.0000 10.0000 22.5167
      vertex -4.0000 10.0000 6.9282
    endloop
  endfacet
  facet normal 0.000000 -1.000000 0.000000
    outer loop
      vertex -4.0000 10.0000 6.9282
      vertex -13.0000 10.0000 22.5167
      vertex -19.2089 10.0000 28.0539
    endloop
  endfacet
  facet normal 0.000000 -1.000000 0.000000
    outer loop
      vertex -4.0000 10.0000 6.9282
      vertex -19.2089 10.0000 28.0539
      vertex -4.5886 10.0000 6.5532
    endloop
  endfacet
  facet normal 0.000000 -1.000000 0.000000
    outer loop
      vertex -4.5886 10.0000 6.5532
      vertex -19.2089 10.0000 28.0539
      vertex -21.8548 10.0000 26.0455
    endloop
  endfacet
  facet normal 0.000000 -1.000000 0.000000
    outer loop
      vertex -4.5886 10.0000 6.5532
      vertex -21.8548 10.0000 26.0455
      vertex -5.1423 10.0000 6.1284
    endloop
  endfacet
  facet normal 0.000000 -1.000000 0.000000
    outer loop
      vertex -5.1423 10.0000 6.1284
      vertex -21.8548 10.0000 26.0455
      vertex -18.1912 10.0000 18.5763
    endloop
  endfacet
  facet normal 0.000000 -1.000000 0.000000
    outer loop
      vertex -5.1423 10.0000 6.1284
      vertex -18.1912 10.0000 18.5763
      vertex -5.6569 10.0000 5.6569
    endloop
  endfacet
  facet normal 0.000000 -1.000000 0.000000
    outer loop
      vertex -5.6569 10.0000 5.6569
      vertex -18.1912 10.0000 18.5763
      vertex -19.9172 10.0000 16.7125
    endloop
  endfacet
  facet normal 0.000000 -1.000000 0.000000
    outer loop
      vertex -5.6569 10.0000 5.6569
      vertex -19.9172 10.0000 16.7125
      vertex -6.1284 10.0000 5.1423
    endloop
  endfacet
  facet normal 0.000000 -1.000000 0.000000
    outer loop
      vertex -6.1284 10.0000 5.1423
      vertex -19.9172 10.0000 16.7125
      vertex -27.6454 10.0000 19.7922
    endloop
  endfacet
  facet normal 0.000000 -1.000000 0.000000
    outer loop
      vertex -6.1284 10.0000 5.1423
      vertex -27.6454 10.0000 19.7922
      vertex -6.5532 10.0000 4.5886
    endloop
  endfacet
  facet normal 0.000000 -1.000000 0.000000
    outer loop
      vertex -6.5532 10.0000 4.5886
      vertex -27.6454 10.0000 19.7922
      vertex -29.4449 10.0000 17.0000
    endloop
  endfacet
  facet normal 0.000000 -1.000000 0.000000
    outer loop
      vertex -6.5532 10.0000 4.5886
      vertex -29.4449 10.0000 17.0000
      vertex -6.9282 10.0000 4.0000
    endloop
  endfacet
  facet normal 0.000000 -1.000000 0.000000
    outer loop
      vertex -6.9282 10.0000 4.0000
      vertex -29.4449 10.0000 17.0000
      vertex -23.4476 10.0000 11.2342
    endloop
  endfacet
  facet normal 0.000000 -1.000000 0.000000
    outer loop
      vertex -6.9282 10.0000 4.0000
      vertex -23.4476 10.0000 11.2342
      vertex -7.2505 10.0000 3.3809
    endloop
  endfacet
  facet normal 0.000000 -1.000000 0.000000
    outer loop
      vertex -7.2505 10.0000 3.3809
      vertex -23.4476 10.0000 11.2342
      vertex -24.4320 10.0000 8.8925
    endloop
  endfacet
  facet normal 0.000000 -1.000000 0.000000
    outer loop
      vertex -7.2505 10.0000 3.3809
      vertex -24.4320 10.0000 8.8925
      vertex -7.5175 10.0000 2.7362
    endloop
  endfacet
  facet normal 0.000000 -1.000000 0.000000
    outer loop
      vertex -7.5175 10.0000 2.7362
      vertex -24.4320 10.0000 8.8925
      vertex -32.7475 10.0000 9.1433
    endloop
  endfacet
  facet normal 0.000000 -1.000000 0.000000
    outer loop
      vertex -7.5175 10.0000 2.7362
      vertex -32.7475 10.0000 9.1433
      vertex -7.7274 10.0000 2.0706
    endloop
  endfacet
  facet normal 0.000000 -1.000000 0.000000
    outer loop
      vertex -7.7274 10.0000 2.0706
      vertex -32.7475 10.0000 9.1433
      vertex -33.4835 10.0000 5.9040
    endloop
  endfacet
  facet normal 0.000000 -1.000000 0.000000
    outer loop
      vertex -7.7274 10.0000 2.0706
      vertex -33.4835 10.0000 5.9040
      vertex -7.8785 10.0000 1.3892
    endloop
  endfacet
  facet normal 0.000000 -1.000000 0.000000
    outer loop
      vertex -7.8785 10.0000 1.3892
      vertex -33.4835 10.0000 5.9040
      vertex -25.8759 10.0000 2.5372
    endloop
  endfacet
  facet normal 0.000000 -1.000000 0.000000
    outer loop
      vertex -7.8785 10.0000 1.3892
      vertex -25.8759 10.0000 2.5372
      vertex -7.9696 10.0000 0.6972
    endloop
  endfacet
  facet normal 0.000000 -1.000000 0.000000
    outer loop
      vertex -7.9696 10.0000 0.6972
      vertex -25.8759 10.0000 2.5372
      vertex -26.0000 10.0000 0.0000
    endloop
  endfacet
  facet normal 0.000000 -1.000000 0.000000
    outer loop
      vertex -7.9696 10.0000 0.6972
      vertex -26.0000 10.0000 0.0000
      vertex -8.0000 10.0000 0.0000
    endloop
  endfacet
  facet normal 0.000000 -1.000000 0.000000
    outer loop
      vertex -8.0000 10.0000 0.0000
      vertex -26.0000 10.0000 0.0000
      vertex -33.8998 10.0000 -2.6084
    endloop
  endfacet
  facet normal 0.000000 -1.000000 0.000000
    outer loop
      vertex -8.0000 10.0000 0.0000
      vertex -33.8998 10.0000 -2.6084
      vertex -7.9696 10.0000 -0.6972
    endloop
  endfacet
  facet normal 0.000000 -1.000000 0.000000
    outer loop
      vertex -7.9696 10.0000 -0.6972
      vertex -33.8998 10.0000 -2.6084
      vertex -33.4835 10.0000 -5.9040
    endloop
  endfacet
  facet normal 0.000000 -1.000000 0.000000
    outer loop
      vertex -7.9696 10.0000 -0.6972
      vertex -33.4835 10.0000 -5.9040
      vertex -7.8785 10.0000 -1.3892
    endloop
  endfacet
  facet normal 0.000000 -1.000000 0.000000
    outer loop
      vertex -7.8785 10.0000 -1.3892
      vertex -33.4835 10.0000 -5.9040
      vertex -25.1832 10.0000 -6.4659
    endloop
  endfacet
  facet normal 0.000000 -1.000000 0.000000
    outer loop
      vertex -7.8785 10.0000 -1.3892
      vertex -25.1832 10.0000 -6.4659
      vertex -7.7274 10.0000 -2.0706
    endloop
  endfacet
  facet normal 0.000000 -1.000000 0.000000
    outer loop
      vertex -7.7274 10.0000 -2.0706
      vertex -25.1832 10.0000 -6.4659
      vertex -24.4320 10.0000 -8.8925
    endloop
  endfacet
  facet normal 0.000000 -1.000000 0.000000
    outer loop
      vertex -7.7274 10.0000 -2.0706
      vertex -24.4320 10.0000 -8.8925
      vertex -7.5175 10.0000 -2.7362
    endloop
  endfacet
  facet normal 0.000000 -1.000000 0.000000
    outer loop
      vertex -7.5175 10.0000 -2.7362
      vertex -24.4320 10.0000 -8.8925
      vertex -30.9632 10.0000 -14.0456
    endloop
  endfacet
  facet normal 0.000000 -1.000000 0.000000
    outer loop
      vertex -7.5175 10.0000 -2.7362
      vertex -30.9632 10.0000 -14.0456
      vertex -7.2505 10.0000 -3.3809
    endloop
  endfacet
  facet normal 0.000000 -1.000000 0.000000
    outer loop
      vertex -7.2505 10.0000 -3.3809
      vertex -30.9632 10.0000 -14.0456
      vertex -29.4449 10.0000 -17.0000
    endloop
  endfacet
  facet normal 0.000000 -1.000000 0.000000
    outer loop
      vertex -7.2505 10.0000 -3.3809
      vertex -29.4449 10.0000 -17.0000
      vertex -6.9282 10.0000 -4.0000
    endloop
  endfacet
  facet normal 0.000000 -1.000000 0.000000
    outer loop
      vertex -6.9282 10.0000 -4.0000
      vertex -29.4449 10.0000 -17.0000
      vertex -21.4530 10.0000 -14.6891
    endloop
  endfacet
  facet normal 0.000000 -1.000000 0.000000
    outer loop
      vertex -6.9282 10.0000 -4.0000
      vertex -21.4530 10.0000 -14.6891
      vertex -6.5532 10.0000 -4.5886
    endloop
  endfacet
  facet normal 0.000000 -1.000000 0.000000
    outer loop
      vertex -6.5532 10.0000 -4.5886
      vertex -21.4530 10.0000 -14.6891
      vertex -19.9172 10.0000 -16.7125
    endloop
  endfacet
  facet normal 0.000000 -1.000000 0.000000
    outer loop
      vertex -6.5532 10.0000 -4.5886
      vertex -19.9172 10.0000 -16.7125
      vertex -6.1284 10.0000 -5.1423
    endloop
  endfacet
  facet normal 0.000000 -1.000000 0.000000
    outer loop
      vertex -6.1284 10.0000 -5.1423
      vertex -19.9172 10.0000 -16.7125
      vertex -24.2921 10.0000 -23.7886
    endloop
  endfacet
  facet normal 0.000000 -1.000000 0.000000
    outer loop
      vertex -6.1284 10.0000 -5.1423
      vertex -24.2921 10.0000 -23.7886
      vertex -5.6569 10.0000 -5.6569
    endloop
  endfacet
  facet normal 0.000000 -1.000000 0.000000
    outer loop
      vertex -5.6569 10.0000 -5.6569
      vertex -24.2921 10.0000 -23.7886
      vertex -21.8548 10.0000 -26.0455
    endloop
  endfacet
  facet normal 0.000000 -1.000000 0.000000
    outer loop
      vertex -5.6569 10.0000 -5.6569
      vertex -21.8548 10.0000 -26.0455
      vertex -5.1423 10.0000 -6.1284
    endloop
  endfacet
  facet normal 0.000000 -1.000000 0.000000
    outer loop
      vertex -5.1423 10.0000 -6.1284
      vertex -21.8548 10.0000 -26.0455
      vertex -15.1352 10.0000 -21.1406
    endloop
  endfacet
  facet normal 0.000000 -1.000000 0.000000
    outer loop
      vertex -5.1423 10.0000 -6.1284
      vertex -15.1352 10.0000 -21.1406
      vertex -4.5886 10.0000 -6.5532
    endloop
  endfacet
  facet normal 0.000000 -1.000000 0.000000
    outer loop
      vertex -4.5886 10.0000 -6.5532
      vertex -15.1352 10.0000 -21.1406
      vertex -13.0000 10.0000 -22.5167
    endloop
  endfacet
  facet normal 0.000000 -1.000000 0.000000
    outer loop
      vertex -4.5886 10.0000 -6.5532
      vertex -13.0000 10.0000 -22.5167
      vertex -4.0000 10.0000 -6.9282
    endloop
  endfacet
  facet normal 0.000000 -1.000000 0.000000
    outer loop
      vertex -4.0000 10.0000 -6.9282
      vertex -13.0000 10.0000 -22.5167
      vertex -14.6909 10.0000 -30.6623
    endloop
  endfacet
  facet normal 0.000000 -1.000000 0.000000
    outer loop
      vertex -4.0000 10.0000 -6.9282
      vertex -14.6909 10.0000 -30.6623
      vertex -3.3809 10.0000 -7.2505
    endloop
  endfacet
  facet normal 0.000000 -1.000000 0.000000
    outer loop
      vertex -3.3809 10.0000 -7.2505
      vertex -14.6909 10.0000 -30.6623
      vertex -11.6287 10.0000 -31.9495
    endloop
  endfacet
  facet normal 0.000000 -1.000000 0.000000
    outer loop
      vertex -3.3809 10.0000 -7.2505
      vertex -11.6287 10.0000 -31.9495
      vertex -2.7362 10.0000 -7.5175
    endloop
  endfacet
  facet normal 0.000000 -1.000000 0.000000
    outer loop
      vertex -2.7362 10.0000 -7.5175
      vertex -11.6287 10.0000 -31.9495
      vertex -6.9919 10.0000 -25.0422
    endloop
  endfacet
  facet normal 0.000000 -1.000000 0.000000
    outer loop
      vertex -2.7362 10.0000 -7.5175
      vertex -6.9919 10.0000 -25.0422
      vertex -2.0706 10.0000 -7.7274
    endloop
  endfacet
  facet normal 0.000000 -1.000000 0.000000
    outer loop
      vertex -2.0706 10.0000 -7.7274
      vertex -6.9919 10.0000 -25.0422
      vertex -4.5149 10.0000 -25.6050
    endloop
  endfacet
  facet normal 0.000000 -1.000000 0.000000
    outer loop
      vertex -2.0706 10.0000 -7.7274
      vertex -4.5149 10.0000 -25.6050
      vertex -1.3892 10.0000 -7.8785
    endloop
  endfacet
  facet normal 0.000000 -1.000000 0.000000
    outer loop
      vertex -1.3892 10.0000 -7.8785
      vertex -4.5149 10.0000 -25.6050
      vertex -3.3178 10.0000 -33.8377
    endloop
  endfacet
  facet normal 0.000000 -1.000000 0.000000
    outer loop
      vertex -1.3892 10.0000 -7.8785
      vertex -3.3178 10.0000 -33.8377
      vertex -0.6972 10.0000 -7.9696
    endloop
  endfacet
  facet normal 0.000000 -1.000000 0.000000
    outer loop
      vertex -0.6972 10.0000 -7.9696
      vertex -3.3178 10.0000 -33.8377
      vertex -0.0000 10.0000 -34.0000
    endloop
  endfacet
  facet normal 0.000000 -1.000000 0.000000
    outer loop
      vertex -0.6972 10.0000 -7.9696
      vertex -0.0000 10.0000 -34.0000
      vertex -0.0000 10.0000 -8.0000
    endloop
  endfacet
  facet normal 0.000000 -1.000000 0.000000
    outer loop
      vertex -0.0000 10.0000 -8.0000
      vertex -0.0000 10.0000 -34.0000
      vertex 1.9947 10.0000 -25.9234
    endloop
  endfacet
  facet normal 0.000000 -1.000000 0.000000
    outer loop
      vertex -0.0000 10.0000 -8.0000
      vertex 1.9947 10.0000 -25.9234
      vertex 0.6972 10.0000 -7.9696
    endloop
  endfacet
  facet normal 0.000000 -1.000000 0.000000
    outer loop
      vertex 0.6972 10.0000 -7.9696
      vertex 1.9947 10.0000 -25.9234
      vertex 4.5149 10.0000 -25.6050
    endloop
  endfacet
  facet normal 0.000000 -1.000000 0.000000
    outer loop
      vertex 0.6972 10.0000 -7.9696
      vertex 4.5149 10.0000 -25.6050
      vertex 1.3892 10.0000 -7.8785
    endloop
  endfacet
  facet normal 0.000000 -1.000000 0.000000
    outer loop
      vertex 1.3892 10.0000 -7.8785
      vertex 4.5149 10.0000 -25.6050
      vertex 8.4555 10.0000 -32.9318
    endloop
  endfacet
  facet normal 0.000000 -1.000000 0.000000
    outer loop
      vertex 1.3892 10.0000 -7.8785
      vertex 8.4555 10.0000 -32.9318
      vertex 2.0706 10.0000 -7.7274
    endloop
  endfacet
  facet normal 0.000000 -1.000000 0.000000
    outer loop
      vertex 2.0706 10.0000 -7.7274
      vertex 8.4555 10.0000 -32.9318
      vertex 11.6287 10.0000 -31.9495
    endloop
  endfacet
  facet normal 0.000000 -1.000000 0.000000
    outer loop
      vertex 2.0706 10.0000 -7.7274
      vertex 11.6287 10.0000 -31.9495
      vertex 2.7362 10.0000 -7.5175
    endloop
  endfacet
  facet normal 0.000000 -1.000000 0.000000
    outer loop
      vertex 2.7362 10.0000 -7.5175
      vertex 11.6287 10.0000 -31.9495
      vertex 10.7407 10.0000 -23.6778
    endloop
  endfacet
  facet normal 0.000000 -1.000000 0.000000
    outer loop
      vertex 2.7362 10.0000 -7.5175
      vertex 10.7407 10.0000 -23.6778
      vertex 3.3809 10.0000 -7.2505
    endloop
  endfacet
  facet normal 0.000000 -1.000000 0.000000
    outer loop
      vertex 3.3809 10.0000 -7.2505
      vertex 10.7407 10.0000 -23.6778
      vertex 13.0000 10.0000 -22.5167
    endloop
  endfacet
  facet normal 0.000000 -1.000000 0.000000
    outer loop
      vertex 3.3809 10.0000 -7.2505
      vertex 13.0000 10.0000 -22.5167
      vertex 4.0000 10.0000 -6.9282
    endloop
  endfacet
  facet normal 0.000000 -1.000000 0.000000
    outer loop
      vertex 4.0000 10.0000 -6.9282
      vertex 13.0000 10.0000 -22.5167
      vertex 19.2089 10.0000 -28.0539
    endloop
  endfacet
  facet normal 0.000000 -1.000000 0.000000
    outer loop
      vertex 4.0000 10.0000 -6.9282
      vertex 19.2089 10.0000 -28.0539
      vertex 4.5886 10.0000 -6.5532
    endloop
  endfacet
  facet normal 0.000000 -1.000000 0.000000
    outer loop
      vertex 4.5886 10.0000 -6.5532
      vertex 19.2089 10.0000 -28.0539
      vertex 21.8548 10.0000 -26.0455
    endloop
  endfacet
  facet normal 0.000000 -1.000000 0.000000
    outer loop
      vertex 4.5886 10.0000 -6.5532
      vertex 21.8548 10.0000 -26.0455
      vertex 5.1423 10.0000 -6.1284
    endloop
  endfacet
  facet normal 0.000000 -1.000000 0.000000
    outer loop
      vertex 5.1423 10.0000 -6.1284
      vertex 21.8548 10.0000 -26.0455
      vertex 18.1912 10.0000 -18.5763
    endloop
  endfacet
  facet normal 0.000000 -1.000000 0.000000
    outer loop
      vertex 5.1423 10.0000 -6.1284
      vertex 18.1912 10.0000 -18.5763
      vertex 5.6569 10.0000 -5.6569
    endloop
  endfacet
  facet normal 0.000000 -1.000000 0.000000
    outer loop
      vertex 5.6569 10.0000 -5.6569
      vertex 18.1912 10.0000 -18.5763
      vertex 19.9172 10.0000 -16.7125
    endloop
  endfacet
  facet normal 0.000000 -1.000000 0.000000
    outer loop
      vertex 5.6569 10.0000 -5.6569
      vertex 19.9172 10.0000 -16.7125
      vertex 6.1284 10.0000 -5.1423
    endloop
  endfacet
  facet normal 0.000000 -1.000000 0.000000
    outer loop
      vertex 6.1284 10.0000 -5.1423
      vertex 19.9172 10.0000 -16.7125
      vertex 27.6454 10.0000 -19.7922
    endloop
  endfacet
  facet normal 0.000000 -1.000000 0.000000
    outer loop
      vertex 6.1284 10.0000 -5.1423
      vertex 27.6454 10.0000 -19.7922
      vertex 6.5532 10.0000 -4.5886
    endloop
  endfacet
  facet normal 0.000000 -1.000000 0.000000
    outer loop
      vertex 6.5532 10.0000 -4.5886
      vertex 27.6454 10.0000 -19.7922
      vertex 29.4449 10.0000 -17.0000
    endloop
  endfacet
  facet normal 0.000000 -1.000000 0.000000
    outer loop
      vertex 6.5532 10.0000 -4.5886
      vertex 29.4449 10.0000 -17.0000
      vertex 6.9282 10.0000 -4.0000
    endloop
  endfacet
  facet normal 0.000000 -1.000000 0.000000
    outer loop
      vertex 6.9282 10.0000 -4.0000
      vertex 29.4449 10.0000 -17.0000
      vertex 23.4476 10.0000 -11.2342
    endloop
  endfacet
  facet normal 0.000000 -1.000000 0.000000
    outer loop
      vertex 6.9282 10.0000 -4.0000
      vertex 23.4476 10.0000 -11.2342
      vertex 7.2505 10.0000 -3.3809
    endloop
  endfacet
  facet normal 0.000000 -1.000000 0.000000
    outer loop
      vertex 7.2505 10.0000 -3.3809
      vertex 23.4476 10.0000 -11.2342
      vertex 24.4320 10.0000 -8.8925
    endloop
  endfacet
  facet normal 0.000000 -1.000000 0.000000
    outer loop
      vertex 7.2505 10.0000 -3.3809
      vertex 24.4320 10.0000 -8.8925
      vertex 7.5175 10.0000 -2.7362
    endloop
  endfacet
  facet normal 0.000000 -1.000000 0.000000
    outer loop
      vertex 7.5175 10.0000 -2.7362
      vertex 24.4320 10.0000 -8.8925
      vertex 32.7475 10.0000 -9.1433
    endloop
  endfacet
  facet normal 0.000000 -1.000000 0.000000
    outer loop
      vertex 7.5175 10.0000 -2.7362
      vertex 32.7475 10.0000 -9.1433
      vertex 7.7274 10.0000 -2.0706
    endloop
  endfacet
  facet normal 0.000000 -1.000000 0.000000
    outer loop
      vertex 7.7274 10.0000 -2.0706
      vertex 32.7475 10.0000 -9.1433
      vertex 33.4835 10.0000 -5.9040
    endloop
  endfacet
  facet normal 0.000000 -1.000000 0.000000
    outer loop
      vertex 7.7274 10.0000 -2.0706
      vertex 33.4835 10.0000 -5.9040
      vertex 7.8785 10.0000 -1.3892
    endloop
  endfacet
  facet normal 0.000000 -1.000000 0.000000
    outer loop
      vertex 7.8785 10.0000 -1.3892
      vertex 33.4835 10.0000 -5.9040
      vertex 25.8759 10.0000 -2.5372
    endloop
  endfacet
  facet normal 0.000000 -1.000000 0.000000
    outer loop
      vertex 7.8785 10.0000 -1.3892
      vertex 25.8759 10.0000 -2.5372
      vertex 7.9696 10.0000 -0.6972
    endloop
  endfacet
  facet normal 0.000000 -1.000000 0.000000
    outer loop
      vertex 7.9696 10.0000 -0.6972
      vertex 25.8759 10.0000 -2.5372
      vertex 26.0000 10.0000 0.0000
    endloop
  endfacet
  facet normal 0.000000 -1.000000 0.000000
    outer loop
      vertex 7.9696 10.0000 -0.6972
      vertex 26.0000 10.0000 0.0000
      vertex 8.0000 10.0000 0.0000
    endloop
  endfacet
endsolid gear
